date,hospital,blood_group,demand,units_collected,stock_on_hand,units_used,units_expired,units_expiring_soon,shortage,is_weekend,is_holiday,is_dengue_season,day_of_week,month,year,week_of_year
2021-01-01,Hospital_A,O_positive,51,57,361,51,0,0,0,0,0,0,4,1,2021,53
2021-01-02,Hospital_A,O_positive,35,41,367,35,0,0,0,1,0,0,5,1,2021,53
2021-01-03,Hospital_A,O_positive,36,51,382,36,0,0,0,1,0,0,6,1,2021,53
2021-01-04,Hospital_A,O_positive,53,53,382,53,0,0,0,0,0,0,0,1,2021,1
2021-01-05,Hospital_A,O_positive,48,50,384,48,0,0,0,0,0,0,1,1,2021,1
2021-01-06,Hospital_A,O_positive,39,41,386,39,0,0,0,0,0,0,2,1,2021,1
2021-01-07,Hospital_A,O_positive,52,49,383,52,0,0,0,0,0,0,3,1,2021,1
2021-01-08,Hospital_A,O_positive,55,61,389,55,0,0,0,0,0,0,4,1,2021,1
2021-01-09,Hospital_A,O_positive,31,34,392,31,0,0,0,1,0,0,5,1,2021,1
2021-01-10,Hospital_A,O_positive,35,53,410,35,0,0,0,1,0,0,6,1,2021,1
2021-01-11,Hospital_A,O_positive,50,60,420,50,0,0,0,0,0,0,0,1,2021,2
2021-01-12,Hospital_A,O_positive,38,39,421,38,0,0,0,0,0,0,1,1,2021,2
2021-01-13,Hospital_A,O_positive,39,41,423,39,0,0,0,0,0,0,2,1,2021,2
2021-01-14,Hospital_A,O_positive,52,38,409,52,0,0,0,0,0,0,3,1,2021,2
2021-01-15,Hospital_A,O_positive,52,57,414,52,0,0,0,0,0,0,4,1,2021,2
2021-01-16,Hospital_A,O_positive,28,33,419,28,0,0,0,1,0,0,5,1,2021,2
2021-01-17,Hospital_A,O_positive,26,32,425,26,0,0,0,1,0,0,6,1,2021,2
2021-01-18,Hospital_A,O_positive,58,56,423,58,0,0,0,0,0,0,0,1,2021,3
2021-01-19,Hospital_A,O_positive,44,49,428,44,0,0,0,0,0,0,1,1,2021,3
2021-01-20,Hospital_A,O_positive,35,41,434,35,0,0,0,0,0,0,2,1,2021,3
2021-01-21,Hospital_A,O_positive,46,47,435,46,0,0,0,0,0,0,3,1,2021,3
2021-01-22,Hospital_A,O_positive,46,44,433,46,0,0,0,0,0,0,4,1,2021,3
2021-01-23,Hospital_A,O_positive,26,30,437,26,0,0,0,1,0,0,5,1,2021,3
2021-01-24,Hospital_A,O_positive,27,27,437,27,0,0,0,1,0,0,6,1,2021,3
2021-01-25,Hospital_A,O_positive,49,63,451,49,0,0,0,0,0,0,0,1,2021,4
2021-01-26,Hospital_A,O_positive,29,28,450,29,0,0,0,0,1,0,1,1,2021,4
2021-01-27,Hospital_A,O_positive,64,82,468,64,0,0,0,0,0,0,2,1,2021,4
2021-01-28,Hospital_A,O_positive,45,56,479,45,0,0,0,0,0,0,3,1,2021,4
2021-01-29,Hospital_A,O_positive,44,49,484,44,0,0,0,0,0,0,4,1,2021,4
2021-01-30,Hospital_A,O_positive,34,39,489,34,0,0,0,1,0,0,5,1,2021,4
2021-01-31,Hospital_A,O_positive,40,43,492,40,0,0,0,1,0,0,6,1,2021,4
2021-02-01,Hospital_A,O_positive,59,70,503,59,0,0,0,0,0,0,0,2,2021,5
2021-02-02,Hospital_A,O_positive,44,56,515,44,0,0,0,0,0,0,1,2,2021,5
2021-02-03,Hospital_A,O_positive,46,35,504,46,0,0,0,0,0,0,2,2,2021,5
2021-02-04,Hospital_A,O_positive,50,67,521,50,0,0,0,0,0,0,3,2,2021,5
2021-02-05,Hospital_A,O_positive,47,56,530,47,0,0,0,0,0,0,4,2,2021,5
2021-02-06,Hospital_A,O_positive,34,40,536,34,0,0,0,1,0,0,5,2,2021,5
2021-02-07,Hospital_A,O_positive,24,30,542,24,0,0,0,1,0,0,6,2,2021,5
2021-02-08,Hospital_A,O_positive,56,52,538,56,0,0,0,0,0,0,0,2,2021,6
2021-02-09,Hospital_A,O_positive,45,56,549,45,0,0,0,0,0,0,1,2,2021,6
2021-02-10,Hospital_A,O_positive,45,42,546,45,0,0,0,0,0,0,2,2,2021,6
2021-02-11,Hospital_A,O_positive,46,45,545,46,0,0,0,0,0,0,3,2,2021,6
2021-02-12,Hospital_A,O_positive,42,50,553,42,0,0,0,0,0,0,4,2,2021,6
2021-02-13,Hospital_A,O_positive,40,55,568,40,0,0,0,1,0,0,5,2,2021,6
2021-02-14,Hospital_A,O_positive,23,25,570,23,0,0,0,1,0,0,6,2,2021,6
2021-02-15,Hospital_A,O_positive,57,62,575,57,0,0,0,0,0,0,0,2,2021,7
2021-02-16,Hospital_A,O_positive,39,34,570,39,0,0,0,0,0,0,1,2,2021,7
2021-02-17,Hospital_A,O_positive,42,44,572,42,0,0,0,0,0,0,2,2,2021,7
2021-02-18,Hospital_A,O_positive,41,47,578,41,0,0,0,0,0,0,3,2,2021,7
2021-02-19,Hospital_A,O_positive,70,72,580,70,0,0,0,0,0,0,4,2,2021,7
2021-02-20,Hospital_A,O_positive,36,38,582,36,0,0,0,1,0,0,5,2,2021,7
2021-02-21,Hospital_A,O_positive,23,29,588,23,0,0,0,1,0,0,6,2,2021,7
2021-02-22,Hospital_A,O_positive,68,73,593,68,0,0,0,0,0,0,0,2,2021,8
2021-02-23,Hospital_A,O_positive,52,56,597,52,0,0,0,0,0,0,1,2,2021,8
2021-02-24,Hospital_A,O_positive,47,49,599,47,0,0,0,0,0,0,2,2,2021,8
2021-02-25,Hospital_A,O_positive,41,43,601,41,0,0,0,0,0,0,3,2,2021,8
2021-02-26,Hospital_A,O_positive,54,59,606,54,0,0,0,0,0,0,4,2,2021,8
2021-02-27,Hospital_A,O_positive,34,47,619,34,0,0,0,1,0,0,5,2,2021,8
2021-02-28,Hospital_A,O_positive,35,47,631,35,0,0,0,1,0,0,6,2,2021,8
2021-03-01,Hospital_A,O_positive,61,62,632,61,0,0,0,0,0,0,0,3,2021,9
2021-03-02,Hospital_A,O_positive,36,39,635,36,0,0,0,0,0,0,1,3,2021,9
2021-03-03,Hospital_A,O_positive,43,38,630,43,0,0,0,0,0,0,2,3,2021,9
2021-03-04,Hospital_A,O_positive,54,77,653,54,0,0,0,0,0,0,3,3,2021,9
2021-03-05,Hospital_A,O_positive,35,38,656,35,0,0,0,0,0,0,4,3,2021,9
2021-03-06,Hospital_A,O_positive,42,38,652,42,0,0,0,1,0,0,5,3,2021,9
2021-03-07,Hospital_A,O_positive,37,44,659,37,0,0,0,1,0,0,6,3,2021,9
2021-03-08,Hospital_A,O_positive,62,60,657,62,0,0,0,0,0,0,0,3,2021,10
2021-03-09,Hospital_A,O_positive,46,43,654,46,0,0,0,0,0,0,1,3,2021,10
2021-03-10,Hospital_A,O_positive,47,65,672,47,0,0,0,0,0,0,2,3,2021,10
2021-03-11,Hospital_A,O_positive,43,55,684,43,0,0,0,0,0,0,3,3,2021,10
2021-03-12,Hospital_A,O_positive,44,49,689,44,0,0,0,0,0,0,4,3,2021,10
2021-03-13,Hospital_A,O_positive,23,17,683,23,0,0,0,1,0,0,5,3,2021,10
2021-03-14,Hospital_A,O_positive,25,25,683,25,0,0,0,1,0,0,6,3,2021,10
2021-03-15,Hospital_A,O_positive,46,48,685,46,0,0,0,0,0,0,0,3,2021,11
2021-03-16,Hospital_A,O_positive,35,30,680,35,0,0,0,0,0,0,1,3,2021,11
2021-03-17,Hospital_A,O_positive,38,43,685,38,0,0,0,0,0,0,2,3,2021,11
2021-03-18,Hospital_A,O_positive,49,47,683,49,0,0,0,0,0,0,3,3,2021,11
2021-03-19,Hospital_A,O_positive,45,60,698,45,0,0,0,0,0,0,4,3,2021,11
2021-03-20,Hospital_A,O_positive,18,20,700,18,0,0,0,1,0,0,5,3,2021,11
2021-03-21,Hospital_A,O_positive,27,27,700,27,0,0,0,1,0,0,6,3,2021,11
2021-03-22,Hospital_A,O_positive,37,42,705,37,0,0,0,0,0,0,0,3,2021,12
2021-03-23,Hospital_A,O_positive,35,33,703,35,0,0,0,0,0,0,1,3,2021,12
2021-03-24,Hospital_A,O_positive,57,50,696,57,0,0,0,0,0,0,2,3,2021,12
2021-03-25,Hospital_A,O_positive,48,56,704,48,0,0,0,0,0,0,3,3,2021,12
2021-03-26,Hospital_A,O_positive,46,60,718,46,0,0,0,0,0,0,4,3,2021,12
2021-03-27,Hospital_A,O_positive,31,25,712,31,0,0,0,1,0,0,5,3,2021,12
2021-03-28,Hospital_A,O_positive,27,26,711,27,0,0,0,1,0,0,6,3,2021,12
2021-03-29,Hospital_A,O_positive,28,35,718,28,0,0,0,0,1,0,0,3,2021,13
2021-03-30,Hospital_A,O_positive,42,38,714,42,0,0,0,0,0,0,1,3,2021,13
2021-03-31,Hospital_A,O_positive,49,67,732,49,0,0,0,0,0,0,2,3,2021,13
2021-04-01,Hospital_A,O_positive,56,67,743,56,0,0,0,0,0,0,3,4,2021,13
2021-04-02,Hospital_A,O_positive,46,39,736,46,0,0,0,0,0,0,4,4,2021,13
2021-04-03,Hospital_A,O_positive,37,51,750,37,0,0,0,1,0,0,5,4,2021,13
2021-04-04,Hospital_A,O_positive,28,37,759,28,0,0,0,1,0,0,6,4,2021,13
2021-04-05,Hospital_A,O_positive,58,67,768,58,0,0,0,0,0,0,0,4,2021,14
2021-04-06,Hospital_A,O_positive,47,51,772,47,0,0,0,0,0,0,1,4,2021,14
2021-04-07,Hospital_A,O_positive,34,34,772,34,0,0,0,0,0,0,2,4,2021,14
2021-04-08,Hospital_A,O_positive,47,52,777,47,0,0,0,0,0,0,3,4,2021,14
2021-04-09,Hospital_A,O_positive,59,53,771,59,0,0,0,0,0,0,4,4,2021,14
2021-04-10,Hospital_A,O_positive,23,25,773,23,0,0,0,1,0,0,5,4,2021,14
2021-04-11,Hospital_A,O_positive,33,30,770,33,0,0,0,1,0,0,6,4,2021,14
2021-04-12,Hospital_A,O_positive,54,62,778,54,0,0,0,0,0,0,0,4,2021,15
2021-04-13,Hospital_A,O_positive,45,46,779,45,0,0,0,0,0,0,1,4,2021,15
2021-04-14,Hospital_A,O_positive,36,37,780,36,0,0,0,0,0,0,2,4,2021,15
2021-04-15,Hospital_A,O_positive,48,48,780,48,0,0,0,0,0,0,3,4,2021,15
2021-04-16,Hospital_A,O_positive,48,64,796,48,0,0,0,0,0,0,4,4,2021,15
2021-04-17,Hospital_A,O_positive,36,40,800,36,0,0,0,1,0,0,5,4,2021,15
2021-04-18,Hospital_A,O_positive,28,27,799,28,0,0,0,1,0,0,6,4,2021,15
2021-04-19,Hospital_A,O_positive,68,81,812,68,0,0,0,0,0,0,0,4,2021,16
2021-04-20,Hospital_A,O_positive,50,55,817,50,0,0,0,0,0,0,1,4,2021,16
2021-04-21,Hospital_A,O_positive,51,56,822,51,0,0,0,0,0,0,2,4,2021,16
2021-04-22,Hospital_A,O_positive,60,58,820,60,0,0,0,0,0,0,3,4,2021,16
2021-04-23,Hospital_A,O_positive,48,61,833,48,0,0,0,0,0,0,4,4,2021,16
2021-04-24,Hospital_A,O_positive,35,40,838,35,0,0,0,1,0,0,5,4,2021,16
2021-04-25,Hospital_A,O_positive,38,29,829,38,0,0,0,1,0,0,6,4,2021,16
2021-04-26,Hospital_A,O_positive,53,63,839,53,0,0,0,0,0,0,0,4,2021,17
2021-04-27,Hospital_A,O_positive,51,60,848,51,0,0,0,0,0,0,1,4,2021,17
2021-04-28,Hospital_A,O_positive,54,56,850,54,0,0,0,0,0,0,2,4,2021,17
2021-04-29,Hospital_A,O_positive,48,45,847,48,0,0,0,0,0,0,3,4,2021,17
2021-04-30,Hospital_A,O_positive,55,67,859,55,0,0,0,0,0,0,4,4,2021,17
2021-05-01,Hospital_A,O_positive,49,46,856,49,0,0,0,1,0,0,5,5,2021,17
2021-05-02,Hospital_A,O_positive,38,31,849,38,0,0,0,1,0,0,6,5,2021,17
2021-05-03,Hospital_A,O_positive,67,74,856,67,0,0,0,0,0,0,0,5,2021,18
2021-05-04,Hospital_A,O_positive,53,48,851,53,0,0,0,0,0,0,1,5,2021,18
2021-05-05,Hospital_A,O_positive,36,37,852,36,0,0,0,0,0,0,2,5,2021,18
2021-05-06,Hospital_A,O_positive,48,48,852,48,0,0,0,0,0,0,3,5,2021,18
2021-05-07,Hospital_A,O_positive,50,44,846,50,0,0,0,0,0,0,4,5,2021,18
2021-05-08,Hospital_A,O_positive,33,45,858,33,0,0,0,1,0,0,5,5,2021,18
2021-05-09,Hospital_A,O_positive,35,33,856,35,0,0,0,1,0,0,6,5,2021,18
2021-05-10,Hospital_A,O_positive,53,71,874,53,0,0,0,0,0,0,0,5,2021,19
2021-05-11,Hospital_A,O_positive,46,62,890,46,0,0,0,0,0,0,1,5,2021,19
2021-05-12,Hospital_A,O_positive,41,36,885,41,0,0,0,0,0,0,2,5,2021,19
2021-05-13,Hospital_A,O_positive,37,50,898,37,0,0,0,0,0,0,3,5,2021,19
2021-05-14,Hospital_A,O_positive,44,51,905,44,0,0,0,0,0,0,4,5,2021,19
2021-05-15,Hospital_A,O_positive,28,21,898,28,0,0,0,1,0,0,5,5,2021,19
2021-05-16,Hospital_A,O_positive,33,46,911,33,0,0,0,1,0,0,6,5,2021,19
2021-05-17,Hospital_A,O_positive,52,54,913,52,0,0,0,0,0,0,0,5,2021,20
2021-05-18,Hospital_A,O_positive,41,53,925,41,0,0,0,0,0,0,1,5,2021,20
2021-05-19,Hospital_A,O_positive,44,49,930,44,0,0,0,0,0,0,2,5,2021,20
2021-05-20,Hospital_A,O_positive,46,53,937,46,0,0,0,0,0,0,3,5,2021,20
2021-05-21,Hospital_A,O_positive,48,64,953,48,0,0,0,0,0,0,4,5,2021,20
2021-05-22,Hospital_A,O_positive,32,41,962,32,0,0,0,1,0,0,5,5,2021,20
2021-05-23,Hospital_A,O_positive,29,28,961,29,0,0,0,1,0,0,6,5,2021,20
2021-05-24,Hospital_A,O_positive,54,57,964,54,0,0,0,0,0,0,0,5,2021,21
2021-05-25,Hospital_A,O_positive,41,46,969,41,0,0,0,0,0,0,1,5,2021,21
2021-05-26,Hospital_A,O_positive,35,26,960,35,0,0,0,0,0,0,2,5,2021,21
2021-05-27,Hospital_A,O_positive,31,39,968,31,0,0,0,0,0,0,3,5,2021,21
2021-05-28,Hospital_A,O_positive,38,45,975,38,0,0,0,0,0,0,4,5,2021,21
2021-05-29,Hospital_A,O_positive,38,48,985,38,0,0,0,1,0,0,5,5,2021,21
2021-05-30,Hospital_A,O_positive,33,40,992,33,0,0,0,1,0,0,6,5,2021,21
2021-05-31,Hospital_A,O_positive,60,62,994,60,0,0,0,0,0,0,0,5,2021,22
2021-06-01,Hospital_A,O_positive,49,43,988,49,0,0,0,0,0,0,1,6,2021,22
2021-06-02,Hospital_A,O_positive,45,60,1003,45,0,0,0,0,0,0,2,6,2021,22
2021-06-03,Hospital_A,O_positive,46,59,1016,46,0,0,0,0,0,0,3,6,2021,22
2021-06-04,Hospital_A,O_positive,37,50,1029,37,0,0,0,0,0,0,4,6,2021,22
2021-06-05,Hospital_A,O_positive,22,17,1024,22,0,0,0,1,0,0,5,6,2021,22
2021-06-06,Hospital_A,O_positive,31,47,1040,31,0,0,0,1,0,0,6,6,2021,22
2021-06-07,Hospital_A,O_positive,66,69,1043,66,0,0,0,0,0,0,0,6,2021,23
2021-06-08,Hospital_A,O_positive,41,42,1044,41,0,0,0,0,0,0,1,6,2021,23
2021-06-09,Hospital_A,O_positive,45,54,1053,45,0,0,0,0,0,0,2,6,2021,23
2021-06-10,Hospital_A,O_positive,53,56,1056,53,0,0,0,0,0,0,3,6,2021,23
2021-06-11,Hospital_A,O_positive,48,57,1065,48,0,0,0,0,0,0,4,6,2021,23
2021-06-12,Hospital_A,O_positive,29,32,1068,29,0,0,0,1,0,0,5,6,2021,23
2021-06-13,Hospital_A,O_positive,38,36,1066,38,0,0,0,1,0,0,6,6,2021,23
2021-06-14,Hospital_A,O_positive,63,77,1080,63,0,0,0,0,0,0,0,6,2021,24
2021-06-15,Hospital_A,O_positive,47,53,1086,47,0,0,0,0,0,0,1,6,2021,24
2021-06-16,Hospital_A,O_positive,45,41,1082,45,0,0,0,0,0,0,2,6,2021,24
2021-06-17,Hospital_A,O_positive,43,53,1092,43,0,0,0,0,0,0,3,6,2021,24
2021-06-18,Hospital_A,O_positive,38,40,1094,38,0,0,0,0,0,0,4,6,2021,24
2021-06-19,Hospital_A,O_positive,31,35,1098,31,0,0,0,1,0,0,5,6,2021,24
2021-06-20,Hospital_A,O_positive,35,38,1101,35,0,0,0,1,0,0,6,6,2021,24
2021-06-21,Hospital_A,O_positive,57,63,1107,57,0,0,0,0,0,0,0,6,2021,25
2021-06-22,Hospital_A,O_positive,55,57,1109,55,0,0,0,0,0,0,1,6,2021,25
2021-06-23,Hospital_A,O_positive,35,37,1111,35,0,0,0,0,0,0,2,6,2021,25
2021-06-24,Hospital_A,O_positive,46,45,1110,46,0,0,0,0,0,0,3,6,2021,25
2021-06-25,Hospital_A,O_positive,50,51,1111,50,0,0,0,0,0,0,4,6,2021,25
2021-06-26,Hospital_A,O_positive,24,28,1115,24,0,0,0,1,0,0,5,6,2021,25
2021-06-27,Hospital_A,O_positive,30,33,1118,30,0,0,0,1,0,0,6,6,2021,25
2021-06-28,Hospital_A,O_positive,55,59,1122,55,0,0,0,0,0,0,0,6,2021,26
2021-06-29,Hospital_A,O_positive,52,49,1119,52,0,0,0,0,0,0,1,6,2021,26
2021-06-30,Hospital_A,O_positive,30,36,1125,30,0,0,0,0,0,0,2,6,2021,26
2021-07-01,Hospital_A,O_positive,56,68,1137,56,0,0,0,0,0,1,3,7,2021,26
2021-07-02,Hospital_A,O_positive,59,59,1137,59,0,0,0,0,0,1,4,7,2021,26
2021-07-03,Hospital_A,O_positive,37,41,1141,37,0,0,0,1,0,1,5,7,2021,26
2021-07-04,Hospital_A,O_positive,34,36,1143,34,0,0,0,1,0,1,6,7,2021,26
2021-07-05,Hospital_A,O_positive,70,88,1161,70,0,0,0,0,0,1,0,7,2021,27
2021-07-06,Hospital_A,O_positive,55,70,1176,55,0,0,0,0,0,1,1,7,2021,27
2021-07-07,Hospital_A,O_positive,65,60,1171,65,0,0,0,0,0,1,2,7,2021,27
2021-07-08,Hospital_A,O_positive,37,33,1167,37,0,0,0,0,0,1,3,7,2021,27
2021-07-09,Hospital_A,O_positive,41,44,1170,41,0,0,0,0,0,1,4,7,2021,27
2021-07-10,Hospital_A,O_positive,48,61,1183,48,0,0,0,1,0,1,5,7,2021,27
2021-07-11,Hospital_A,O_positive,32,40,1191,32,0,0,0,1,0,1,6,7,2021,27
2021-07-12,Hospital_A,O_positive,70,75,1196,70,0,0,0,0,0,1,0,7,2021,28
2021-07-13,Hospital_A,O_positive,51,55,1200,51,0,0,0,0,0,1,1,7,2021,28
2021-07-14,Hospital_A,O_positive,61,75,1214,61,0,0,0,0,0,1,2,7,2021,28
2021-07-15,Hospital_A,O_positive,45,50,1219,45,0,0,0,0,0,1,3,7,2021,28
2021-07-16,Hospital_A,O_positive,57,57,1219,57,0,0,0,0,0,1,4,7,2021,28
2021-07-17,Hospital_A,O_positive,38,49,1230,38,0,0,0,1,0,1,5,7,2021,28
2021-07-18,Hospital_A,O_positive,39,34,1225,39,0,0,0,1,0,1,6,7,2021,28
2021-07-19,Hospital_A,O_positive,79,83,1229,79,0,0,0,0,0,1,0,7,2021,29
2021-07-20,Hospital_A,O_positive,62,85,1252,62,0,0,0,0,0,1,1,7,2021,29
2021-07-21,Hospital_A,O_positive,51,51,1252,51,0,0,0,0,0,1,2,7,2021,29
2021-07-22,Hospital_A,O_positive,45,54,1261,45,0,0,0,0,0,1,3,7,2021,29
2021-07-23,Hospital_A,O_positive,50,39,1250,50,0,0,0,0,0,1,4,7,2021,29
2021-07-24,Hospital_A,O_positive,40,59,1269,40,0,0,0,1,0,1,5,7,2021,29
2021-07-25,Hospital_A,O_positive,43,46,1272,43,0,0,0,1,0,1,6,7,2021,29
2021-07-26,Hospital_A,O_positive,64,62,1270,64,0,0,0,0,0,1,0,7,2021,30
2021-07-27,Hospital_A,O_positive,53,65,1282,53,0,0,0,0,0,1,1,7,2021,30
2021-07-28,Hospital_A,O_positive,49,47,1280,49,0,0,0,0,0,1,2,7,2021,30
2021-07-29,Hospital_A,O_positive,53,67,1294,53,0,0,0,0,0,1,3,7,2021,30
2021-07-30,Hospital_A,O_positive,53,63,1304,53,0,0,0,0,0,1,4,7,2021,30
2021-07-31,Hospital_A,O_positive,41,38,1301,41,0,0,0,1,0,1,5,7,2021,30
2021-08-01,Hospital_A,O_positive,54,65,1312,54,0,0,0,1,0,1,6,8,2021,30
2021-08-02,Hospital_A,O_positive,58,75,1329,58,0,0,0,0,0,1,0,8,2021,31
2021-08-03,Hospital_A,O_positive,46,43,1326,46,0,0,0,0,0,1,1,8,2021,31
2021-08-04,Hospital_A,O_positive,55,57,1328,55,0,0,0,0,0,1,2,8,2021,31
2021-08-05,Hospital_A,O_positive,72,84,1340,72,0,0,0,0,0,1,3,8,2021,31
2021-08-06,Hospital_A,O_positive,55,57,1342,55,0,0,0,0,0,1,4,8,2021,31
2021-08-07,Hospital_A,O_positive,31,26,1337,31,0,0,0,1,0,1,5,8,2021,31
2021-08-08,Hospital_A,O_positive,30,36,1343,30,0,0,0,1,0,1,6,8,2021,31
2021-08-09,Hospital_A,O_positive,52,53,1344,52,0,0,0,0,0,1,0,8,2021,32
2021-08-10,Hospital_A,O_positive,57,62,1349,57,0,0,0,0,0,1,1,8,2021,32
2021-08-11,Hospital_A,O_positive,60,61,1350,60,0,0,0,0,0,1,2,8,2021,32
2021-08-12,Hospital_A,O_positive,47,58,1361,47,0,0,0,0,0,1,3,8,2021,32
2021-08-13,Hospital_A,O_positive,49,58,1370,49,0,0,0,0,0,1,4,8,2021,32
2021-08-14,Hospital_A,O_positive,33,40,1377,33,0,0,0,1,0,1,5,8,2021,32
2021-08-15,Hospital_A,O_positive,36,35,1376,36,0,0,0,1,1,1,6,8,2021,32
2021-08-16,Hospital_A,O_positive,64,77,1389,64,0,0,0,0,0,1,0,8,2021,33
2021-08-17,Hospital_A,O_positive,45,44,1388,45,0,0,0,0,0,1,1,8,2021,33
2021-08-18,Hospital_A,O_positive,48,55,1395,48,0,0,0,0,0,1,2,8,2021,33
2021-08-19,Hospital_A,O_positive,46,51,1400,46,0,0,0,0,0,1,3,8,2021,33
2021-08-20,Hospital_A,O_positive,52,50,1398,52,0,0,0,0,0,1,4,8,2021,33
2021-08-21,Hospital_A,O_positive,45,58,1411,45,0,0,0,1,0,1,5,8,2021,33
2021-08-22,Hospital_A,O_positive,40,44,1415,40,0,0,0,1,0,1,6,8,2021,33
2021-08-23,Hospital_A,O_positive,54,52,1413,54,0,0,0,0,0,1,0,8,2021,34
2021-08-24,Hospital_A,O_positive,52,66,1427,52,0,25,0,0,0,1,1,8,2021,34
2021-08-25,Hospital_A,O_positive,53,38,1412,53,0,19,0,0,0,1,2,8,2021,34
2021-08-26,Hospital_A,O_positive,62,68,1418,62,0,0,0,0,0,1,3,8,2021,34
2021-08-27,Hospital_A,O_positive,50,57,1425,50,0,73,0,0,0,1,4,8,2021,34
2021-08-28,Hospital_A,O_positive,33,19,1411,33,0,40,0,1,0,1,5,8,2021,34
2021-08-29,Hospital_A,O_positive,37,30,1404,37,0,3,0,1,0,1,6,8,2021,34
2021-08-30,Hospital_A,O_positive,70,65,1399,70,0,0,0,0,0,1,0,8,2021,35
2021-08-31,Hospital_A,O_positive,53,53,1399,53,0,0,0,0,0,1,1,8,2021,35
2021-09-01,Hospital_A,O_positive,50,51,1400,50,0,0,0,0,0,1,2,9,2021,35
2021-09-02,Hospital_A,O_positive,61,64,1403,61,0,0,0,0,0,1,3,9,2021,35
2021-09-03,Hospital_A,O_positive,45,43,1401,45,0,0,0,0,0,1,4,9,2021,35
2021-09-04,Hospital_A,O_positive,47,52,1406,47,0,0,0,1,0,1,5,9,2021,35
2021-09-05,Hospital_A,O_positive,40,34,1400,40,0,0,0,1,0,1,6,9,2021,35
2021-09-06,Hospital_A,O_positive,62,72,1410,62,0,0,0,0,0,1,0,9,2021,36
2021-09-07,Hospital_A,O_positive,67,69,1412,67,0,0,0,0,0,1,1,9,2021,36
2021-09-08,Hospital_A,O_positive,61,84,1435,61,0,0,0,0,0,1,2,9,2021,36
2021-09-09,Hospital_A,O_positive,70,98,1463,70,0,0,0,0,0,1,3,9,2021,36
2021-09-10,Hospital_A,O_positive,51,64,1476,51,0,0,0,0,0,1,4,9,2021,36
2021-09-11,Hospital_A,O_positive,37,33,1472,37,0,0,0,1,0,1,5,9,2021,36
2021-09-12,Hospital_A,O_positive,38,51,1485,38,0,0,0,1,0,1,6,9,2021,36
2021-09-13,Hospital_A,O_positive,66,88,1507,66,0,0,0,0,0,1,0,9,2021,37
2021-09-14,Hospital_A,O_positive,62,66,1511,62,0,0,0,0,0,1,1,9,2021,37
2021-09-15,Hospital_A,O_positive,52,59,1518,52,0,0,0,0,0,1,2,9,2021,37
2021-09-16,Hospital_A,O_positive,71,69,1516,71,0,0,0,0,0,1,3,9,2021,37
2021-09-17,Hospital_A,O_positive,45,45,1516,45,0,0,0,0,0,1,4,9,2021,37
2021-09-18,Hospital_A,O_positive,42,39,1513,42,0,0,0,1,0,1,5,9,2021,37
2021-09-19,Hospital_A,O_positive,40,40,1513,40,0,0,0,1,0,1,6,9,2021,37
2021-09-20,Hospital_A,O_positive,60,59,1512,60,0,0,0,0,0,1,0,9,2021,38
2021-09-21,Hospital_A,O_positive,53,50,1509,53,0,0,0,0,0,1,1,9,2021,38
2021-09-22,Hospital_A,O_positive,60,66,1515,60,0,0,0,0,0,1,2,9,2021,38
2021-09-23,Hospital_A,O_positive,54,57,1518,54,0,0,0,0,0,1,3,9,2021,38
2021-09-24,Hospital_A,O_positive,53,62,1527,53,0,0,0,0,0,1,4,9,2021,38
2021-09-25,Hospital_A,O_positive,53,69,1543,53,0,0,0,1,0,1,5,9,2021,38
2021-09-26,Hospital_A,O_positive,45,53,1551,45,0,0,0,1,0,1,6,9,2021,38
2021-09-27,Hospital_A,O_positive,69,69,1551,69,0,0,0,0,0,1,0,9,2021,39
2021-09-28,Hospital_A,O_positive,48,44,1547,48,0,0,0,0,0,1,1,9,2021,39
2021-09-29,Hospital_A,O_positive,49,58,1556,49,0,0,0,0,0,1,2,9,2021,39
2021-09-30,Hospital_A,O_positive,50,63,1569,50,0,0,0,0,0,1,3,9,2021,39
2021-10-01,Hospital_A,O_positive,52,66,1583,52,0,0,0,0,0,1,4,10,2021,39
2021-10-02,Hospital_A,O_positive,24,28,1587,24,0,0,0,1,1,1,5,10,2021,39
2021-10-03,Hospital_A,O_positive,41,46,1592,41,0,0,0,1,0,1,6,10,2021,39
2021-10-04,Hospital_A,O_positive,67,87,1612,67,0,0,0,0,0,1,0,10,2021,40
2021-10-05,Hospital_A,O_positive,58,62,1616,58,0,0,0,0,0,1,1,10,2021,40
2021-10-06,Hospital_A,O_positive,52,64,1628,52,0,0,0,0,0,1,2,10,2021,40
2021-10-07,Hospital_A,O_positive,54,63,1637,54,0,30,0,0,0,1,3,10,2021,40
2021-10-08,Hospital_A,O_positive,37,54,1654,37,0,0,0,0,0,1,4,10,2021,40
2021-10-09,Hospital_A,O_positive,50,64,1668,50,0,77,0,1,0,1,5,10,2021,40
2021-10-10,Hospital_A,O_positive,32,28,1664,32,0,114,0,1,0,1,6,10,2021,40
2021-10-11,Hospital_A,O_positive,64,72,1672,64,0,114,0,0,0,1,0,10,2021,41
2021-10-12,Hospital_A,O_positive,52,62,1682,52,0,155,0,0,0,1,1,10,2021,41
2021-10-13,Hospital_A,O_positive,55,68,1695,55,0,188,0,0,0,1,2,10,2021,41
2021-10-14,Hospital_A,O_positive,53,62,1704,53,0,135,0,0,0,1,3,10,2021,41
2021-10-15,Hospital_A,O_positive,42,52,1714,42,0,159,0,0,0,1,4,10,2021,41
2021-10-16,Hospital_A,O_positive,50,58,1717,50,5,104,0,1,0,1,5,10,2021,41
2021-10-17,Hospital_A,O_positive,30,29,1678,30,38,36,0,1,0,1,6,10,2021,41
2021-10-18,Hospital_A,O_positive,60,59,1677,60,0,0,0,0,0,1,0,10,2021,42
2021-10-19,Hospital_A,O_positive,59,62,1680,59,0,0,0,0,0,1,1,10,2021,42
2021-10-20,Hospital_A,O_positive,60,68,1688,60,0,56,0,0,0,1,2,10,2021,42
2021-10-21,Hospital_A,O_positive,54,56,1690,54,0,71,0,0,0,1,3,10,2021,42
2021-10-22,Hospital_A,O_positive,47,50,1693,47,0,69,0,0,0,1,4,10,2021,42
2021-10-23,Hospital_A,O_positive,45,38,1686,45,0,64,0,1,0,1,5,10,2021,42
2021-10-24,Hospital_A,O_positive,51,54,1689,51,0,79,0,1,0,1,6,10,2021,42
2021-10-25,Hospital_A,O_positive,52,56,1693,52,0,204,0,0,0,1,0,10,2021,43
2021-10-26,Hospital_A,O_positive,42,47,1698,42,0,162,0,0,0,1,1,10,2021,43
2021-10-27,Hospital_A,O_positive,71,75,1702,71,0,215,0,0,0,1,2,10,2021,43
2021-10-28,Hospital_A,O_positive,56,64,1710,56,0,286,0,0,0,1,3,10,2021,43
2021-10-29,Hospital_A,O_positive,52,53,1676,52,35,199,0,0,0,1,4,10,2021,43
2021-10-30,Hospital_A,O_positive,44,51,1683,44,0,155,0,1,0,1,5,10,2021,43
2021-10-31,Hospital_A,O_positive,29,33,1659,29,28,160,0,1,0,1,6,10,2021,43
2021-11-01,Hospital_A,O_positive,65,62,1558,65,98,50,0,0,0,0,0,11,2021,44
2021-11-02,Hospital_A,O_positive,47,50,1561,47,0,71,0,0,0,0,1,11,2021,44
2021-11-03,Hospital_A,O_positive,37,39,1563,37,0,62,0,0,0,0,2,11,2021,44
2021-11-04,Hospital_A,O_positive,24,22,1561,24,0,100,0,0,1,0,3,11,2021,44
2021-11-05,Hospital_A,O_positive,57,62,1566,57,0,116,0,0,0,0,4,11,2021,44
2021-11-06,Hospital_A,O_positive,28,33,1571,28,0,142,0,1,0,0,5,11,2021,44
2021-11-07,Hospital_A,O_positive,30,44,1585,30,0,251,0,1,0,0,6,11,2021,44
2021-11-08,Hospital_A,O_positive,48,52,1589,48,0,203,0,0,0,0,0,11,2021,45
2021-11-09,Hospital_A,O_positive,42,33,1570,42,10,209,0,0,0,0,1,11,2021,45
2021-11-10,Hospital_A,O_positive,60,76,1574,60,12,137,0,0,0,0,2,11,2021,45
2021-11-11,Hospital_A,O_positive,36,39,1498,36,79,22,0,0,0,0,3,11,2021,45
2021-11-12,Hospital_A,O_positive,46,44,1496,46,0,102,0,0,0,0,4,11,2021,45
2021-11-13,Hospital_A,O_positive,29,36,1503,29,0,248,0,1,0,0,5,11,2021,45
2021-11-14,Hospital_A,O_positive,26,35,1512,26,0,222,0,1,0,0,6,11,2021,45
2021-11-15,Hospital_A,O_positive,52,52,1512,52,0,220,0,0,0,0,0,11,2021,46
2021-11-16,Hospital_A,O_positive,51,72,1533,51,0,216,0,0,0,0,1,11,2021,46
2021-11-17,Hospital_A,O_positive,56,77,1435,56,119,41,0,0,0,0,2,11,2021,46
2021-11-18,Hospital_A,O_positive,44,45,1436,44,0,69,0,0,0,0,3,11,2021,46
2021-11-19,Hospital_A,O_positive,44,46,1438,44,0,25,0,0,0,0,4,11,2021,46
2021-11-20,Hospital_A,O_positive,24,30,1444,24,0,1,0,1,0,0,5,11,2021,46
2021-11-21,Hospital_A,O_positive,35,36,1445,35,0,0,0,1,0,0,6,11,2021,46
2021-11-22,Hospital_A,O_positive,56,66,1455,56,0,0,0,0,0,0,0,11,2021,47
2021-11-23,Hospital_A,O_positive,54,63,1464,54,0,0,0,0,0,0,1,11,2021,47
2021-11-24,Hospital_A,O_positive,39,49,1474,39,0,0,0,0,0,0,2,11,2021,47
2021-11-25,Hospital_A,O_positive,43,46,1477,43,0,0,0,0,0,0,3,11,2021,47
2021-11-26,Hospital_A,O_positive,49,50,1478,49,0,0,0,0,0,0,4,11,2021,47
2021-11-27,Hospital_A,O_positive,39,38,1477,39,0,0,0,1,0,0,5,11,2021,47
2021-11-28,Hospital_A,O_positive,35,40,1482,35,0,57,0,1,0,0,6,11,2021,47
2021-11-29,Hospital_A,O_positive,49,47,1480,49,0,8,0,0,0,0,0,11,2021,48
2021-11-30,Hospital_A,O_positive,29,23,1474,29,0,0,0,0,0,0,1,11,2021,48
2021-12-01,Hospital_A,O_positive,44,50,1480,44,0,0,0,0,0,0,2,12,2021,48
2021-12-02,Hospital_A,O_positive,41,54,1493,41,0,0,0,0,0,0,3,12,2021,48
2021-12-03,Hospital_A,O_positive,47,48,1494,47,0,0,0,0,0,0,4,12,2021,48
2021-12-04,Hospital_A,O_positive,22,25,1497,22,0,0,0,1,0,0,5,12,2021,48
2021-12-05,Hospital_A,O_positive,29,30,1498,29,0,0,0,1,0,0,6,12,2021,48
2021-12-06,Hospital_A,O_positive,60,58,1496,60,0,36,0,0,0,0,0,12,2021,49
2021-12-07,Hospital_A,O_positive,26,32,1502,26,0,87,0,0,0,0,1,12,2021,49
2021-12-08,Hospital_A,O_positive,33,37,1506,33,0,54,0,0,0,0,2,12,2021,49
2021-12-09,Hospital_A,O_positive,39,45,1512,39,0,178,0,0,0,0,3,12,2021,49
2021-12-10,Hospital_A,O_positive,45,50,1517,45,0,172,0,0,0,0,4,12,2021,49
2021-12-11,Hospital_A,O_positive,38,47,1526,38,0,134,0,1,0,0,5,12,2021,49
2021-12-12,Hospital_A,O_positive,29,42,1539,29,0,189,0,1,0,0,6,12,2021,49
2021-12-13,Hospital_A,O_positive,46,53,1480,46,66,77,0,0,0,0,0,12,2021,50
2021-12-14,Hospital_A,O_positive,41,48,1487,41,0,98,0,0,0,0,1,12,2021,50
2021-12-15,Hospital_A,O_positive,53,59,1493,53,0,97,0,0,0,0,2,12,2021,50
2021-12-16,Hospital_A,O_positive,53,51,1491,53,0,120,0,0,0,0,3,12,2021,50
2021-12-17,Hospital_A,O_positive,43,42,1490,43,0,159,0,0,0,0,4,12,2021,50
2021-12-18,Hospital_A,O_positive,25,24,1489,25,0,134,0,1,0,0,5,12,2021,50
2021-12-19,Hospital_A,O_positive,31,31,1489,31,0,191,0,1,0,0,6,12,2021,50
2021-12-20,Hospital_A,O_positive,58,84,1494,58,21,175,0,0,0,0,0,12,2021,51
2021-12-21,Hospital_A,O_positive,42,50,1478,42,24,156,0,0,0,0,1,12,2021,51
2021-12-22,Hospital_A,O_positive,41,39,1476,41,0,184,0,0,0,0,2,12,2021,51
2021-12-23,Hospital_A,O_positive,42,48,1477,42,5,137,0,0,0,0,3,12,2021,51
2021-12-24,Hospital_A,O_positive,47,59,1468,47,21,141,0,0,0,0,4,12,2021,51
2021-12-25,Hospital_A,O_positive,22,22,1468,22,0,167,0,1,1,0,5,12,2021,51
2021-12-26,Hospital_A,O_positive,21,20,1420,21,47,99,0,1,0,0,6,12,2021,51
2021-12-27,Hospital_A,O_positive,51,60,1429,51,0,78,0,0,0,0,0,12,2021,52
2021-12-28,Hospital_A,O_positive,38,36,1427,38,0,95,0,0,0,0,1,12,2021,52
2021-12-29,Hospital_A,O_positive,47,62,1432,47,10,173,0,0,0,0,2,12,2021,52
2021-12-30,Hospital_A,O_positive,55,74,1451,55,0,118,0,0,0,0,3,12,2021,52
2021-12-31,Hospital_A,O_positive,46,48,1453,46,0,138,0,0,0,0,4,12,2021,52
2022-01-01,Hospital_A,O_positive,42,43,1454,42,0,144,0,1,0,0,5,1,2022,52
2022-01-02,Hospital_A,O_positive,30,26,1420,30,30,131,0,1,0,0,6,1,2022,52
2022-01-03,Hospital_A,O_positive,43,45,1422,43,0,147,0,0,0,0,0,1,2022,1
2022-01-04,Hospital_A,O_positive,36,32,1418,36,0,111,0,0,0,0,1,1,2022,1
2022-01-05,Hospital_A,O_positive,35,45,1423,35,5,165,0,0,0,0,2,1,2022,1
2022-01-06,Hospital_A,O_positive,32,40,1419,32,12,121,0,0,0,0,3,1,2022,1
2022-01-07,Hospital_A,O_positive,50,61,1403,50,27,86,0,0,0,0,4,1,2022,1
2022-01-08,Hospital_A,O_positive,33,26,1396,33,0,106,0,1,0,0,5,1,2022,1
2022-01-09,Hospital_A,O_positive,45,64,1404,45,11,134,0,1,0,0,6,1,2022,1
2022-01-10,Hospital_A,O_positive,53,73,1424,53,0,81,0,0,0,0,0,1,2022,2
2022-01-11,Hospital_A,O_positive,37,45,1432,37,0,102,0,0,0,0,1,1,2022,2
2022-01-12,Hospital_A,O_positive,56,67,1443,56,0,46,0,0,0,0,2,1,2022,2
2022-01-13,Hospital_A,O_positive,47,49,1445,47,0,41,0,0,0,0,3,1,2022,2
2022-01-14,Hospital_A,O_positive,48,66,1463,48,0,24,0,0,0,0,4,1,2022,2
2022-01-15,Hospital_A,O_positive,32,35,1466,32,0,119,0,1,0,0,5,1,2022,2
2022-01-16,Hospital_A,O_positive,27,30,1469,27,0,129,0,1,0,0,6,1,2022,2
2022-01-17,Hospital_A,O_positive,58,55,1466,58,0,71,0,0,0,0,0,1,2022,3
2022-01-18,Hospital_A,O_positive,39,40,1467,39,0,32,0,0,0,0,1,1,2022,3
2022-01-19,Hospital_A,O_positive,47,51,1471,47,0,0,0,0,0,0,2,1,2022,3
2022-01-20,Hospital_A,O_positive,44,47,1474,44,0,0,0,0,0,0,3,1,2022,3
2022-01-21,Hospital_A,O_positive,45,45,1474,45,0,0,0,0,0,0,4,1,2022,3
2022-01-22,Hospital_A,O_positive,24,30,1480,24,0,0,0,1,0,0,5,1,2022,3
2022-01-23,Hospital_A,O_positive,43,41,1478,43,0,0,0,1,0,0,6,1,2022,3
2022-01-24,Hospital_A,O_positive,43,38,1473,43,0,0,0,0,0,0,0,1,2022,4
2022-01-25,Hospital_A,O_positive,43,51,1481,43,0,0,0,0,0,0,1,1,2022,4
2022-01-26,Hospital_A,O_positive,17,25,1489,17,0,0,0,0,1,0,2,1,2022,4
2022-01-27,Hospital_A,O_positive,43,41,1487,43,0,0,0,0,0,0,3,1,2022,4
2022-01-28,Hospital_A,O_positive,54,69,1502,54,0,0,0,0,0,0,4,1,2022,4
2022-01-29,Hospital_A,O_positive,26,27,1503,26,0,178,0,1,0,0,5,1,2022,4
2022-01-30,Hospital_A,O_positive,28,38,1513,28,0,202,0,1,0,0,6,1,2022,4
2022-01-31,Hospital_A,O_positive,68,80,1525,68,0,238,0,0,0,0,0,1,2022,5
2022-02-01,Hospital_A,O_positive,44,48,1529,44,0,242,0,0,0,0,1,2,2022,5
2022-02-02,Hospital_A,O_positive,34,40,1497,34,38,196,0,0,0,0,2,2,2022,5
2022-02-03,Hospital_A,O_positive,37,35,1477,37,18,141,0,0,0,0,3,2,2022,5
2022-02-04,Hospital_A,O_positive,39,50,1421,39,67,96,0,0,0,0,4,2,2022,5
2022-02-05,Hospital_A,O_positive,29,36,1419,29,9,58,0,1,0,0,5,2,2022,5
2022-02-06,Hospital_A,O_positive,25,28,1422,25,0,33,0,1,0,0,6,2,2022,5
2022-02-07,Hospital_A,O_positive,62,77,1437,62,0,0,0,0,0,0,0,2,2022,6
2022-02-08,Hospital_A,O_positive,68,78,1447,68,0,12,0,0,0,0,1,2,2022,6
2022-02-09,Hospital_A,O_positive,63,81,1465,63,0,61,0,0,0,0,2,2,2022,6
2022-02-10,Hospital_A,O_positive,44,42,1463,44,0,17,0,0,0,0,3,2,2022,6
2022-02-11,Hospital_A,O_positive,45,53,1471,45,0,92,0,0,0,0,4,2,2022,6
2022-02-12,Hospital_A,O_positive,25,35,1481,25,0,67,0,1,0,0,5,2,2022,6
2022-02-13,Hospital_A,O_positive,32,44,1493,32,0,86,0,1,0,0,6,2,2022,6
2022-02-14,Hospital_A,O_positive,70,74,1497,70,0,16,0,0,0,0,0,2,2022,7
2022-02-15,Hospital_A,O_positive,44,39,1492,44,0,80,0,0,0,0,1,2,2022,7
2022-02-16,Hospital_A,O_positive,49,50,1493,49,0,76,0,0,0,0,2,2,2022,7
2022-02-17,Hospital_A,O_positive,54,60,1499,54,0,88,0,0,0,0,3,2,2022,7
2022-02-18,Hospital_A,O_positive,46,49,1502,46,0,164,0,0,0,0,4,2,2022,7
2022-02-19,Hospital_A,O_positive,32,39,1509,32,0,132,0,1,0,0,5,2,2022,7
2022-02-20,Hospital_A,O_positive,38,40,1511,38,0,94,0,1,0,0,6,2,2022,7
2022-02-21,Hospital_A,O_positive,52,59,1518,52,0,130,0,0,0,0,0,2,2022,8
2022-02-22,Hospital_A,O_positive,37,37,1476,37,42,51,0,0,0,0,1,2,2022,8
2022-02-23,Hospital_A,O_positive,48,51,1479,48,0,53,0,0,0,0,2,2,2022,8
2022-02-24,Hospital_A,O_positive,56,66,1489,56,0,0,0,0,0,0,3,2,2022,8
2022-02-25,Hospital_A,O_positive,43,51,1497,43,0,0,0,0,0,0,4,2,2022,8
2022-02-26,Hospital_A,O_positive,36,40,1501,36,0,80,0,1,0,0,5,2,2022,8
2022-02-27,Hospital_A,O_positive,33,36,1504,33,0,85,0,1,0,0,6,2,2022,8
2022-02-28,Hospital_A,O_positive,51,58,1511,51,0,72,0,0,0,0,0,2,2022,9
2022-03-01,Hospital_A,O_positive,45,57,1523,45,0,105,0,0,0,0,1,3,2022,9
2022-03-02,Hospital_A,O_positive,45,53,1531,45,0,60,0,0,0,0,2,3,2022,9
2022-03-03,Hospital_A,O_positive,46,53,1538,46,0,50,0,0,0,0,3,3,2022,9
2022-03-04,Hospital_A,O_positive,42,35,1531,42,0,165,0,0,0,0,4,3,2022,9
2022-03-05,Hospital_A,O_positive,22,30,1539,22,0,222,0,1,0,0,5,3,2022,9
2022-03-06,Hospital_A,O_positive,34,28,1533,34,0,213,0,1,0,0,6,3,2022,9
2022-03-07,Hospital_A,O_positive,53,55,1535,53,0,269,0,0,0,0,0,3,2022,10
2022-03-08,Hospital_A,O_positive,38,48,1489,38,56,223,0,0,0,0,1,3,2022,10
2022-03-09,Hospital_A,O_positive,46,52,1454,46,41,136,0,0,0,0,2,3,2022,10
2022-03-10,Hospital_A,O_positive,54,63,1463,54,0,82,0,0,0,0,3,3,2022,10
2022-03-11,Hospital_A,O_positive,48,51,1432,48,34,0,0,0,0,0,4,3,2022,10
2022-03-12,Hospital_A,O_positive,30,44,1446,30,0,20,0,1,0,0,5,3,2022,10
2022-03-13,Hospital_A,O_positive,31,31,1446,31,0,31,0,1,0,0,6,3,2022,10
2022-03-14,Hospital_A,O_positive,55,58,1449,55,0,0,0,0,0,0,0,3,2022,11
2022-03-15,Hospital_A,O_positive,53,57,1453,53,0,0,0,0,0,0,1,3,2022,11
2022-03-16,Hospital_A,O_positive,40,34,1447,40,0,0,0,0,0,0,2,3,2022,11
2022-03-17,Hospital_A,O_positive,55,48,1440,55,0,0,0,0,0,0,3,3,2022,11
2022-03-18,Hospital_A,O_positive,24,43,1459,24,0,0,0,0,1,0,4,3,2022,11
2022-03-19,Hospital_A,O_positive,30,36,1465,30,0,36,0,1,0,0,5,3,2022,11
2022-03-20,Hospital_A,O_positive,31,44,1478,31,0,56,0,1,0,0,6,3,2022,11
2022-03-21,Hospital_A,O_positive,60,75,1493,60,0,160,0,0,0,0,0,3,2022,12
2022-03-22,Hospital_A,O_positive,53,58,1498,53,0,160,0,0,0,0,1,3,2022,12
2022-03-23,Hospital_A,O_positive,41,45,1502,41,0,221,0,0,0,0,2,3,2022,12
2022-03-24,Hospital_A,O_positive,48,52,1506,48,0,264,0,0,0,0,3,3,2022,12
2022-03-25,Hospital_A,O_positive,60,59,1487,60,18,186,0,0,0,0,4,3,2022,12
2022-03-26,Hospital_A,O_positive,36,39,1490,36,0,189,0,1,0,0,5,3,2022,12
2022-03-27,Hospital_A,O_positive,35,45,1441,35,59,95,0,1,0,0,6,3,2022,12
2022-03-28,Hospital_A,O_positive,61,74,1398,61,56,0,0,0,0,0,0,3,2022,13
2022-03-29,Hospital_A,O_positive,55,65,1408,55,0,0,0,0,0,0,1,3,2022,13
2022-03-30,Hospital_A,O_positive,40,56,1424,40,0,0,0,0,0,0,2,3,2022,13
2022-03-31,Hospital_A,O_positive,53,61,1432,53,0,0,0,0,0,0,3,3,2022,13
2022-04-01,Hospital_A,O_positive,46,52,1438,46,0,0,0,0,0,0,4,4,2022,13
2022-04-02,Hospital_A,O_positive,29,37,1446,29,0,0,0,1,0,0,5,4,2022,13
2022-04-03,Hospital_A,O_positive,36,41,1451,36,0,0,0,1,0,0,6,4,2022,13
2022-04-04,Hospital_A,O_positive,62,70,1459,62,0,0,0,0,0,0,0,4,2022,14
2022-04-05,Hospital_A,O_positive,42,42,1459,42,0,0,0,0,0,0,1,4,2022,14
2022-04-06,Hospital_A,O_positive,38,58,1479,38,0,0,0,0,0,0,2,4,2022,14
2022-04-07,Hospital_A,O_positive,46,52,1485,46,0,0,0,0,0,0,3,4,2022,14
2022-04-08,Hospital_A,O_positive,38,43,1490,38,0,0,0,0,0,0,4,4,2022,14
2022-04-09,Hospital_A,O_positive,37,43,1496,37,0,0,0,1,0,0,5,4,2022,14
2022-04-10,Hospital_A,O_positive,31,33,1498,31,0,0,0,1,0,0,6,4,2022,14
2022-04-11,Hospital_A,O_positive,59,70,1509,59,0,0,0,0,0,0,0,4,2022,15
2022-04-12,Hospital_A,O_positive,54,63,1518,54,0,0,0,0,0,0,1,4,2022,15
2022-04-13,Hospital_A,O_positive,49,47,1516,49,0,0,0,0,0,0,2,4,2022,15
2022-04-14,Hospital_A,O_positive,35,33,1514,35,0,0,0,0,0,0,3,4,2022,15
2022-04-15,Hospital_A,O_positive,59,83,1538,59,0,0,0,0,0,0,4,4,2022,15
2022-04-16,Hospital_A,O_positive,25,22,1535,25,0,0,0,1,0,0,5,4,2022,15
2022-04-17,Hospital_A,O_positive,29,29,1535,29,0,76,0,1,0,0,6,4,2022,15
2022-04-18,Hospital_A,O_positive,48,53,1540,48,0,72,0,0,0,0,0,4,2022,16
2022-04-19,Hospital_A,O_positive,35,39,1544,35,0,74,0,0,0,0,1,4,2022,16
2022-04-20,Hospital_A,O_positive,39,45,1550,39,0,139,0,0,0,0,2,4,2022,16
2022-04-21,Hospital_A,O_positive,46,57,1561,46,0,93,0,0,0,0,3,4,2022,16
2022-04-22,Hospital_A,O_positive,53,49,1557,53,0,115,0,0,0,0,4,4,2022,16
2022-04-23,Hospital_A,O_positive,33,41,1565,33,0,82,0,1,0,0,5,4,2022,16
2022-04-24,Hospital_A,O_positive,35,35,1558,35,7,122,0,1,0,0,6,4,2022,16
2022-04-25,Hospital_A,O_positive,54,69,1573,54,0,142,0,0,0,0,0,4,2022,17
2022-04-26,Hospital_A,O_positive,36,37,1574,36,0,106,0,0,0,0,1,4,2022,17
2022-04-27,Hospital_A,O_positive,50,54,1578,50,0,167,0,0,0,0,2,4,2022,17
2022-04-28,Hospital_A,O_positive,62,71,1587,62,0,200,0,0,0,0,3,4,2022,17
2022-04-29,Hospital_A,O_positive,47,59,1599,47,0,205,0,0,0,0,4,4,2022,17
2022-04-30,Hospital_A,O_positive,28,31,1602,28,0,263,0,1,0,0,5,4,2022,17
2022-05-01,Hospital_A,O_positive,36,35,1571,36,30,242,0,1,0,0,6,5,2022,17
2022-05-02,Hospital_A,O_positive,61,69,1520,61,59,122,0,0,0,0,0,5,2022,18
2022-05-03,Hospital_A,O_positive,44,49,1525,44,0,78,0,0,0,0,1,5,2022,18
2022-05-04,Hospital_A,O_positive,49,51,1494,49,33,54,0,0,0,0,2,5,2022,18
2022-05-05,Hospital_A,O_positive,55,59,1498,55,0,145,0,0,0,0,3,5,2022,18
2022-05-06,Hospital_A,O_positive,44,49,1503,44,0,166,0,0,0,0,4,5,2022,18
2022-05-07,Hospital_A,O_positive,33,44,1514,33,0,194,0,1,0,0,5,5,2022,18
2022-05-08,Hospital_A,O_positive,36,45,1523,36,0,180,0,1,0,0,6,5,2022,18
2022-05-09,Hospital_A,O_positive,52,61,1500,52,32,190,0,0,0,0,0,5,2022,19
2022-05-10,Hospital_A,O_positive,48,53,1492,48,13,129,0,0,0,0,1,5,2022,19
2022-05-11,Hospital_A,O_positive,44,52,1487,44,13,72,0,0,0,0,2,5,2022,19
2022-05-12,Hospital_A,O_positive,41,50,1496,41,0,127,0,0,0,0,3,5,2022,19
2022-05-13,Hospital_A,O_positive,36,32,1461,36,31,117,0,0,0,0,4,5,2022,19
2022-05-14,Hospital_A,O_positive,42,49,1468,42,0,145,0,1,0,0,5,5,2022,19
2022-05-15,Hospital_A,O_positive,31,26,1463,31,0,114,0,1,0,0,6,5,2022,19
2022-05-16,Hospital_A,O_positive,44,52,1471,44,0,70,0,0,0,0,0,5,2022,20
2022-05-17,Hospital_A,O_positive,51,58,1478,51,0,19,0,0,0,0,1,5,2022,20
2022-05-18,Hospital_A,O_positive,46,47,1460,46,19,76,0,0,0,0,2,5,2022,20
2022-05-19,Hospital_A,O_positive,39,39,1460,39,0,70,0,0,0,0,3,5,2022,20
2022-05-20,Hospital_A,O_positive,35,46,1471,35,0,35,0,0,0,0,4,5,2022,20
2022-05-21,Hospital_A,O_positive,26,29,1474,26,0,9,0,1,0,0,5,5,2022,20
2022-05-22,Hospital_A,O_positive,29,24,1469,29,0,170,0,1,0,0,6,5,2022,20
2022-05-23,Hospital_A,O_positive,55,55,1469,55,0,144,0,0,0,0,0,5,2022,21
2022-05-24,Hospital_A,O_positive,46,47,1470,46,0,167,0,0,0,0,1,5,2022,21
2022-05-25,Hospital_A,O_positive,37,38,1471,37,0,130,0,0,0,0,2,5,2022,21
2022-05-26,Hospital_A,O_positive,37,40,1442,37,32,165,0,0,0,0,3,5,2022,21
2022-05-27,Hospital_A,O_positive,47,48,1443,47,0,228,0,0,0,0,4,5,2022,21
2022-05-28,Hospital_A,O_positive,29,24,1424,29,14,185,0,1,0,0,5,5,2022,21
2022-05-29,Hospital_A,O_positive,26,23,1421,26,0,203,0,1,0,0,6,5,2022,21
2022-05-30,Hospital_A,O_positive,58,65,1379,58,49,137,0,0,0,0,0,5,2022,22
2022-05-31,Hospital_A,O_positive,50,50,1327,50,52,70,0,0,0,0,1,5,2022,22
2022-06-01,Hospital_A,O_positive,40,56,1343,40,0,79,0,0,0,0,2,6,2022,22
2022-06-02,Hospital_A,O_positive,54,63,1352,54,0,96,0,0,0,0,3,6,2022,22
2022-06-03,Hospital_A,O_positive,45,51,1358,45,0,133,0,0,0,0,4,6,2022,22
2022-06-04,Hospital_A,O_positive,41,32,1349,41,0,92,0,1,0,0,5,6,2022,22
2022-06-05,Hospital_A,O_positive,23,20,1346,23,0,122,0,1,0,0,6,6,2022,22
2022-06-06,Hospital_A,O_positive,55,66,1357,55,0,116,0,0,0,0,0,6,2022,23
2022-06-07,Hospital_A,O_positive,46,57,1354,46,14,87,0,0,0,0,1,6,2022,23
2022-06-08,Hospital_A,O_positive,48,43,1349,48,0,39,0,0,0,0,2,6,2022,23
2022-06-09,Hospital_A,O_positive,45,58,1362,45,0,100,0,0,0,0,3,6,2022,23
2022-06-10,Hospital_A,O_positive,49,44,1357,49,0,90,0,0,0,0,4,6,2022,23
2022-06-11,Hospital_A,O_positive,33,36,1360,33,0,57,0,1,0,0,5,6,2022,23
2022-06-12,Hospital_A,O_positive,33,42,1369,33,0,24,0,1,0,0,6,6,2022,23
2022-06-13,Hospital_A,O_positive,39,40,1370,39,0,82,0,0,0,0,0,6,2022,24
2022-06-14,Hospital_A,O_positive,47,41,1364,47,0,35,0,0,0,0,1,6,2022,24
2022-06-15,Hospital_A,O_positive,41,39,1362,41,0,92,0,0,0,0,2,6,2022,24
2022-06-16,Hospital_A,O_positive,44,48,1366,44,0,97,0,0,0,0,3,6,2022,24
2022-06-17,Hospital_A,O_positive,52,37,1351,52,0,143,0,0,0,0,4,6,2022,24
2022-06-18,Hospital_A,O_positive,36,37,1352,36,0,133,0,1,0,0,5,6,2022,24
2022-06-19,Hospital_A,O_positive,33,42,1361,33,0,199,0,1,0,0,6,6,2022,24
2022-06-20,Hospital_A,O_positive,60,58,1359,60,0,139,0,0,0,0,0,6,2022,25
2022-06-21,Hospital_A,O_positive,50,55,1350,50,14,75,0,0,0,0,1,6,2022,25
2022-06-22,Hospital_A,O_positive,34,42,1358,34,0,112,0,0,0,0,2,6,2022,25
2022-06-23,Hospital_A,O_positive,43,38,1312,43,41,28,0,0,0,0,3,6,2022,25
2022-06-24,Hospital_A,O_positive,46,44,1310,46,0,0,0,0,0,0,4,6,2022,25
2022-06-25,Hospital_A,O_positive,27,29,1312,27,0,0,0,1,0,0,5,6,2022,25
2022-06-26,Hospital_A,O_positive,29,28,1311,29,0,0,0,1,0,0,6,6,2022,25
2022-06-27,Hospital_A,O_positive,48,59,1322,48,0,0,0,0,0,0,0,6,2022,26
2022-06-28,Hospital_A,O_positive,57,54,1319,57,0,0,0,0,0,0,1,6,2022,26
2022-06-29,Hospital_A,O_positive,43,45,1321,43,0,0,0,0,0,0,2,6,2022,26
2022-06-30,Hospital_A,O_positive,44,57,1334,44,0,0,0,0,0,0,3,6,2022,26
2022-07-01,Hospital_A,O_positive,53,63,1344,53,0,0,0,0,0,1,4,7,2022,26
2022-07-02,Hospital_A,O_positive,36,45,1353,36,0,0,0,1,0,1,5,7,2022,26
2022-07-03,Hospital_A,O_positive,47,46,1352,47,0,0,0,1,0,1,6,7,2022,26
2022-07-04,Hospital_A,O_positive,56,53,1349,56,0,0,0,0,0,1,0,7,2022,27
2022-07-05,Hospital_A,O_positive,60,68,1357,60,0,0,0,0,0,1,1,7,2022,27
2022-07-06,Hospital_A,O_positive,54,54,1357,54,0,25,0,0,0,1,2,7,2022,27
2022-07-07,Hospital_A,O_positive,44,47,1360,44,0,0,0,0,0,1,3,7,2022,27
2022-07-08,Hospital_A,O_positive,51,43,1352,51,0,0,0,0,0,1,4,7,2022,27
2022-07-09,Hospital_A,O_positive,32,38,1358,32,0,148,0,1,0,1,5,7,2022,27
2022-07-10,Hospital_A,O_positive,53,62,1367,53,0,151,0,1,0,1,6,7,2022,27
2022-07-11,Hospital_A,O_positive,63,62,1366,63,0,88,0,0,0,1,0,7,2022,28
2022-07-12,Hospital_A,O_positive,62,62,1366,62,0,26,0,0,0,1,1,7,2022,28
2022-07-13,Hospital_A,O_positive,43,50,1373,43,0,41,0,0,0,1,2,7,2022,28
2022-07-14,Hospital_A,O_positive,59,61,1375,59,0,85,0,0,0,1,3,7,2022,28
2022-07-15,Hospital_A,O_positive,40,52,1387,40,0,82,0,0,0,1,4,7,2022,28
2022-07-16,Hospital_A,O_positive,39,48,1396,39,0,91,0,1,0,1,5,7,2022,28
2022-07-17,Hospital_A,O_positive,32,35,1399,32,0,59,0,1,0,1,6,7,2022,28
2022-07-18,Hospital_A,O_positive,59,55,1395,59,0,0,0,0,0,1,0,7,2022,29
2022-07-19,Hospital_A,O_positive,51,51,1395,51,0,0,0,0,0,1,1,7,2022,29
2022-07-20,Hospital_A,O_positive,55,53,1393,55,0,20,0,0,0,1,2,7,2022,29
2022-07-21,Hospital_A,O_positive,43,58,1408,43,0,36,0,0,0,1,3,7,2022,29
2022-07-22,Hospital_A,O_positive,57,80,1431,57,0,0,0,0,0,1,4,7,2022,29
2022-07-23,Hospital_A,O_positive,47,58,1442,47,0,0,0,1,0,1,5,7,2022,29
2022-07-24,Hospital_A,O_positive,43,58,1457,43,0,0,0,1,0,1,6,7,2022,29
2022-07-25,Hospital_A,O_positive,58,67,1466,58,0,0,0,0,0,1,0,7,2022,30
2022-07-26,Hospital_A,O_positive,53,43,1456,53,0,34,0,0,0,1,1,7,2022,30
2022-07-27,Hospital_A,O_positive,56,63,1463,56,0,0,0,0,0,1,2,7,2022,30
2022-07-28,Hospital_A,O_positive,49,41,1455,49,0,0,0,0,0,1,3,7,2022,30
2022-07-29,Hospital_A,O_positive,54,51,1452,54,0,0,0,0,0,1,4,7,2022,30
2022-07-30,Hospital_A,O_positive,56,53,1449,56,0,0,0,1,0,1,5,7,2022,30
2022-07-31,Hospital_A,O_positive,40,46,1455,40,0,0,0,1,0,1,6,7,2022,30
2022-08-01,Hospital_A,O_positive,57,65,1463,57,0,1,0,0,0,1,0,8,2022,31
2022-08-02,Hospital_A,O_positive,56,59,1466,56,0,0,0,0,0,1,1,8,2022,31
2022-08-03,Hospital_A,O_positive,58,54,1462,58,0,0,0,0,0,1,2,8,2022,31
2022-08-04,Hospital_A,O_positive,63,61,1460,63,0,32,0,0,0,1,3,8,2022,31
2022-08-05,Hospital_A,O_positive,57,82,1485,57,0,0,0,0,0,1,4,8,2022,31
2022-08-06,Hospital_A,O_positive,40,38,1483,40,0,0,0,1,0,1,5,8,2022,31
2022-08-07,Hospital_A,O_positive,51,65,1497,51,0,63,0,1,0,1,6,8,2022,31
2022-08-08,Hospital_A,O_positive,70,76,1503,70,0,0,0,0,0,1,0,8,2022,32
2022-08-09,Hospital_A,O_positive,57,60,1506,57,0,0,0,0,0,1,1,8,2022,32
2022-08-10,Hospital_A,O_positive,66,74,1514,66,0,22,0,0,0,1,2,8,2022,32
2022-08-11,Hospital_A,O_positive,53,69,1530,53,0,23,0,0,0,1,3,8,2022,32
2022-08-12,Hospital_A,O_positive,56,61,1535,56,0,25,0,0,0,1,4,8,2022,32
2022-08-13,Hospital_A,O_positive,27,40,1548,27,0,0,0,1,0,1,5,8,2022,32
2022-08-14,Hospital_A,O_positive,37,41,1552,37,0,0,0,1,0,1,6,8,2022,32
2022-08-15,Hospital_A,O_positive,46,57,1563,46,0,0,0,0,1,1,0,8,2022,33
2022-08-16,Hospital_A,O_positive,44,53,1572,44,0,0,0,0,0,1,1,8,2022,33
2022-08-17,Hospital_A,O_positive,48,47,1571,48,0,0,0,0,0,1,2,8,2022,33
2022-08-18,Hospital_A,O_positive,45,44,1570,45,0,0,0,0,0,1,3,8,2022,33
2022-08-19,Hospital_A,O_positive,52,53,1571,52,0,0,0,0,0,1,4,8,2022,33
2022-08-20,Hospital_A,O_positive,32,44,1583,32,0,183,0,1,0,1,5,8,2022,33
2022-08-21,Hospital_A,O_positive,26,26,1583,26,0,209,0,1,0,1,6,8,2022,33
2022-08-22,Hospital_A,O_positive,71,76,1588,71,0,138,0,0,0,1,0,8,2022,34
2022-08-23,Hospital_A,O_positive,69,74,1593,69,0,134,0,0,0,1,1,8,2022,34
2022-08-24,Hospital_A,O_positive,48,53,1581,48,17,230,0,0,0,1,2,8,2022,34
2022-08-25,Hospital_A,O_positive,48,51,1580,48,4,178,0,0,0,1,3,8,2022,34
2022-08-26,Hospital_A,O_positive,52,58,1586,52,0,202,0,0,0,1,4,8,2022,34
2022-08-27,Hospital_A,O_positive,45,59,1600,45,0,195,0,1,0,1,5,8,2022,34
2022-08-28,Hospital_A,O_positive,32,40,1527,32,81,194,0,1,0,1,6,8,2022,34
2022-08-29,Hospital_A,O_positive,57,59,1529,57,0,219,0,0,0,1,0,8,2022,35
2022-08-30,Hospital_A,O_positive,40,42,1531,40,0,179,0,0,0,1,1,8,2022,35
2022-08-31,Hospital_A,O_positive,56,64,1539,56,0,215,0,0,0,1,2,8,2022,35
2022-09-01,Hospital_A,O_positive,51,75,1522,51,41,283,0,0,0,1,3,9,2022,35
2022-09-02,Hospital_A,O_positive,52,72,1511,52,31,261,0,0,0,1,4,9,2022,35
2022-09-03,Hospital_A,O_positive,36,28,1503,36,0,225,0,1,0,1,5,9,2022,35
2022-09-04,Hospital_A,O_positive,44,55,1510,44,4,177,0,1,0,1,6,9,2022,35
2022-09-05,Hospital_A,O_positive,64,76,1406,64,116,0,0,0,0,1,0,9,2022,36
2022-09-06,Hospital_A,O_positive,56,52,1402,56,0,98,0,0,0,1,1,9,2022,36
2022-09-07,Hospital_A,O_positive,51,55,1406,51,0,104,0,0,0,1,2,9,2022,36
2022-09-08,Hospital_A,O_positive,45,53,1414,45,0,59,0,0,0,1,3,9,2022,36
2022-09-09,Hospital_A,O_positive,46,53,1421,46,0,13,0,0,0,1,4,9,2022,36
2022-09-10,Hospital_A,O_positive,28,29,1422,28,0,172,0,1,0,1,5,9,2022,36
2022-09-11,Hospital_A,O_positive,30,31,1423,30,0,142,0,1,0,1,6,9,2022,36
2022-09-12,Hospital_A,O_positive,45,50,1428,45,0,97,0,0,0,1,0,9,2022,37
2022-09-13,Hospital_A,O_positive,46,51,1433,46,0,127,0,0,0,1,1,9,2022,37
2022-09-14,Hospital_A,O_positive,50,53,1385,50,51,26,0,0,0,1,2,9,2022,37
2022-09-15,Hospital_A,O_positive,46,46,1385,46,0,27,0,0,0,1,3,9,2022,37
2022-09-16,Hospital_A,O_positive,51,61,1395,51,0,0,0,0,0,1,4,9,2022,37
2022-09-17,Hospital_A,O_positive,37,42,1400,37,0,3,0,1,0,1,5,9,2022,37
2022-09-18,Hospital_A,O_positive,45,57,1412,45,0,69,0,1,0,1,6,9,2022,37
2022-09-19,Hospital_A,O_positive,55,71,1428,55,0,14,0,0,0,1,0,9,2022,38
2022-09-20,Hospital_A,O_positive,57,53,1424,57,0,10,0,0,0,1,1,9,2022,38
2022-09-21,Hospital_A,O_positive,49,68,1443,49,0,36,0,0,0,1,2,9,2022,38
2022-09-22,Hospital_A,O_positive,71,77,1449,71,0,65,0,0,0,1,3,9,2022,38
2022-09-23,Hospital_A,O_positive,46,60,1463,46,0,272,0,0,0,1,4,9,2022,38
2022-09-24,Hospital_A,O_positive,54,59,1468,54,0,218,0,1,0,1,5,9,2022,38
2022-09-25,Hospital_A,O_positive,36,43,1475,36,0,182,0,1,0,1,6,9,2022,38
2022-09-26,Hospital_A,O_positive,52,58,1481,52,0,225,0,0,0,1,0,9,2022,39
2022-09-27,Hospital_A,O_positive,62,67,1356,62,130,33,0,0,0,1,1,9,2022,39
2022-09-28,Hospital_A,O_positive,40,54,1370,40,0,67,0,0,0,1,2,9,2022,39
2022-09-29,Hospital_A,O_positive,45,58,1383,45,0,81,0,0,0,1,3,9,2022,39
2022-09-30,Hospital_A,O_positive,54,57,1386,54,0,27,0,0,0,1,4,9,2022,39
2022-10-01,Hospital_A,O_positive,38,52,1400,38,0,0,0,1,0,1,5,10,2022,39
2022-10-02,Hospital_A,O_positive,25,31,1406,25,0,0,0,1,1,1,6,10,2022,39
2022-10-03,Hospital_A,O_positive,60,75,1421,60,0,1,0,0,0,1,0,10,2022,40
2022-10-04,Hospital_A,O_positive,56,48,1413,56,0,0,0,0,0,1,1,10,2022,40
2022-10-05,Hospital_A,O_positive,76,81,1418,76,0,0,0,0,0,1,2,10,2022,40
2022-10-06,Hospital_A,O_positive,57,62,1423,57,0,0,0,0,0,1,3,10,2022,40
2022-10-07,Hospital_A,O_positive,53,60,1430,53,0,0,0,0,0,1,4,10,2022,40
2022-10-08,Hospital_A,O_positive,40,28,1418,40,0,0,0,1,0,1,5,10,2022,40
2022-10-09,Hospital_A,O_positive,47,49,1420,47,0,0,0,1,0,1,6,10,2022,40
2022-10-10,Hospital_A,O_positive,76,78,1422,76,0,0,0,0,0,1,0,10,2022,41
2022-10-11,Hospital_A,O_positive,35,36,1423,35,0,0,0,0,0,1,1,10,2022,41
2022-10-12,Hospital_A,O_positive,62,70,1431,62,0,0,0,0,0,1,2,10,2022,41
2022-10-13,Hospital_A,O_positive,50,54,1435,50,0,0,0,0,0,1,3,10,2022,41
2022-10-14,Hospital_A,O_positive,47,44,1432,47,0,0,0,0,0,1,4,10,2022,41
2022-10-15,Hospital_A,O_positive,39,45,1438,39,0,0,0,1,0,1,5,10,2022,41
2022-10-16,Hospital_A,O_positive,31,31,1438,31,0,0,0,1,0,1,6,10,2022,41
2022-10-17,Hospital_A,O_positive,72,83,1449,72,0,0,0,0,0,1,0,10,2022,42
2022-10-18,Hospital_A,O_positive,52,63,1460,52,0,0,0,0,0,1,1,10,2022,42
2022-10-19,Hospital_A,O_positive,57,67,1470,57,0,0,0,0,0,1,2,10,2022,42
2022-10-20,Hospital_A,O_positive,58,60,1472,58,0,0,0,0,0,1,3,10,2022,42
2022-10-21,Hospital_A,O_positive,44,39,1467,44,0,0,0,0,0,1,4,10,2022,42
2022-10-22,Hospital_A,O_positive,40,39,1466,40,0,0,0,1,0,1,5,10,2022,42
2022-10-23,Hospital_A,O_positive,49,52,1469,49,0,0,0,1,0,1,6,10,2022,42
2022-10-24,Hospital_A,O_positive,33,37,1473,33,0,0,0,0,1,1,0,10,2022,43
2022-10-25,Hospital_A,O_positive,49,47,1471,49,0,0,0,0,0,1,1,10,2022,43
2022-10-26,Hospital_A,O_positive,50,54,1475,50,0,0,0,0,0,1,2,10,2022,43
2022-10-27,Hospital_A,O_positive,50,55,1480,50,0,0,0,0,0,1,3,10,2022,43
2022-10-28,Hospital_A,O_positive,69,82,1493,69,0,0,0,0,0,1,4,10,2022,43
2022-10-29,Hospital_A,O_positive,37,34,1490,37,0,0,0,1,0,1,5,10,2022,43
2022-10-30,Hospital_A,O_positive,35,45,1500,35,0,0,0,1,0,1,6,10,2022,43
2022-10-31,Hospital_A,O_positive,69,72,1503,69,0,0,0,0,0,1,0,10,2022,44
2022-11-01,Hospital_A,O_positive,33,36,1506,33,0,0,0,0,0,0,1,11,2022,44
2022-11-02,Hospital_A,O_positive,48,44,1502,48,0,0,0,0,0,0,2,11,2022,44
2022-11-03,Hospital_A,O_positive,56,64,1510,56,0,0,0,0,0,0,3,11,2022,44
2022-11-04,Hospital_A,O_positive,39,40,1511,39,0,0,0,0,0,0,4,11,2022,44
2022-11-05,Hospital_A,O_positive,26,42,1527,26,0,0,0,1,0,0,5,11,2022,44
2022-11-06,Hospital_A,O_positive,30,29,1526,30,0,74,0,1,0,0,6,11,2022,44
2022-11-07,Hospital_A,O_positive,52,45,1519,52,0,80,0,0,0,0,0,11,2022,45
2022-11-08,Hospital_A,O_positive,49,56,1526,49,0,70,0,0,0,0,1,11,2022,45
2022-11-09,Hospital_A,O_positive,39,47,1534,39,0,146,0,0,0,0,2,11,2022,45
2022-11-10,Hospital_A,O_positive,54,55,1535,54,0,175,0,0,0,0,3,11,2022,45
2022-11-11,Hospital_A,O_positive,44,47,1538,44,0,131,0,0,0,0,4,11,2022,45
2022-11-12,Hospital_A,O_positive,24,29,1543,24,0,251,0,1,0,0,5,11,2022,45
2022-11-13,Hospital_A,O_positive,32,39,1526,32,24,255,0,1,0,0,6,11,2022,45
2022-11-14,Hospital_A,O_positive,57,60,1478,57,51,147,0,0,0,0,0,11,2022,46
2022-11-15,Hospital_A,O_positive,47,48,1479,47,0,139,0,0,0,0,1,11,2022,46
2022-11-16,Hospital_A,O_positive,38,52,1453,38,40,162,0,0,0,0,2,11,2022,46
2022-11-17,Hospital_A,O_positive,44,38,1425,44,22,150,0,0,0,0,3,11,2022,46
2022-11-18,Hospital_A,O_positive,48,49,1426,48,0,102,0,0,0,0,4,11,2022,46
2022-11-19,Hospital_A,O_positive,35,42,1433,35,0,127,0,1,0,0,5,11,2022,46
2022-11-20,Hospital_A,O_positive,26,27,1421,26,13,88,0,1,0,0,6,11,2022,46
2022-11-21,Hospital_A,O_positive,35,30,1388,35,28,77,0,0,0,0,0,11,2022,47
2022-11-22,Hospital_A,O_positive,56,53,1385,56,0,21,0,0,0,0,1,11,2022,47
2022-11-23,Hospital_A,O_positive,44,48,1389,44,0,44,0,0,0,0,2,11,2022,47
2022-11-24,Hospital_A,O_positive,36,30,1383,36,0,53,0,0,0,0,3,11,2022,47
2022-11-25,Hospital_A,O_positive,35,40,1388,35,0,73,0,0,0,0,4,11,2022,47
2022-11-26,Hospital_A,O_positive,31,33,1390,31,0,42,0,1,0,0,5,11,2022,47
2022-11-27,Hospital_A,O_positive,30,33,1393,30,0,48,0,1,0,0,6,11,2022,47
2022-11-28,Hospital_A,O_positive,64,60,1389,64,0,0,0,0,0,0,0,11,2022,48
2022-11-29,Hospital_A,O_positive,41,40,1388,41,0,0,0,0,0,0,1,11,2022,48
2022-11-30,Hospital_A,O_positive,48,52,1392,48,0,0,0,0,0,0,2,11,2022,48
2022-12-01,Hospital_A,O_positive,36,42,1398,36,0,17,0,0,0,0,3,12,2022,48
2022-12-02,Hospital_A,O_positive,59,62,1401,59,0,0,0,0,0,0,4,12,2022,48
2022-12-03,Hospital_A,O_positive,29,24,1396,29,0,0,0,1,0,0,5,12,2022,48
2022-12-04,Hospital_A,O_positive,38,48,1406,38,0,40,0,1,0,0,6,12,2022,48
2022-12-05,Hospital_A,O_positive,48,49,1407,48,0,114,0,0,0,0,0,12,2022,49
2022-12-06,Hospital_A,O_positive,43,53,1417,43,0,110,0,0,0,0,1,12,2022,49
2022-12-07,Hospital_A,O_positive,45,47,1419,45,0,94,0,0,0,0,2,12,2022,49
2022-12-08,Hospital_A,O_positive,42,48,1425,42,0,134,0,0,0,0,3,12,2022,49
2022-12-09,Hospital_A,O_positive,41,36,1420,41,0,165,0,0,0,0,4,12,2022,49
2022-12-10,Hospital_A,O_positive,25,30,1425,25,0,140,0,1,0,0,5,12,2022,49
2022-12-11,Hospital_A,O_positive,27,44,1442,27,0,228,0,1,0,0,6,12,2022,49
2022-12-12,Hospital_A,O_positive,55,58,1404,55,41,132,0,0,0,0,0,12,2022,50
2022-12-13,Hospital_A,O_positive,47,51,1391,47,17,68,0,0,0,0,1,12,2022,50
2022-12-14,Hospital_A,O_positive,44,56,1403,44,0,209,0,0,0,0,2,12,2022,50
2022-12-15,Hospital_A,O_positive,47,48,1380,47,24,243,0,0,0,0,3,12,2022,50
2022-12-16,Hospital_A,O_positive,52,65,1393,52,0,191,0,0,0,0,4,12,2022,50
2022-12-17,Hospital_A,O_positive,30,34,1397,30,0,209,0,1,0,0,5,12,2022,50
2022-12-18,Hospital_A,O_positive,29,24,1336,29,56,151,0,1,0,0,6,12,2022,50
2022-12-19,Hospital_A,O_positive,67,84,1277,67,76,8,0,0,0,0,0,12,2022,51
2022-12-20,Hospital_A,O_positive,39,42,1280,39,0,0,0,0,0,0,1,12,2022,51
2022-12-21,Hospital_A,O_positive,52,69,1297,52,0,0,0,0,0,0,2,12,2022,51
2022-12-22,Hospital_A,O_positive,54,62,1305,54,0,0,0,0,0,0,3,12,2022,51
2022-12-23,Hospital_A,O_positive,46,34,1293,46,0,0,0,0,0,0,4,12,2022,51
2022-12-24,Hospital_A,O_positive,41,45,1297,41,0,51,0,1,0,0,5,12,2022,51
2022-12-25,Hospital_A,O_positive,25,27,1299,25,0,26,0,1,1,0,6,12,2022,51
2022-12-26,Hospital_A,O_positive,67,75,1307,67,0,19,0,0,0,0,0,12,2022,52
2022-12-27,Hospital_A,O_positive,40,32,1299,40,0,0,0,0,0,0,1,12,2022,52
2022-12-28,Hospital_A,O_positive,39,47,1307,39,0,55,0,0,0,0,2,12,2022,52
2022-12-29,Hospital_A,O_positive,43,39,1303,43,0,12,0,0,0,0,3,12,2022,52
2022-12-30,Hospital_A,O_positive,44,62,1321,44,0,50,0,0,0,0,4,12,2022,52
2022-12-31,Hospital_A,O_positive,34,28,1315,34,0,16,0,1,0,0,5,12,2022,52
2023-01-01,Hospital_A,O_positive,41,40,1314,41,0,15,0,1,0,0,6,1,2023,52
2023-01-02,Hospital_A,O_positive,63,65,1316,63,0,0,0,0,0,0,0,1,2023,1
2023-01-03,Hospital_A,O_positive,36,41,1321,36,0,0,0,0,0,0,1,1,2023,1
2023-01-04,Hospital_A,O_positive,61,69,1329,61,0,0,0,0,0,0,2,1,2023,1
2023-01-05,Hospital_A,O_positive,38,51,1342,38,0,0,0,0,0,0,3,1,2023,1
2023-01-06,Hospital_A,O_positive,50,61,1353,50,0,0,0,0,0,0,4,1,2023,1
2023-01-07,Hospital_A,O_positive,37,36,1352,37,0,0,0,1,0,0,5,1,2023,1
2023-01-08,Hospital_A,O_positive,33,39,1358,33,0,17,0,1,0,0,6,1,2023,1
2023-01-09,Hospital_A,O_positive,54,60,1364,54,0,117,0,0,0,0,0,1,2023,2
2023-01-10,Hospital_A,O_positive,68,56,1352,68,0,49,0,0,0,0,1,1,2023,2
2023-01-11,Hospital_A,O_positive,46,34,1340,46,0,3,0,0,0,0,2,1,2023,2
2023-01-12,Hospital_A,O_positive,40,46,1346,40,0,80,0,0,0,0,3,1,2023,2
2023-01-13,Hospital_A,O_positive,43,46,1349,43,0,61,0,0,0,0,4,1,2023,2
2023-01-14,Hospital_A,O_positive,30,34,1353,30,0,87,0,1,0,0,5,1,2023,2
2023-01-15,Hospital_A,O_positive,33,30,1350,33,0,86,0,1,0,0,6,1,2023,2
2023-01-16,Hospital_A,O_positive,59,67,1358,59,0,27,0,0,0,0,0,1,2023,3
2023-01-17,Hospital_A,O_positive,33,40,1365,33,0,38,0,0,0,0,1,1,2023,3
2023-01-18,Hospital_A,O_positive,43,53,1375,43,0,57,0,0,0,0,2,1,2023,3
2023-01-19,Hospital_A,O_positive,43,52,1384,43,0,79,0,0,0,0,3,1,2023,3
2023-01-20,Hospital_A,O_positive,48,56,1392,48,0,31,0,0,0,0,4,1,2023,3
2023-01-21,Hospital_A,O_positive,26,25,1391,26,0,53,0,1,0,0,5,1,2023,3
2023-01-22,Hospital_A,O_positive,24,28,1395,24,0,71,0,1,0,0,6,1,2023,3
2023-01-23,Hospital_A,O_positive,62,62,1395,62,0,9,0,0,0,0,0,1,2023,4
2023-01-24,Hospital_A,O_positive,54,67,1408,54,0,0,0,0,0,0,1,1,2023,4
2023-01-25,Hospital_A,O_positive,48,63,1423,48,0,36,0,0,0,0,2,1,2023,4
2023-01-26,Hospital_A,O_positive,21,24,1426,21,0,124,0,0,1,0,3,1,2023,4
2023-01-27,Hospital_A,O_positive,44,41,1423,44,0,80,0,0,0,0,4,1,2023,4
2023-01-28,Hospital_A,O_positive,33,30,1420,33,0,103,0,1,0,0,5,1,2023,4
2023-01-29,Hospital_A,O_positive,26,28,1422,26,0,77,0,1,0,0,6,1,2023,4
2023-01-30,Hospital_A,O_positive,51,56,1406,51,21,5,0,0,0,0,0,1,2023,5
2023-01-31,Hospital_A,O_positive,47,59,1418,47,0,37,0,0,0,0,1,1,2023,5
2023-02-01,Hospital_A,O_positive,53,67,1432,53,0,144,0,0,0,0,2,2,2023,5
2023-02-02,Hospital_A,O_positive,39,48,1441,39,0,182,0,0,0,0,3,2,2023,5
2023-02-03,Hospital_A,O_positive,40,45,1446,40,0,142,0,0,0,0,4,2,2023,5
2023-02-04,Hospital_A,O_positive,26,31,1451,26,0,150,0,1,0,0,5,2,2023,5
2023-02-05,Hospital_A,O_positive,37,44,1419,37,39,167,0,1,0,0,6,2,2023,5
2023-02-06,Hospital_A,O_positive,59,70,1390,59,40,68,0,0,0,0,0,2,2023,6
2023-02-07,Hospital_A,O_positive,36,39,1393,36,0,92,0,0,0,0,1,2,2023,6
2023-02-08,Hospital_A,O_positive,36,42,1399,36,0,176,0,0,0,0,2,2,2023,6
2023-02-09,Hospital_A,O_positive,59,61,1401,59,0,117,0,0,0,0,3,2,2023,6
2023-02-10,Hospital_A,O_positive,50,64,1415,50,0,170,0,0,0,0,4,2,2023,6
2023-02-11,Hospital_A,O_positive,30,31,1416,30,0,213,0,1,0,0,5,2,2023,6
2023-02-12,Hospital_A,O_positive,28,50,1401,28,37,251,0,1,0,0,6,2,2023,6
2023-02-13,Hospital_A,O_positive,50,48,1399,50,0,201,0,0,0,0,0,2,2023,7
2023-02-14,Hospital_A,O_positive,49,45,1370,49,25,127,0,0,0,0,1,2,2023,7
2023-02-15,Hospital_A,O_positive,48,57,1355,48,24,55,0,0,0,0,2,2,2023,7
2023-02-16,Hospital_A,O_positive,48,46,1298,48,55,0,0,0,0,0,3,2,2023,7
2023-02-17,Hospital_A,O_positive,50,54,1302,50,0,0,0,0,0,0,4,2,2023,7
2023-02-18,Hospital_A,O_positive,38,37,1301,38,0,0,0,1,0,0,5,2,2023,7
2023-02-19,Hospital_A,O_positive,37,41,1305,37,0,0,0,1,0,0,6,2,2023,7
2023-02-20,Hospital_A,O_positive,57,80,1328,57,0,0,0,0,0,0,0,2,2023,8
2023-02-21,Hospital_A,O_positive,50,50,1328,50,0,0,0,0,0,0,1,2,2023,8
2023-02-22,Hospital_A,O_positive,39,44,1333,39,0,0,0,0,0,0,2,2,2023,8
2023-02-23,Hospital_A,O_positive,40,39,1332,40,0,0,0,0,0,0,3,2,2023,8
2023-02-24,Hospital_A,O_positive,37,36,1331,37,0,41,0,0,0,0,4,2,2023,8
2023-02-25,Hospital_A,O_positive,38,45,1338,38,0,3,0,1,0,0,5,2,2023,8
2023-02-26,Hospital_A,O_positive,34,31,1335,34,0,31,0,1,0,0,6,2,2023,8
2023-02-27,Hospital_A,O_positive,64,72,1343,64,0,0,0,0,0,0,0,2,2023,9
2023-02-28,Hospital_A,O_positive,44,43,1342,44,0,0,0,0,0,0,1,2,2023,9
2023-03-01,Hospital_A,O_positive,39,45,1348,39,0,0,0,0,0,0,2,3,2023,9
2023-03-02,Hospital_A,O_positive,41,48,1355,41,0,0,0,0,0,0,3,3,2023,9
2023-03-03,Hospital_A,O_positive,35,39,1359,35,0,0,0,0,0,0,4,3,2023,9
2023-03-04,Hospital_A,O_positive,35,41,1365,35,0,0,0,1,0,0,5,3,2023,9
2023-03-05,Hospital_A,O_positive,26,24,1363,26,0,0,0,1,0,0,6,3,2023,9
2023-03-06,Hospital_A,O_positive,51,54,1366,51,0,0,0,0,0,0,0,3,2023,10
2023-03-07,Hospital_A,O_positive,48,63,1381,48,0,0,0,0,0,0,1,3,2023,10
2023-03-08,Hospital_A,O_positive,13,10,1378,13,0,0,0,0,1,0,2,3,2023,10
2023-03-09,Hospital_A,O_positive,48,46,1376,48,0,0,0,0,0,0,3,3,2023,10
2023-03-10,Hospital_A,O_positive,39,45,1382,39,0,31,0,0,0,0,4,3,2023,10
2023-03-11,Hospital_A,O_positive,35,40,1387,35,0,27,0,1,0,0,5,3,2023,10
2023-03-12,Hospital_A,O_positive,32,29,1384,32,0,97,0,1,0,0,6,3,2023,10
2023-03-13,Hospital_A,O_positive,53,44,1375,53,0,136,0,0,0,0,0,3,2023,11
2023-03-14,Hospital_A,O_positive,54,53,1374,54,0,113,0,0,0,0,1,3,2023,11
2023-03-15,Hospital_A,O_positive,47,62,1389,47,0,111,0,0,0,0,2,3,2023,11
2023-03-16,Hospital_A,O_positive,63,59,1385,63,0,133,0,0,0,0,3,3,2023,11
2023-03-17,Hospital_A,O_positive,45,52,1392,45,0,132,0,0,0,0,4,3,2023,11
2023-03-18,Hospital_A,O_positive,40,33,1385,40,0,123,0,1,0,0,5,3,2023,11
2023-03-19,Hospital_A,O_positive,36,40,1389,36,0,174,0,1,0,0,6,3,2023,11
2023-03-20,Hospital_A,O_positive,50,49,1376,50,12,157,0,0,0,0,0,3,2023,12
2023-03-21,Hospital_A,O_positive,52,57,1381,52,0,249,0,0,0,0,1,3,2023,12
2023-03-22,Hospital_A,O_positive,39,51,1393,39,0,210,0,0,0,0,2,3,2023,12
2023-03-23,Hospital_A,O_positive,36,44,1380,36,21,225,0,0,0,0,3,3,2023,12
2023-03-24,Hospital_A,O_positive,46,67,1392,46,9,290,0,0,0,0,4,3,2023,12
2023-03-25,Hospital_A,O_positive,20,22,1296,20,98,172,0,1,0,0,5,3,2023,12
2023-03-26,Hospital_A,O_positive,28,34,1302,28,0,154,0,1,0,0,6,3,2023,12
2023-03-27,Hospital_A,O_positive,54,60,1284,54,24,76,0,0,0,0,0,3,2023,13
2023-03-28,Hospital_A,O_positive,40,35,1213,40,66,11,0,0,0,0,1,3,2023,13
2023-03-29,Hospital_A,O_positive,42,36,1207,42,0,0,0,0,0,0,2,3,2023,13
2023-03-30,Hospital_A,O_positive,45,47,1209,45,0,0,0,0,0,0,3,3,2023,13
2023-03-31,Hospital_A,O_positive,49,54,1214,49,0,0,0,0,0,0,4,3,2023,13
2023-04-01,Hospital_A,O_positive,30,26,1210,30,0,0,0,1,0,0,5,4,2023,13
2023-04-02,Hospital_A,O_positive,30,35,1215,30,0,0,0,1,0,0,6,4,2023,13
2023-04-03,Hospital_A,O_positive,68,68,1215,68,0,0,0,0,0,0,0,4,2023,14
2023-04-04,Hospital_A,O_positive,50,42,1207,50,0,0,0,0,0,0,1,4,2023,14
2023-04-05,Hospital_A,O_positive,49,57,1215,49,0,0,0,0,0,0,2,4,2023,14
2023-04-06,Hospital_A,O_positive,53,63,1225,53,0,0,0,0,0,0,3,4,2023,14
2023-04-07,Hospital_A,O_positive,52,48,1221,52,0,0,0,0,0,0,4,4,2023,14
2023-04-08,Hospital_A,O_positive,28,23,1216,28,0,0,0,1,0,0,5,4,2023,14
2023-04-09,Hospital_A,O_positive,25,17,1208,25,0,0,0,1,0,0,6,4,2023,14
2023-04-10,Hospital_A,O_positive,68,84,1224,68,0,5,0,0,0,0,0,4,2023,15
2023-04-11,Hospital_A,O_positive,47,48,1225,47,0,55,0,0,0,0,1,4,2023,15
2023-04-12,Hospital_A,O_positive,45,56,1236,45,0,54,0,0,0,0,2,4,2023,15
2023-04-13,Hospital_A,O_positive,44,38,1230,44,0,10,0,0,0,0,3,4,2023,15
2023-04-14,Hospital_A,O_positive,39,46,1237,39,0,0,0,0,0,0,4,4,2023,15
2023-04-15,Hospital_A,O_positive,28,25,1234,28,0,0,0,1,0,0,5,4,2023,15
2023-04-16,Hospital_A,O_positive,31,38,1241,31,0,79,0,1,0,0,6,4,2023,15
2023-04-17,Hospital_A,O_positive,38,35,1238,38,0,81,0,0,0,0,0,4,2023,16
2023-04-18,Hospital_A,O_positive,53,56,1241,53,0,62,0,0,0,0,1,4,2023,16
2023-04-19,Hospital_A,O_positive,41,45,1245,41,0,21,0,0,0,0,2,4,2023,16
2023-04-20,Hospital_A,O_positive,45,64,1264,45,0,0,0,0,0,0,3,4,2023,16
2023-04-21,Hospital_A,O_positive,48,47,1263,48,0,0,0,0,0,0,4,4,2023,16
2023-04-22,Hospital_A,O_positive,36,38,1265,36,0,0,0,1,0,0,5,4,2023,16
2023-04-23,Hospital_A,O_positive,31,36,1270,31,0,0,0,1,0,0,6,4,2023,16
2023-04-24,Hospital_A,O_positive,69,66,1267,69,0,0,0,0,0,0,0,4,2023,17
2023-04-25,Hospital_A,O_positive,48,58,1277,48,0,0,0,0,0,0,1,4,2023,17
2023-04-26,Hospital_A,O_positive,50,59,1286,50,0,0,0,0,0,0,2,4,2023,17
2023-04-27,Hospital_A,O_positive,49,70,1307,49,0,0,0,0,0,0,3,4,2023,17
2023-04-28,Hospital_A,O_positive,37,35,1305,37,0,0,0,0,0,0,4,4,2023,17
2023-04-29,Hospital_A,O_positive,31,40,1314,31,0,0,0,1,0,0,5,4,2023,17
2023-04-30,Hospital_A,O_positive,29,28,1313,29,0,0,0,1,0,0,6,4,2023,17
2023-05-01,Hospital_A,O_positive,65,84,1332,65,0,0,0,0,0,0,0,5,2023,18
2023-05-02,Hospital_A,O_positive,49,63,1346,49,0,0,0,0,0,0,1,5,2023,18
2023-05-03,Hospital_A,O_positive,44,48,1350,44,0,0,0,0,0,0,2,5,2023,18
2023-05-04,Hospital_A,O_positive,46,50,1354,46,0,0,0,0,0,0,3,5,2023,18
2023-05-05,Hospital_A,O_positive,38,34,1350,38,0,47,0,0,0,0,4,5,2023,18
2023-05-06,Hospital_A,O_positive,42,45,1353,42,0,95,0,1,0,0,5,5,2023,18
2023-05-07,Hospital_A,O_positive,31,32,1354,31,0,102,0,1,0,0,6,5,2023,18
2023-05-08,Hospital_A,O_positive,66,79,1367,66,0,36,0,0,0,0,0,5,2023,19
2023-05-09,Hospital_A,O_positive,42,34,1359,42,0,0,0,0,0,0,1,5,2023,19
2023-05-10,Hospital_A,O_positive,36,51,1374,36,0,0,0,0,0,0,2,5,2023,19
2023-05-11,Hospital_A,O_positive,35,29,1368,35,0,0,0,0,0,0,3,5,2023,19
2023-05-12,Hospital_A,O_positive,52,62,1378,52,0,0,0,0,0,0,4,5,2023,19
2023-05-13,Hospital_A,O_positive,30,34,1382,30,0,13,0,1,0,0,5,5,2023,19
2023-05-14,Hospital_A,O_positive,34,52,1400,34,0,0,0,1,0,0,6,5,2023,19
2023-05-15,Hospital_A,O_positive,53,68,1415,53,0,0,0,0,0,0,0,5,2023,20
2023-05-16,Hospital_A,O_positive,41,37,1411,41,0,14,0,0,0,0,1,5,2023,20
2023-05-17,Hospital_A,O_positive,44,53,1420,44,0,18,0,0,0,0,2,5,2023,20
2023-05-18,Hospital_A,O_positive,38,43,1425,38,0,36,0,0,0,0,3,5,2023,20
2023-05-19,Hospital_A,O_positive,45,48,1428,45,0,57,0,0,0,0,4,5,2023,20
2023-05-20,Hospital_A,O_positive,37,35,1426,37,0,20,0,1,0,0,5,5,2023,20
2023-05-21,Hospital_A,O_positive,33,33,1426,33,0,99,0,1,0,0,6,5,2023,20
2023-05-22,Hospital_A,O_positive,47,58,1437,47,0,204,0,0,0,0,0,5,2023,21
2023-05-23,Hospital_A,O_positive,42,44,1439,42,0,162,0,0,0,0,1,5,2023,21
2023-05-24,Hospital_A,O_positive,45,56,1450,45,0,155,0,0,0,0,2,5,2023,21
2023-05-25,Hospital_A,O_positive,43,42,1449,43,0,112,0,0,0,0,3,5,2023,21
2023-05-26,Hospital_A,O_positive,49,62,1388,49,74,0,0,0,0,0,4,5,2023,21
2023-05-27,Hospital_A,O_positive,45,47,1390,45,0,53,0,1,0,0,5,5,2023,21
2023-05-28,Hospital_A,O_positive,29,37,1398,29,0,75,0,1,0,0,6,5,2023,21
2023-05-29,Hospital_A,O_positive,61,62,1399,61,0,62,0,0,0,0,0,5,2023,22
2023-05-30,Hospital_A,O_positive,47,39,1391,47,0,118,0,0,0,0,1,5,2023,22
2023-05-31,Hospital_A,O_positive,53,50,1388,53,0,127,0,0,0,0,2,5,2023,22
2023-06-01,Hospital_A,O_positive,39,46,1395,39,0,88,0,0,0,0,3,6,2023,22
2023-06-02,Hospital_A,O_positive,46,52,1401,46,0,100,0,0,0,0,4,6,2023,22
2023-06-03,Hospital_A,O_positive,29,37,1409,29,0,187,0,1,0,0,5,6,2023,22
2023-06-04,Hospital_A,O_positive,26,36,1406,26,13,216,0,1,0,0,6,6,2023,22
2023-06-05,Hospital_A,O_positive,48,63,1421,48,0,168,0,0,0,0,0,6,2023,23
2023-06-06,Hospital_A,O_positive,60,68,1429,60,0,137,0,0,0,0,1,6,2023,23
2023-06-07,Hospital_A,O_positive,41,50,1398,41,40,109,0,0,0,0,2,6,2023,23
2023-06-08,Hospital_A,O_positive,54,53,1370,54,27,107,0,0,0,0,3,6,2023,23
2023-06-09,Hospital_A,O_positive,37,37,1370,37,0,137,0,0,0,0,4,6,2023,23
2023-06-10,Hospital_A,O_positive,30,28,1368,30,0,157,0,1,0,0,5,6,2023,23
2023-06-11,Hospital_A,O_positive,36,43,1375,36,0,121,0,1,0,0,6,6,2023,23
2023-06-12,Hospital_A,O_positive,51,62,1382,51,4,66,0,0,0,0,0,6,2023,24
2023-06-13,Hospital_A,O_positive,48,54,1372,48,16,116,0,0,0,0,1,6,2023,24
2023-06-14,Hospital_A,O_positive,42,37,1365,42,2,138,0,0,0,0,2,6,2023,24
2023-06-15,Hospital_A,O_positive,47,56,1374,47,0,139,0,0,0,0,3,6,2023,24
2023-06-16,Hospital_A,O_positive,50,55,1379,50,0,89,0,0,0,0,4,6,2023,24
2023-06-17,Hospital_A,O_positive,36,34,1377,36,0,103,0,1,0,0,5,6,2023,24
2023-06-18,Hospital_A,O_positive,33,31,1370,33,5,65,0,1,0,0,6,6,2023,24
2023-06-19,Hospital_A,O_positive,62,61,1354,62,15,0,0,0,0,0,0,6,2023,25
2023-06-20,Hospital_A,O_positive,37,32,1349,37,0,85,0,0,0,0,1,6,2023,25
2023-06-21,Hospital_A,O_positive,60,47,1336,60,0,83,0,0,0,0,2,6,2023,25
2023-06-22,Hospital_A,O_positive,52,42,1326,52,0,73,0,0,0,0,3,6,2023,25
2023-06-23,Hospital_A,O_positive,47,56,1335,47,0,137,0,0,0,0,4,6,2023,25
2023-06-24,Hospital_A,O_positive,27,37,1345,27,0,166,0,1,0,0,5,6,2023,25
2023-06-25,Hospital_A,O_positive,38,28,1335,38,0,165,0,1,0,0,6,6,2023,25
2023-06-26,Hospital_A,O_positive,61,62,1336,61,0,157,0,0,0,0,0,6,2023,26
2023-06-27,Hospital_A,O_positive,51,59,1333,51,11,228,0,0,0,0,1,6,2023,26
2023-06-28,Hospital_A,O_positive,44,41,1325,44,5,225,0,0,0,0,2,6,2023,26
2023-06-29,Hospital_A,O_positive,43,57,1339,43,0,229,0,0,0,0,3,6,2023,26
2023-06-30,Hospital_A,O_positive,44,49,1341,44,3,221,0,0,0,0,4,6,2023,26
2023-07-01,Hospital_A,O_positive,32,33,1253,32,89,100,0,1,0,1,5,7,2023,26
2023-07-02,Hospital_A,O_positive,42,46,1243,42,14,44,0,1,0,1,6,7,2023,26
2023-07-03,Hospital_A,O_positive,54,60,1244,54,5,22,0,0,0,1,0,7,2023,27
2023-07-04,Hospital_A,O_positive,51,61,1254,51,0,25,0,0,0,1,1,7,2023,27
2023-07-05,Hospital_A,O_positive,58,73,1269,58,0,1,0,0,0,1,2,7,2023,27
2023-07-06,Hospital_A,O_positive,57,62,1274,57,0,0,0,0,0,1,3,7,2023,27
2023-07-07,Hospital_A,O_positive,56,54,1272,56,0,41,0,0,0,1,4,7,2023,27
2023-07-08,Hospital_A,O_positive,41,39,1270,41,0,0,0,1,0,1,5,7,2023,27
2023-07-09,Hospital_A,O_positive,57,72,1285,57,0,0,0,1,0,1,6,7,2023,27
2023-07-10,Hospital_A,O_positive,63,47,1269,63,0,0,0,0,0,1,0,7,2023,28
2023-07-11,Hospital_A,O_positive,46,55,1278,46,0,0,0,0,0,1,1,7,2023,28
2023-07-12,Hospital_A,O_positive,49,43,1272,49,0,11,0,0,0,1,2,7,2023,28
2023-07-13,Hospital_A,O_positive,54,63,1281,54,0,7,0,0,0,1,3,7,2023,28
2023-07-14,Hospital_A,O_positive,45,49,1285,45,0,0,0,0,0,1,4,7,2023,28
2023-07-15,Hospital_A,O_positive,47,52,1290,47,0,0,0,1,0,1,5,7,2023,28
2023-07-16,Hospital_A,O_positive,52,42,1280,52,0,0,0,1,0,1,6,7,2023,28
2023-07-17,Hospital_A,O_positive,59,69,1290,59,0,0,0,0,0,1,0,7,2023,29
2023-07-18,Hospital_A,O_positive,61,64,1293,61,0,0,0,0,0,1,1,7,2023,29
2023-07-19,Hospital_A,O_positive,48,62,1307,48,0,0,0,0,0,1,2,7,2023,29
2023-07-20,Hospital_A,O_positive,54,53,1306,54,0,0,0,0,0,1,3,7,2023,29
2023-07-21,Hospital_A,O_positive,43,50,1313,43,0,0,0,0,0,1,4,7,2023,29
2023-07-22,Hospital_A,O_positive,42,55,1326,42,0,0,0,1,0,1,5,7,2023,29
2023-07-23,Hospital_A,O_positive,39,49,1336,39,0,0,0,1,0,1,6,7,2023,29
2023-07-24,Hospital_A,O_positive,69,78,1345,69,0,0,0,0,0,1,0,7,2023,30
2023-07-25,Hospital_A,O_positive,49,55,1351,49,0,0,0,0,0,1,1,7,2023,30
2023-07-26,Hospital_A,O_positive,56,69,1364,56,0,0,0,0,0,1,2,7,2023,30
2023-07-27,Hospital_A,O_positive,55,74,1383,55,0,0,0,0,0,1,3,7,2023,30
2023-07-28,Hospital_A,O_positive,43,52,1392,43,0,0,0,0,0,1,4,7,2023,30
2023-07-29,Hospital_A,O_positive,51,58,1399,51,0,0,0,1,0,1,5,7,2023,30
2023-07-30,Hospital_A,O_positive,55,68,1412,55,0,0,0,1,0,1,6,7,2023,30
2023-07-31,Hospital_A,O_positive,62,78,1428,62,0,0,0,0,0,1,0,7,2023,31
2023-08-01,Hospital_A,O_positive,59,76,1445,59,0,0,0,0,0,1,1,8,2023,31
2023-08-02,Hospital_A,O_positive,63,65,1447,63,0,0,0,0,0,1,2,8,2023,31
2023-08-03,Hospital_A,O_positive,56,60,1451,56,0,0,0,0,0,1,3,8,2023,31
2023-08-04,Hospital_A,O_positive,45,60,1466,45,0,0,0,0,0,1,4,8,2023,31
2023-08-05,Hospital_A,O_positive,40,46,1472,40,0,0,0,1,0,1,5,8,2023,31
2023-08-06,Hospital_A,O_positive,59,69,1482,59,0,0,0,1,0,1,6,8,2023,31
2023-08-07,Hospital_A,O_positive,64,71,1489,64,0,0,0,0,0,1,0,8,2023,32
2023-08-08,Hospital_A,O_positive,46,54,1497,46,0,0,0,0,0,1,1,8,2023,32
2023-08-09,Hospital_A,O_positive,44,58,1511,44,0,0,0,0,0,1,2,8,2023,32
2023-08-10,Hospital_A,O_positive,54,54,1511,54,0,0,0,0,0,1,3,8,2023,32
2023-08-11,Hospital_A,O_positive,71,71,1511,71,0,0,0,0,0,1,4,8,2023,32
2023-08-12,Hospital_A,O_positive,36,41,1516,36,0,0,0,1,0,1,5,8,2023,32
2023-08-13,Hospital_A,O_positive,40,51,1527,40,0,0,0,1,0,1,6,8,2023,32
2023-08-14,Hospital_A,O_positive,65,75,1537,65,0,0,0,0,0,1,0,8,2023,33
2023-08-15,Hospital_A,O_positive,31,34,1540,31,0,70,0,0,1,1,1,8,2023,33
2023-08-16,Hospital_A,O_positive,60,65,1545,60,0,10,0,0,0,1,2,8,2023,33
2023-08-17,Hospital_A,O_positive,56,60,1549,56,0,0,0,0,0,1,3,8,2023,33
2023-08-18,Hospital_A,O_positive,65,70,1554,65,0,0,0,0,0,1,4,8,2023,33
2023-08-19,Hospital_A,O_positive,40,68,1582,40,0,0,0,1,0,1,5,8,2023,33
2023-08-20,Hospital_A,O_positive,36,42,1588,36,0,8,0,1,0,1,6,8,2023,33
2023-08-21,Hospital_A,O_positive,72,85,1601,72,0,0,0,0,0,1,0,8,2023,34
2023-08-22,Hospital_A,O_positive,56,65,1610,56,0,0,0,0,0,1,1,8,2023,34
2023-08-23,Hospital_A,O_positive,55,69,1624,55,0,0,0,0,0,1,2,8,2023,34
2023-08-24,Hospital_A,O_positive,50,45,1619,50,0,0,0,0,0,1,3,8,2023,34
2023-08-25,Hospital_A,O_positive,52,53,1620,52,0,0,0,0,0,1,4,8,2023,34
2023-08-26,Hospital_A,O_positive,41,41,1620,41,0,0,0,1,0,1,5,8,2023,34
2023-08-27,Hospital_A,O_positive,29,25,1616,29,0,0,0,1,0,1,6,8,2023,34
2023-08-28,Hospital_A,O_positive,55,59,1620,55,0,20,0,0,0,1,0,8,2023,35
2023-08-29,Hospital_A,O_positive,43,45,1622,43,0,0,0,0,0,1,1,8,2023,35
2023-08-30,Hospital_A,O_positive,49,59,1632,49,0,115,0,0,0,1,2,8,2023,35
2023-08-31,Hospital_A,O_positive,36,23,1619,36,0,157,0,0,0,1,3,8,2023,35
2023-09-01,Hospital_A,O_positive,61,58,1616,61,0,266,0,0,0,1,4,9,2023,35
2023-09-02,Hospital_A,O_positive,41,38,1613,41,0,266,0,1,0,1,5,9,2023,35
2023-09-03,Hospital_A,O_positive,41,50,1622,41,0,271,0,1,0,1,6,9,2023,35
2023-09-04,Hospital_A,O_positive,86,80,1602,86,14,231,0,0,0,1,0,9,2023,36
2023-09-05,Hospital_A,O_positive,57,70,1531,57,84,90,0,0,0,1,1,9,2023,36
2023-09-06,Hospital_A,O_positive,55,52,1528,55,0,160,0,0,0,1,2,9,2023,36
2023-09-07,Hospital_A,O_positive,40,38,1526,40,0,120,0,0,0,1,3,9,2023,36
2023-09-08,Hospital_A,O_positive,56,53,1523,56,0,132,0,0,0,1,4,9,2023,36
2023-09-09,Hospital_A,O_positive,30,36,1529,30,0,102,0,1,0,1,5,9,2023,36
2023-09-10,Hospital_A,O_positive,29,36,1502,29,34,81,0,1,0,1,6,9,2023,36
2023-09-11,Hospital_A,O_positive,71,91,1522,71,0,134,0,0,0,1,0,9,2023,37
2023-09-12,Hospital_A,O_positive,59,66,1529,59,0,129,0,0,0,1,1,9,2023,37
2023-09-13,Hospital_A,O_positive,64,70,1535,64,0,65,0,0,0,1,2,9,2023,37
2023-09-14,Hospital_A,O_positive,65,67,1537,65,0,71,0,0,0,1,3,9,2023,37
2023-09-15,Hospital_A,O_positive,58,67,1546,58,0,13,0,0,0,1,4,9,2023,37
2023-09-16,Hospital_A,O_positive,51,61,1556,51,0,32,0,1,0,1,5,9,2023,37
2023-09-17,Hospital_A,O_positive,45,48,1559,45,0,0,0,1,0,1,6,9,2023,37
2023-09-18,Hospital_A,O_positive,56,73,1576,56,0,0,0,0,0,1,0,9,2023,38
2023-09-19,Hospital_A,O_positive,44,55,1587,44,0,82,0,0,0,1,1,9,2023,38
2023-09-20,Hospital_A,O_positive,55,74,1606,55,0,77,0,0,0,1,2,9,2023,38
2023-09-21,Hospital_A,O_positive,50,74,1630,50,0,75,0,0,0,1,3,9,2023,38
2023-09-22,Hospital_A,O_positive,64,71,1637,64,0,166,0,0,0,1,4,9,2023,38
2023-09-23,Hospital_A,O_positive,39,39,1637,39,0,185,0,1,0,1,5,9,2023,38
2023-09-24,Hospital_A,O_positive,46,56,1647,46,0,139,0,1,0,1,6,9,2023,38
2023-09-25,Hospital_A,O_positive,69,66,1644,69,0,184,0,0,0,1,0,9,2023,39
2023-09-26,Hospital_A,O_positive,52,57,1637,52,12,161,0,0,0,1,1,9,2023,39
2023-09-27,Hospital_A,O_positive,53,62,1640,53,6,140,0,0,0,1,2,9,2023,39
2023-09-28,Hospital_A,O_positive,34,44,1650,34,0,165,0,0,0,1,3,9,2023,39
2023-09-29,Hospital_A,O_positive,39,43,1627,39,27,99,0,0,0,1,4,9,2023,39
2023-09-30,Hospital_A,O_positive,42,38,1621,42,2,114,0,1,0,1,5,9,2023,39
2023-10-01,Hospital_A,O_positive,39,51,1633,39,0,75,0,1,0,1,6,10,2023,39
2023-10-02,Hospital_A,O_positive,41,66,1642,41,16,18,0,0,1,1,0,10,2023,40
2023-10-03,Hospital_A,O_positive,62,76,1656,62,0,0,0,0,0,1,1,10,2023,40
2023-10-04,Hospital_A,O_positive,45,46,1657,45,0,17,0,0,0,1,2,10,2023,40
2023-10-05,Hospital_A,O_positive,46,59,1670,46,0,0,0,0,0,1,3,10,2023,40
2023-10-06,Hospital_A,O_positive,46,46,1670,46,0,0,0,0,0,1,4,10,2023,40
2023-10-07,Hospital_A,O_positive,38,50,1682,38,0,0,0,1,0,1,5,10,2023,40
2023-10-08,Hospital_A,O_positive,29,44,1697,29,0,1,0,1,0,1,6,10,2023,40
2023-10-09,Hospital_A,O_positive,63,68,1702,63,0,0,0,0,0,1,0,10,2023,41
2023-10-10,Hospital_A,O_positive,60,59,1701,60,0,0,0,0,0,1,1,10,2023,41
2023-10-11,Hospital_A,O_positive,57,52,1696,57,0,48,0,0,0,1,2,10,2023,41
2023-10-12,Hospital_A,O_positive,60,55,1691,60,0,43,0,0,0,1,3,10,2023,41
2023-10-13,Hospital_A,O_positive,56,72,1707,56,0,0,0,0,0,1,4,10,2023,41
2023-10-14,Hospital_A,O_positive,34,45,1718,34,0,258,0,1,0,1,5,10,2023,41
2023-10-15,Hospital_A,O_positive,43,41,1716,43,0,215,0,1,0,1,6,10,2023,41
2023-10-16,Hospital_A,O_positive,52,54,1718,52,0,283,0,0,0,1,0,10,2023,42
2023-10-17,Hospital_A,O_positive,42,42,1718,42,0,241,0,0,0,1,1,10,2023,42
2023-10-18,Hospital_A,O_positive,53,71,1615,53,121,67,0,0,0,1,2,10,2023,42
2023-10-19,Hospital_A,O_positive,52,41,1604,52,0,119,0,0,0,1,3,10,2023,42
2023-10-20,Hospital_A,O_positive,57,62,1594,57,15,121,0,0,0,1,4,10,2023,42
2023-10-21,Hospital_A,O_positive,44,32,1582,44,0,77,0,1,0,1,5,10,2023,42
2023-10-22,Hospital_A,O_positive,32,32,1582,32,0,160,0,1,0,1,6,10,2023,42
2023-10-23,Hospital_A,O_positive,64,78,1596,64,0,96,0,0,0,1,0,10,2023,43
2023-10-24,Hospital_A,O_positive,57,53,1592,57,0,156,0,0,0,1,1,10,2023,43
2023-10-25,Hospital_A,O_positive,48,50,1594,48,0,169,0,0,0,1,2,10,2023,43
2023-10-26,Hospital_A,O_positive,42,38,1590,42,0,323,0,0,0,1,3,10,2023,43
2023-10-27,Hospital_A,O_positive,43,43,1590,43,0,326,0,0,0,1,4,10,2023,43
2023-10-28,Hospital_A,O_positive,39,37,1565,39,23,323,0,1,0,1,5,10,2023,43
2023-10-29,Hospital_A,O_positive,61,54,1536,61,22,356,0,1,0,1,6,10,2023,43
2023-10-30,Hospital_A,O_positive,68,79,1412,68,135,153,0,0,0,1,0,10,2023,44
2023-10-31,Hospital_A,O_positive,56,64,1420,56,0,187,0,0,0,1,1,10,2023,44
2023-11-01,Hospital_A,O_positive,50,37,1407,50,0,137,0,0,0,0,2,11,2023,44
2023-11-02,Hospital_A,O_positive,55,62,1367,55,47,87,0,0,0,0,3,11,2023,44
2023-11-03,Hospital_A,O_positive,36,31,1362,36,0,94,0,0,0,0,4,11,2023,44
2023-11-04,Hospital_A,O_positive,31,34,1365,31,0,213,0,1,0,0,5,11,2023,44
2023-11-05,Hospital_A,O_positive,29,23,1359,29,0,184,0,1,0,0,6,11,2023,44
2023-11-06,Hospital_A,O_positive,46,53,1366,46,0,138,0,0,0,0,0,11,2023,45
2023-11-07,Hospital_A,O_positive,34,43,1375,34,0,104,0,0,0,0,1,11,2023,45
2023-11-08,Hospital_A,O_positive,38,42,1275,38,104,0,0,0,0,0,2,11,2023,45
2023-11-09,Hospital_A,O_positive,51,56,1280,51,0,0,0,0,0,0,3,11,2023,45
2023-11-10,Hospital_A,O_positive,76,77,1281,76,0,0,0,0,0,0,4,11,2023,45
2023-11-11,Hospital_A,O_positive,37,39,1283,37,0,6,0,1,0,0,5,11,2023,45
2023-11-12,Hospital_A,O_positive,29,33,1287,29,0,0,0,1,1,0,6,11,2023,45
2023-11-13,Hospital_A,O_positive,50,59,1296,50,0,0,0,0,0,0,0,11,2023,46
2023-11-14,Hospital_A,O_positive,31,40,1305,31,0,0,0,0,0,0,1,11,2023,46
2023-11-15,Hospital_A,O_positive,36,44,1313,36,0,0,0,0,0,0,2,11,2023,46
2023-11-16,Hospital_A,O_positive,45,54,1322,45,0,0,0,0,0,0,3,11,2023,46
2023-11-17,Hospital_A,O_positive,50,40,1312,50,0,0,0,0,0,0,4,11,2023,46
2023-11-18,Hospital_A,O_positive,36,40,1316,36,0,35,0,1,0,0,5,11,2023,46
2023-11-19,Hospital_A,O_positive,33,32,1315,33,0,39,0,1,0,0,6,11,2023,46
2023-11-20,Hospital_A,O_positive,53,52,1314,53,0,0,0,0,0,0,0,11,2023,47
2023-11-21,Hospital_A,O_positive,55,57,1316,55,0,34,0,0,0,0,1,11,2023,47
2023-11-22,Hospital_A,O_positive,45,45,1316,45,0,68,0,0,0,0,2,11,2023,47
2023-11-23,Hospital_A,O_positive,56,58,1318,56,0,76,0,0,0,0,3,11,2023,47
2023-11-24,Hospital_A,O_positive,36,45,1327,36,0,40,0,0,0,0,4,11,2023,47
2023-11-25,Hospital_A,O_positive,23,33,1337,23,0,102,0,1,0,0,5,11,2023,47
2023-11-26,Hospital_A,O_positive,42,50,1345,42,0,122,0,1,0,0,6,11,2023,47
2023-11-27,Hospital_A,O_positive,42,44,1347,42,0,175,0,0,0,0,0,11,2023,48
2023-11-28,Hospital_A,O_positive,63,83,1367,63,0,151,0,0,0,0,1,11,2023,48
2023-11-29,Hospital_A,O_positive,45,36,1358,45,0,218,0,0,0,0,2,11,2023,48
2023-11-30,Hospital_A,O_positive,39,39,1358,39,0,179,0,0,0,0,3,11,2023,48
2023-12-01,Hospital_A,O_positive,36,36,1330,36,28,115,0,0,0,0,4,12,2023,48
2023-12-02,Hospital_A,O_positive,24,22,1325,24,3,88,0,1,0,0,5,12,2023,48
2023-12-03,Hospital_A,O_positive,25,29,1241,25,88,0,0,1,0,0,6,12,2023,48
2023-12-04,Hospital_A,O_positive,39,36,1238,39,0,0,0,0,0,0,0,12,2023,49
2023-12-05,Hospital_A,O_positive,43,47,1242,43,0,9,0,0,0,0,1,12,2023,49
2023-12-06,Hospital_A,O_positive,39,51,1254,39,0,0,0,0,0,0,2,12,2023,49
2023-12-07,Hospital_A,O_positive,51,49,1252,51,0,0,0,0,0,0,3,12,2023,49
2023-12-08,Hospital_A,O_positive,39,52,1265,39,0,0,0,0,0,0,4,12,2023,49
2023-12-09,Hospital_A,O_positive,36,31,1260,36,0,0,0,1,0,0,5,12,2023,49
2023-12-10,Hospital_A,O_positive,28,28,1260,28,0,20,0,1,0,0,6,12,2023,49
2023-12-11,Hospital_A,O_positive,62,74,1272,62,0,0,0,0,0,0,0,12,2023,50
2023-12-12,Hospital_A,O_positive,40,39,1271,40,0,34,0,0,0,0,1,12,2023,50
2023-12-13,Hospital_A,O_positive,39,44,1276,39,0,50,0,0,0,0,2,12,2023,50
2023-12-14,Hospital_A,O_positive,40,46,1282,40,0,172,0,0,0,0,3,12,2023,50
2023-12-15,Hospital_A,O_positive,40,48,1290,40,0,280,0,0,0,0,4,12,2023,50
2023-12-16,Hospital_A,O_positive,33,40,1297,33,0,301,0,1,0,0,5,12,2023,50
2023-12-17,Hospital_A,O_positive,45,48,1300,45,0,383,0,1,0,0,6,12,2023,50
2023-12-18,Hospital_A,O_positive,55,61,1252,55,54,274,0,0,0,0,0,12,2023,51
2023-12-19,Hospital_A,O_positive,43,41,1157,43,93,177,0,0,0,0,1,12,2023,51
2023-12-20,Hospital_A,O_positive,58,57,1145,58,11,141,0,0,0,0,2,12,2023,51
2023-12-21,Hospital_A,O_positive,53,69,1092,53,69,19,0,0,0,0,3,12,2023,51
2023-12-22,Hospital_A,O_positive,48,61,1105,48,0,0,0,0,0,0,4,12,2023,51
2023-12-23,Hospital_A,O_positive,28,32,1109,28,0,0,0,1,0,0,5,12,2023,51
2023-12-24,Hospital_A,O_positive,27,26,1108,27,0,0,0,1,0,0,6,12,2023,51
2023-12-25,Hospital_A,O_positive,28,50,1130,28,0,0,0,0,1,0,0,12,2023,52
2023-12-26,Hospital_A,O_positive,50,72,1152,50,0,0,0,0,0,0,1,12,2023,52
2023-12-27,Hospital_A,O_positive,50,56,1158,50,0,0,0,0,0,0,2,12,2023,52
2023-12-28,Hospital_A,O_positive,46,48,1160,46,0,0,0,0,0,0,3,12,2023,52
2023-12-29,Hospital_A,O_positive,38,42,1164,38,0,0,0,0,0,0,4,12,2023,52
2023-12-30,Hospital_A,O_positive,31,38,1171,31,0,0,0,1,0,0,5,12,2023,52
2023-12-31,Hospital_A,O_positive,42,46,1175,42,0,0,0,1,0,0,6,12,2023,52
2021-01-01,Hospital_A,O_negative,20,21,106,20,0,0,0,0,0,0,4,1,2021,53
2021-01-02,Hospital_A,O_negative,13,12,105,13,0,0,0,1,0,0,5,1,2021,53
2021-01-03,Hospital_A,O_negative,6,3,102,6,0,0,0,1,0,0,6,1,2021,53
2021-01-04,Hospital_A,O_negative,21,24,105,21,0,0,0,0,0,0,0,1,2021,1
2021-01-05,Hospital_A,O_negative,14,19,110,14,0,0,0,0,0,0,1,1,2021,1
2021-01-06,Hospital_A,O_negative,14,26,122,14,0,0,0,0,0,0,2,1,2021,1
2021-01-07,Hospital_A,O_negative,19,15,118,19,0,0,0,0,0,0,3,1,2021,1
2021-01-08,Hospital_A,O_negative,19,17,116,19,0,0,0,0,0,0,4,1,2021,1
2021-01-09,Hospital_A,O_negative,16,24,124,16,0,0,0,1,0,0,5,1,2021,1
2021-01-10,Hospital_A,O_negative,14,10,120,14,0,0,0,1,0,0,6,1,2021,1
2021-01-11,Hospital_A,O_negative,23,22,119,23,0,0,0,0,0,0,0,1,2021,2
2021-01-12,Hospital_A,O_negative,17,25,127,17,0,0,0,0,0,0,1,1,2021,2
2021-01-13,Hospital_A,O_negative,24,25,128,24,0,0,0,0,0,0,2,1,2021,2
2021-01-14,Hospital_A,O_negative,13,8,123,13,0,0,0,0,0,0,3,1,2021,2
2021-01-15,Hospital_A,O_negative,14,16,125,14,0,0,0,0,0,0,4,1,2021,2
2021-01-16,Hospital_A,O_negative,14,13,124,14,0,0,0,1,0,0,5,1,2021,2
2021-01-17,Hospital_A,O_negative,13,13,124,13,0,0,0,1,0,0,6,1,2021,2
2021-01-18,Hospital_A,O_negative,22,31,133,22,0,0,0,0,0,0,0,1,2021,3
2021-01-19,Hospital_A,O_negative,32,38,139,32,0,0,0,0,0,0,1,1,2021,3
2021-01-20,Hospital_A,O_negative,14,11,136,14,0,0,0,0,0,0,2,1,2021,3
2021-01-21,Hospital_A,O_negative,19,18,135,19,0,0,0,0,0,0,3,1,2021,3
2021-01-22,Hospital_A,O_negative,22,31,144,22,0,0,0,0,0,0,4,1,2021,3
2021-01-23,Hospital_A,O_negative,10,10,144,10,0,0,0,1,0,0,5,1,2021,3
2021-01-24,Hospital_A,O_negative,12,11,143,12,0,0,0,1,0,0,6,1,2021,3
2021-01-25,Hospital_A,O_negative,22,28,149,22,0,0,0,0,0,0,0,1,2021,4
2021-01-26,Hospital_A,O_negative,7,11,153,7,0,0,0,0,1,0,1,1,2021,4
2021-01-27,Hospital_A,O_negative,18,18,153,18,0,0,0,0,0,0,2,1,2021,4
2021-01-28,Hospital_A,O_negative,20,20,153,20,0,0,0,0,0,0,3,1,2021,4
2021-01-29,Hospital_A,O_negative,15,22,160,15,0,0,0,0,0,0,4,1,2021,4
2021-01-30,Hospital_A,O_negative,9,9,160,9,0,0,0,1,0,0,5,1,2021,4
2021-01-31,Hospital_A,O_negative,9,12,163,9,0,0,0,1,0,0,6,1,2021,4
2021-02-01,Hospital_A,O_negative,27,27,163,27,0,0,0,0,0,0,0,2,2021,5
2021-02-02,Hospital_A,O_negative,18,22,167,18,0,0,0,0,0,0,1,2,2021,5
2021-02-03,Hospital_A,O_negative,20,26,173,20,0,0,0,0,0,0,2,2,2021,5
2021-02-04,Hospital_A,O_negative,12,10,171,12,0,0,0,0,0,0,3,2,2021,5
2021-02-05,Hospital_A,O_negative,20,31,182,20,0,0,0,0,0,0,4,2,2021,5
2021-02-06,Hospital_A,O_negative,20,16,178,20,0,0,0,1,0,0,5,2,2021,5
2021-02-07,Hospital_A,O_negative,17,17,178,17,0,0,0,1,0,0,6,2,2021,5
2021-02-08,Hospital_A,O_negative,24,32,186,24,0,0,0,0,0,0,0,2,2021,6
2021-02-09,Hospital_A,O_negative,9,12,189,9,0,0,0,0,0,0,1,2,2021,6
2021-02-10,Hospital_A,O_negative,34,46,201,34,0,0,0,0,0,0,2,2,2021,6
2021-02-11,Hospital_A,O_negative,22,20,199,22,0,0,0,0,0,0,3,2,2021,6
2021-02-12,Hospital_A,O_negative,25,20,194,25,0,0,0,0,0,0,4,2,2021,6
2021-02-13,Hospital_A,O_negative,14,15,195,14,0,0,0,1,0,0,5,2,2021,6
2021-02-14,Hospital_A,O_negative,30,36,201,30,0,0,0,1,0,0,6,2,2021,6
2021-02-15,Hospital_A,O_negative,21,14,194,21,0,0,0,0,0,0,0,2,2021,7
2021-02-16,Hospital_A,O_negative,12,15,197,12,0,0,0,0,0,0,1,2,2021,7
2021-02-17,Hospital_A,O_negative,10,11,198,10,0,0,0,0,0,0,2,2,2021,7
2021-02-18,Hospital_A,O_negative,13,5,190,13,0,0,0,0,0,0,3,2,2021,7
2021-02-19,Hospital_A,O_negative,22,26,194,22,0,0,0,0,0,0,4,2,2021,7
2021-02-20,Hospital_A,O_negative,19,16,191,19,0,0,0,1,0,0,5,2,2021,7
2021-02-21,Hospital_A,O_negative,16,26,201,16,0,0,0,1,0,0,6,2,2021,7
2021-02-22,Hospital_A,O_negative,23,19,197,23,0,0,0,0,0,0,0,2,2021,8
2021-02-23,Hospital_A,O_negative,18,13,192,18,0,0,0,0,0,0,1,2,2021,8
2021-02-24,Hospital_A,O_negative,26,37,203,26,0,0,0,0,0,0,2,2,2021,8
2021-02-25,Hospital_A,O_negative,25,29,207,25,0,0,0,0,0,0,3,2,2021,8
2021-02-26,Hospital_A,O_negative,16,18,209,16,0,0,0,0,0,0,4,2,2021,8
2021-02-27,Hospital_A,O_negative,9,3,203,9,0,0,0,1,0,0,5,2,2021,8
2021-02-28,Hospital_A,O_negative,9,12,206,9,0,0,0,1,0,0,6,2,2021,8
2021-03-01,Hospital_A,O_negative,30,33,209,30,0,0,0,0,0,0,0,3,2021,9
2021-03-02,Hospital_A,O_negative,17,15,207,17,0,0,0,0,0,0,1,3,2021,9
2021-03-03,Hospital_A,O_negative,20,22,209,20,0,0,0,0,0,0,2,3,2021,9
2021-03-04,Hospital_A,O_negative,15,9,203,15,0,0,0,0,0,0,3,3,2021,9
2021-03-05,Hospital_A,O_negative,17,16,202,17,0,0,0,0,0,0,4,3,2021,9
2021-03-06,Hospital_A,O_negative,12,13,203,12,0,0,0,1,0,0,5,3,2021,9
2021-03-07,Hospital_A,O_negative,24,31,210,24,0,0,0,1,0,0,6,3,2021,9
2021-03-08,Hospital_A,O_negative,23,22,209,23,0,0,0,0,0,0,0,3,2021,10
2021-03-09,Hospital_A,O_negative,17,18,210,17,0,0,0,0,0,0,1,3,2021,10
2021-03-10,Hospital_A,O_negative,21,17,206,21,0,0,0,0,0,0,2,3,2021,10
2021-03-11,Hospital_A,O_negative,22,19,203,22,0,0,0,0,0,0,3,3,2021,10
2021-03-12,Hospital_A,O_negative,27,34,210,27,0,0,0,0,0,0,4,3,2021,10
2021-03-13,Hospital_A,O_negative,8,10,212,8,0,0,0,1,0,0,5,3,2021,10
2021-03-14,Hospital_A,O_negative,10,9,211,10,0,0,0,1,0,0,6,3,2021,10
2021-03-15,Hospital_A,O_negative,26,16,201,26,0,0,0,0,0,0,0,3,2021,11
2021-03-16,Hospital_A,O_negative,25,26,202,25,0,0,0,0,0,0,1,3,2021,11
2021-03-17,Hospital_A,O_negative,20,23,205,20,0,0,0,0,0,0,2,3,2021,11
2021-03-18,Hospital_A,O_negative,23,20,202,23,0,0,0,0,0,0,3,3,2021,11
2021-03-19,Hospital_A,O_negative,20,23,205,20,0,0,0,0,0,0,4,3,2021,11
2021-03-20,Hospital_A,O_negative,13,11,203,13,0,0,0,1,0,0,5,3,2021,11
2021-03-21,Hospital_A,O_negative,11,8,200,11,0,0,0,1,0,0,6,3,2021,11
2021-03-22,Hospital_A,O_negative,18,20,202,18,0,0,0,0,0,0,0,3,2021,12
2021-03-23,Hospital_A,O_negative,17,25,210,17,0,0,0,0,0,0,1,3,2021,12
2021-03-24,Hospital_A,O_negative,16,19,213,16,0,0,0,0,0,0,2,3,2021,12
2021-03-25,Hospital_A,O_negative,21,20,212,21,0,0,0,0,0,0,3,3,2021,12
2021-03-26,Hospital_A,O_negative,12,15,215,12,0,0,0,0,0,0,4,3,2021,12
2021-03-27,Hospital_A,O_negative,16,11,210,16,0,0,0,1,0,0,5,3,2021,12
2021-03-28,Hospital_A,O_negative,10,5,205,10,0,0,0,1,0,0,6,3,2021,12
2021-03-29,Hospital_A,O_negative,7,8,206,7,0,0,0,0,1,0,0,3,2021,13
2021-03-30,Hospital_A,O_negative,15,11,202,15,0,0,0,0,0,0,1,3,2021,13
2021-03-31,Hospital_A,O_negative,19,20,203,19,0,0,0,0,0,0,2,3,2021,13
2021-04-01,Hospital_A,O_negative,11,6,198,11,0,0,0,0,0,0,3,4,2021,13
2021-04-02,Hospital_A,O_negative,23,29,204,23,0,0,0,0,0,0,4,4,2021,13
2021-04-03,Hospital_A,O_negative,17,24,211,17,0,0,0,1,0,0,5,4,2021,13
2021-04-04,Hospital_A,O_negative,9,14,216,9,0,0,0,1,0,0,6,4,2021,13
2021-04-05,Hospital_A,O_negative,21,22,217,21,0,0,0,0,0,0,0,4,2021,14
2021-04-06,Hospital_A,O_negative,17,20,220,17,0,0,0,0,0,0,1,4,2021,14
2021-04-07,Hospital_A,O_negative,13,12,219,13,0,0,0,0,0,0,2,4,2021,14
2021-04-08,Hospital_A,O_negative,19,24,224,19,0,0,0,0,0,0,3,4,2021,14
2021-04-09,Hospital_A,O_negative,23,34,235,23,0,0,0,0,0,0,4,4,2021,14
2021-04-10,Hospital_A,O_negative,9,7,233,9,0,0,0,1,0,0,5,4,2021,14
2021-04-11,Hospital_A,O_negative,26,30,237,26,0,0,0,1,0,0,6,4,2021,14
2021-04-12,Hospital_A,O_negative,18,23,242,18,0,0,0,0,0,0,0,4,2021,15
2021-04-13,Hospital_A,O_negative,21,34,255,21,0,0,0,0,0,0,1,4,2021,15
2021-04-14,Hospital_A,O_negative,33,41,263,33,0,0,0,0,0,0,2,4,2021,15
2021-04-15,Hospital_A,O_negative,16,21,268,16,0,0,0,0,0,0,3,4,2021,15
2021-04-16,Hospital_A,O_negative,22,21,267,22,0,0,0,0,0,0,4,4,2021,15
2021-04-17,Hospital_A,O_negative,16,16,267,16,0,0,0,1,0,0,5,4,2021,15
2021-04-18,Hospital_A,O_negative,17,20,270,17,0,0,0,1,0,0,6,4,2021,15
2021-04-19,Hospital_A,O_negative,19,21,272,19,0,0,0,0,0,0,0,4,2021,16
2021-04-20,Hospital_A,O_negative,13,18,277,13,0,0,0,0,0,0,1,4,2021,16
2021-04-21,Hospital_A,O_negative,23,20,274,23,0,0,0,0,0,0,2,4,2021,16
2021-04-22,Hospital_A,O_negative,24,24,274,24,0,0,0,0,0,0,3,4,2021,16
2021-04-23,Hospital_A,O_negative,14,19,279,14,0,0,0,0,0,0,4,4,2021,16
2021-04-24,Hospital_A,O_negative,10,16,285,10,0,0,0,1,0,0,5,4,2021,16
2021-04-25,Hospital_A,O_negative,12,12,285,12,0,0,0,1,0,0,6,4,2021,16
2021-04-26,Hospital_A,O_negative,19,22,288,19,0,0,0,0,0,0,0,4,2021,17
2021-04-27,Hospital_A,O_negative,21,28,295,21,0,0,0,0,0,0,1,4,2021,17
2021-04-28,Hospital_A,O_negative,20,22,297,20,0,0,0,0,0,0,2,4,2021,17
2021-04-29,Hospital_A,O_negative,37,36,296,37,0,0,0,0,0,0,3,4,2021,17
2021-04-30,Hospital_A,O_negative,30,32,298,30,0,0,0,0,0,0,4,4,2021,17
2021-05-01,Hospital_A,O_negative,9,5,294,9,0,0,0,1,0,0,5,5,2021,17
2021-05-02,Hospital_A,O_negative,17,20,297,17,0,0,0,1,0,0,6,5,2021,17
2021-05-03,Hospital_A,O_negative,23,18,292,23,0,0,0,0,0,0,0,5,2021,18
2021-05-04,Hospital_A,O_negative,19,21,294,19,0,0,0,0,0,0,1,5,2021,18
2021-05-05,Hospital_A,O_negative,17,24,301,17,0,0,0,0,0,0,2,5,2021,18
2021-05-06,Hospital_A,O_negative,21,25,305,21,0,0,0,0,0,0,3,5,2021,18
2021-05-07,Hospital_A,O_negative,21,28,312,21,0,0,0,0,0,0,4,5,2021,18
2021-05-08,Hospital_A,O_negative,7,5,310,7,0,0,0,1,0,0,5,5,2021,18
2021-05-09,Hospital_A,O_negative,10,10,310,10,0,0,0,1,0,0,6,5,2021,18
2021-05-10,Hospital_A,O_negative,22,34,322,22,0,0,0,0,0,0,0,5,2021,19
2021-05-11,Hospital_A,O_negative,21,21,322,21,0,0,0,0,0,0,1,5,2021,19
2021-05-12,Hospital_A,O_negative,20,22,324,20,0,0,0,0,0,0,2,5,2021,19
2021-05-13,Hospital_A,O_negative,16,11,319,16,0,0,0,0,0,0,3,5,2021,19
2021-05-14,Hospital_A,O_negative,21,30,328,21,0,0,0,0,0,0,4,5,2021,19
2021-05-15,Hospital_A,O_negative,10,15,333,10,0,0,0,1,0,0,5,5,2021,19
2021-05-16,Hospital_A,O_negative,18,26,341,18,0,0,0,1,0,0,6,5,2021,19
2021-05-17,Hospital_A,O_negative,26,26,341,26,0,0,0,0,0,0,0,5,2021,20
2021-05-18,Hospital_A,O_negative,17,9,333,17,0,0,0,0,0,0,1,5,2021,20
2021-05-19,Hospital_A,O_negative,24,24,333,24,0,0,0,0,0,0,2,5,2021,20
2021-05-20,Hospital_A,O_negative,20,10,323,20,0,0,0,0,0,0,3,5,2021,20
2021-05-21,Hospital_A,O_negative,17,18,324,17,0,0,0,0,0,0,4,5,2021,20
2021-05-22,Hospital_A,O_negative,9,11,326,9,0,0,0,1,0,0,5,5,2021,20
2021-05-23,Hospital_A,O_negative,3,2,325,3,0,0,0,1,0,0,6,5,2021,20
2021-05-24,Hospital_A,O_negative,16,12,321,16,0,0,0,0,0,0,0,5,2021,21
2021-05-25,Hospital_A,O_negative,14,16,323,14,0,0,0,0,0,0,1,5,2021,21
2021-05-26,Hospital_A,O_negative,22,31,332,22,0,0,0,0,0,0,2,5,2021,21
2021-05-27,Hospital_A,O_negative,24,26,334,24,0,0,0,0,0,0,3,5,2021,21
2021-05-28,Hospital_A,O_negative,23,30,341,23,0,0,0,0,0,0,4,5,2021,21
2021-05-29,Hospital_A,O_negative,10,5,336,10,0,0,0,1,0,0,5,5,2021,21
2021-05-30,Hospital_A,O_negative,12,16,340,12,0,0,0,1,0,0,6,5,2021,21
2021-05-31,Hospital_A,O_negative,26,26,340,26,0,0,0,0,0,0,0,5,2021,22
2021-06-01,Hospital_A,O_negative,15,21,346,15,0,0,0,0,0,0,1,6,2021,22
2021-06-02,Hospital_A,O_negative,14,8,340,14,0,0,0,0,0,0,2,6,2021,22
2021-06-03,Hospital_A,O_negative,26,35,349,26,0,0,0,0,0,0,3,6,2021,22
2021-06-04,Hospital_A,O_negative,20,20,349,20,0,0,0,0,0,0,4,6,2021,22
2021-06-05,Hospital_A,O_negative,22,26,353,22,0,0,0,1,0,0,5,6,2021,22
2021-06-06,Hospital_A,O_negative,16,17,354,16,0,0,0,1,0,0,6,6,2021,22
2021-06-07,Hospital_A,O_negative,24,22,352,24,0,0,0,0,0,0,0,6,2021,23
2021-06-08,Hospital_A,O_negative,15,15,352,15,0,0,0,0,0,0,1,6,2021,23
2021-06-09,Hospital_A,O_negative,16,14,350,16,0,0,0,0,0,0,2,6,2021,23
2021-06-10,Hospital_A,O_negative,21,28,357,21,0,0,0,0,0,0,3,6,2021,23
2021-06-11,Hospital_A,O_negative,19,20,358,19,0,0,0,0,0,0,4,6,2021,23
2021-06-12,Hospital_A,O_negative,12,10,356,12,0,0,0,1,0,0,5,6,2021,23
2021-06-13,Hospital_A,O_negative,16,20,360,16,0,0,0,1,0,0,6,6,2021,23
2021-06-14,Hospital_A,O_negative,20,21,361,20,0,0,0,0,0,0,0,6,2021,24
2021-06-15,Hospital_A,O_negative,19,18,360,19,0,0,0,0,0,0,1,6,2021,24
2021-06-16,Hospital_A,O_negative,14,12,358,14,0,0,0,0,0,0,2,6,2021,24
2021-06-17,Hospital_A,O_negative,20,30,368,20,0,0,0,0,0,0,3,6,2021,24
2021-06-18,Hospital_A,O_negative,19,25,374,19,0,0,0,0,0,0,4,6,2021,24
2021-06-19,Hospital_A,O_negative,11,16,379,11,0,0,0,1,0,0,5,6,2021,24
2021-06-20,Hospital_A,O_negative,12,15,382,12,0,0,0,1,0,0,6,6,2021,24
2021-06-21,Hospital_A,O_negative,23,23,382,23,0,0,0,0,0,0,0,6,2021,25
2021-06-22,Hospital_A,O_negative,13,10,379,13,0,0,0,0,0,0,1,6,2021,25
2021-06-23,Hospital_A,O_negative,14,21,386,14,0,0,0,0,0,0,2,6,2021,25
2021-06-24,Hospital_A,O_negative,15,11,382,15,0,0,0,0,0,0,3,6,2021,25
2021-06-25,Hospital_A,O_negative,21,26,387,21,0,0,0,0,0,0,4,6,2021,25
2021-06-26,Hospital_A,O_negative,11,11,387,11,0,0,0,1,0,0,5,6,2021,25
2021-06-27,Hospital_A,O_negative,33,26,380,33,0,0,0,1,0,0,6,6,2021,25
2021-06-28,Hospital_A,O_negative,26,30,384,26,0,0,0,0,0,0,0,6,2021,26
2021-06-29,Hospital_A,O_negative,24,28,388,24,0,0,0,0,0,0,1,6,2021,26
2021-06-30,Hospital_A,O_negative,20,31,399,20,0,0,0,0,0,0,2,6,2021,26
2021-07-01,Hospital_A,O_negative,19,27,407,19,0,0,0,0,0,1,3,7,2021,26
2021-07-02,Hospital_A,O_negative,12,9,404,12,0,0,0,0,0,1,4,7,2021,26
2021-07-03,Hospital_A,O_negative,16,16,404,16,0,0,0,1,0,1,5,7,2021,26
2021-07-04,Hospital_A,O_negative,11,13,406,11,0,0,0,1,0,1,6,7,2021,26
2021-07-05,Hospital_A,O_negative,22,21,405,22,0,0,0,0,0,1,0,7,2021,27
2021-07-06,Hospital_A,O_negative,18,13,400,18,0,0,0,0,0,1,1,7,2021,27
2021-07-07,Hospital_A,O_negative,16,22,406,16,0,0,0,0,0,1,2,7,2021,27
2021-07-08,Hospital_A,O_negative,19,20,407,19,0,0,0,0,0,1,3,7,2021,27
2021-07-09,Hospital_A,O_negative,17,13,403,17,0,0,0,0,0,1,4,7,2021,27
2021-07-10,Hospital_A,O_negative,8,13,408,8,0,0,0,1,0,1,5,7,2021,27
2021-07-11,Hospital_A,O_negative,12,13,409,12,0,0,0,1,0,1,6,7,2021,27
2021-07-12,Hospital_A,O_negative,17,25,417,17,0,0,0,0,0,1,0,7,2021,28
2021-07-13,Hospital_A,O_negative,11,8,414,11,0,0,0,0,0,1,1,7,2021,28
2021-07-14,Hospital_A,O_negative,14,7,407,14,0,0,0,0,0,1,2,7,2021,28
2021-07-15,Hospital_A,O_negative,16,22,413,16,0,0,0,0,0,1,3,7,2021,28
2021-07-16,Hospital_A,O_negative,17,12,408,17,0,0,0,0,0,1,4,7,2021,28
2021-07-17,Hospital_A,O_negative,8,15,415,8,0,0,0,1,0,1,5,7,2021,28
2021-07-18,Hospital_A,O_negative,21,18,412,21,0,0,0,1,0,1,6,7,2021,28
2021-07-19,Hospital_A,O_negative,22,26,416,22,0,0,0,0,0,1,0,7,2021,29
2021-07-20,Hospital_A,O_negative,20,17,413,20,0,0,0,0,0,1,1,7,2021,29
2021-07-21,Hospital_A,O_negative,21,24,416,21,0,0,0,0,0,1,2,7,2021,29
2021-07-22,Hospital_A,O_negative,21,26,421,21,0,0,0,0,0,1,3,7,2021,29
2021-07-23,Hospital_A,O_negative,19,13,415,19,0,0,0,0,0,1,4,7,2021,29
2021-07-24,Hospital_A,O_negative,31,31,415,31,0,0,0,1,0,1,5,7,2021,29
2021-07-25,Hospital_A,O_negative,14,13,414,14,0,0,0,1,0,1,6,7,2021,29
2021-07-26,Hospital_A,O_negative,27,34,421,27,0,0,0,0,0,1,0,7,2021,30
2021-07-27,Hospital_A,O_negative,19,21,423,19,0,0,0,0,0,1,1,7,2021,30
2021-07-28,Hospital_A,O_negative,22,20,421,22,0,0,0,0,0,1,2,7,2021,30
2021-07-29,Hospital_A,O_negative,16,20,425,16,0,0,0,0,0,1,3,7,2021,30
2021-07-30,Hospital_A,O_negative,12,10,423,12,0,0,0,0,0,1,4,7,2021,30
2021-07-31,Hospital_A,O_negative,13,13,423,13,0,0,0,1,0,1,5,7,2021,30
2021-08-01,Hospital_A,O_negative,12,12,423,12,0,0,0,1,0,1,6,8,2021,30
2021-08-02,Hospital_A,O_negative,22,24,425,22,0,0,0,0,0,1,0,8,2021,31
2021-08-03,Hospital_A,O_negative,28,37,434,28,0,0,0,0,0,1,1,8,2021,31
2021-08-04,Hospital_A,O_negative,14,22,442,14,0,0,0,0,0,1,2,8,2021,31
2021-08-05,Hospital_A,O_negative,14,15,443,14,0,0,0,0,0,1,3,8,2021,31
2021-08-06,Hospital_A,O_negative,25,24,442,25,0,0,0,0,0,1,4,8,2021,31
2021-08-07,Hospital_A,O_negative,11,15,446,11,0,0,0,1,0,1,5,8,2021,31
2021-08-08,Hospital_A,O_negative,22,25,449,22,0,0,0,1,0,1,6,8,2021,31
2021-08-09,Hospital_A,O_negative,16,13,446,16,0,0,0,0,0,1,0,8,2021,32
2021-08-10,Hospital_A,O_negative,38,48,456,38,0,0,0,0,0,1,1,8,2021,32
2021-08-11,Hospital_A,O_negative,13,14,457,13,0,0,0,0,0,1,2,8,2021,32
2021-08-12,Hospital_A,O_negative,21,24,460,21,0,0,0,0,0,1,3,8,2021,32
2021-08-13,Hospital_A,O_negative,38,47,469,38,0,0,0,0,0,1,4,8,2021,32
2021-08-14,Hospital_A,O_negative,21,12,460,21,0,0,0,1,0,1,5,8,2021,32
2021-08-15,Hospital_A,O_negative,5,5,460,5,0,0,0,1,1,1,6,8,2021,32
2021-08-16,Hospital_A,O_negative,28,26,458,28,0,0,0,0,0,1,0,8,2021,33
2021-08-17,Hospital_A,O_negative,26,26,458,26,0,0,0,0,0,1,1,8,2021,33
2021-08-18,Hospital_A,O_negative,16,19,461,16,0,0,0,0,0,1,2,8,2021,33
2021-08-19,Hospital_A,O_negative,20,18,459,20,0,0,0,0,0,1,3,8,2021,33
2021-08-20,Hospital_A,O_negative,19,19,459,19,0,0,0,0,0,1,4,8,2021,33
2021-08-21,Hospital_A,O_negative,8,8,459,8,0,0,0,1,0,1,5,8,2021,33
2021-08-22,Hospital_A,O_negative,8,10,461,8,0,0,0,1,0,1,6,8,2021,33
2021-08-23,Hospital_A,O_negative,15,21,467,15,0,0,0,0,0,1,0,8,2021,34
2021-08-24,Hospital_A,O_negative,20,17,464,20,0,0,0,0,0,1,1,8,2021,34
2021-08-25,Hospital_A,O_negative,19,18,463,19,0,0,0,0,0,1,2,8,2021,34
2021-08-26,Hospital_A,O_negative,11,13,465,11,0,0,0,0,0,1,3,8,2021,34
2021-08-27,Hospital_A,O_negative,24,18,459,24,0,0,0,0,0,1,4,8,2021,34
2021-08-28,Hospital_A,O_negative,16,19,462,16,0,0,0,1,0,1,5,8,2021,34
2021-08-29,Hospital_A,O_negative,6,10,466,6,0,0,0,1,0,1,6,8,2021,34
2021-08-30,Hospital_A,O_negative,18,22,470,18,0,0,0,0,0,1,0,8,2021,35
2021-08-31,Hospital_A,O_negative,20,21,471,20,0,0,0,0,0,1,1,8,2021,35
2021-09-01,Hospital_A,O_negative,19,16,468,19,0,0,0,0,0,1,2,9,2021,35
2021-09-02,Hospital_A,O_negative,21,23,470,21,0,0,0,0,0,1,3,9,2021,35
2021-09-03,Hospital_A,O_negative,11,10,469,11,0,0,0,0,0,1,4,9,2021,35
2021-09-04,Hospital_A,O_negative,16,12,465,16,0,0,0,1,0,1,5,9,2021,35
2021-09-05,Hospital_A,O_negative,12,10,463,12,0,0,0,1,0,1,6,9,2021,35
2021-09-06,Hospital_A,O_negative,21,31,473,21,0,0,0,0,0,1,0,9,2021,36
2021-09-07,Hospital_A,O_negative,14,17,476,14,0,0,0,0,0,1,1,9,2021,36
2021-09-08,Hospital_A,O_negative,14,17,479,14,0,0,0,0,0,1,2,9,2021,36
2021-09-09,Hospital_A,O_negative,15,21,485,15,0,0,0,0,0,1,3,9,2021,36
2021-09-10,Hospital_A,O_negative,18,14,481,18,0,26,0,0,0,1,4,9,2021,36
2021-09-11,Hospital_A,O_negative,8,6,479,8,0,26,0,1,0,1,5,9,2021,36
2021-09-12,Hospital_A,O_negative,5,5,479,5,0,21,0,1,0,1,6,9,2021,36
2021-09-13,Hospital_A,O_negative,17,12,474,17,0,28,0,0,0,1,0,9,2021,37
2021-09-14,Hospital_A,O_negative,12,11,473,12,0,16,0,0,0,1,1,9,2021,37
2021-09-15,Hospital_A,O_negative,15,9,467,15,0,15,0,0,0,1,2,9,2021,37
2021-09-16,Hospital_A,O_negative,18,26,475,18,0,33,0,0,0,1,3,9,2021,37
2021-09-17,Hospital_A,O_negative,26,34,483,26,0,17,0,0,0,1,4,9,2021,37
2021-09-18,Hospital_A,O_negative,17,27,493,17,0,18,0,1,0,1,5,9,2021,37
2021-09-19,Hospital_A,O_negative,13,18,498,13,0,5,0,1,0,1,6,9,2021,37
2021-09-20,Hospital_A,O_negative,25,19,492,25,0,6,0,0,0,1,0,9,2021,38
2021-09-21,Hospital_A,O_negative,19,21,494,19,0,13,0,0,0,1,1,9,2021,38
2021-09-22,Hospital_A,O_negative,17,12,489,17,0,15,0,0,0,1,2,9,2021,38
2021-09-23,Hospital_A,O_negative,13,9,485,13,0,43,0,0,0,1,3,9,2021,38
2021-09-24,Hospital_A,O_negative,16,14,483,16,0,27,0,0,0,1,4,9,2021,38
2021-09-25,Hospital_A,O_negative,10,13,486,10,0,39,0,1,0,1,5,9,2021,38
2021-09-26,Hospital_A,O_negative,13,16,489,13,0,43,0,1,0,1,6,9,2021,38
2021-09-27,Hospital_A,O_negative,30,35,490,30,4,30,0,0,0,1,0,9,2021,39
2021-09-28,Hospital_A,O_negative,12,16,494,12,0,18,0,0,0,1,1,9,2021,39
2021-09-29,Hospital_A,O_negative,18,20,496,18,0,0,0,0,0,1,2,9,2021,39
2021-09-30,Hospital_A,O_negative,19,20,497,19,0,0,0,0,0,1,3,9,2021,39
2021-10-01,Hospital_A,O_negative,14,18,501,14,0,0,0,0,0,1,4,10,2021,39
2021-10-02,Hospital_A,O_negative,4,3,500,4,0,14,0,1,1,1,5,10,2021,39
2021-10-03,Hospital_A,O_negative,4,4,500,4,0,54,0,1,0,1,6,10,2021,39
2021-10-04,Hospital_A,O_negative,16,18,502,16,0,85,0,0,0,1,0,10,2021,40
2021-10-05,Hospital_A,O_negative,14,12,500,14,0,71,0,0,0,1,1,10,2021,40
2021-10-06,Hospital_A,O_negative,17,19,502,17,0,73,0,0,0,1,2,10,2021,40
2021-10-07,Hospital_A,O_negative,20,21,496,20,7,56,0,0,0,1,3,10,2021,40
2021-10-08,Hospital_A,O_negative,17,16,468,17,27,51,0,0,0,1,4,10,2021,40
2021-10-09,Hospital_A,O_negative,6,5,467,6,0,45,0,1,0,1,5,10,2021,40
2021-10-10,Hospital_A,O_negative,10,13,470,10,0,49,0,1,0,1,6,10,2021,40
2021-10-11,Hospital_A,O_negative,24,32,478,24,0,25,0,0,0,1,0,10,2021,41
2021-10-12,Hospital_A,O_negative,18,26,475,18,11,6,0,0,0,1,1,10,2021,41
2021-10-13,Hospital_A,O_negative,13,15,477,13,0,18,0,0,0,1,2,10,2021,41
2021-10-14,Hospital_A,O_negative,15,22,484,15,0,3,0,0,0,1,3,10,2021,41
2021-10-15,Hospital_A,O_negative,21,33,496,21,0,0,0,0,0,1,4,10,2021,41
2021-10-16,Hospital_A,O_negative,15,22,503,15,0,0,0,1,0,1,5,10,2021,41
2021-10-17,Hospital_A,O_negative,16,15,502,16,0,0,0,1,0,1,6,10,2021,41
2021-10-18,Hospital_A,O_negative,16,11,497,16,0,0,0,0,0,1,0,10,2021,42
2021-10-19,Hospital_A,O_negative,20,18,495,20,0,0,0,0,0,1,1,10,2021,42
2021-10-20,Hospital_A,O_negative,14,10,491,14,0,0,0,0,0,1,2,10,2021,42
2021-10-21,Hospital_A,O_negative,22,20,489,22,0,0,0,0,0,1,3,10,2021,42
2021-10-22,Hospital_A,O_negative,21,19,487,21,0,0,0,0,0,1,4,10,2021,42
2021-10-23,Hospital_A,O_negative,15,21,493,15,0,26,0,1,0,1,5,10,2021,42
2021-10-24,Hospital_A,O_negative,8,8,493,8,0,27,0,1,0,1,6,10,2021,42
2021-10-25,Hospital_A,O_negative,27,27,493,27,0,0,0,0,0,1,0,10,2021,43
2021-10-26,Hospital_A,O_negative,36,44,501,36,0,2,0,0,0,1,1,10,2021,43
2021-10-27,Hospital_A,O_negative,16,21,506,16,0,0,0,0,0,1,2,10,2021,43
2021-10-28,Hospital_A,O_negative,23,24,507,23,0,0,0,0,0,1,3,10,2021,43
2021-10-29,Hospital_A,O_negative,15,14,506,15,0,2,0,0,0,1,4,10,2021,43
2021-10-30,Hospital_A,O_negative,10,8,504,10,0,13,0,1,0,1,5,10,2021,43
2021-10-31,Hospital_A,O_negative,11,11,504,11,0,2,0,1,0,1,6,10,2021,43
2021-11-01,Hospital_A,O_negative,20,26,510,20,0,0,0,0,0,0,0,11,2021,44
2021-11-02,Hospital_A,O_negative,17,15,508,17,0,0,0,0,0,0,1,11,2021,44
2021-11-03,Hospital_A,O_negative,21,25,512,21,0,0,0,0,0,0,2,11,2021,44
2021-11-04,Hospital_A,O_negative,3,5,514,3,0,13,0,0,1,0,3,11,2021,44
2021-11-05,Hospital_A,O_negative,23,34,525,23,0,9,0,0,0,0,4,11,2021,44
2021-11-06,Hospital_A,O_negative,8,10,527,8,0,28,0,1,0,0,5,11,2021,44
2021-11-07,Hospital_A,O_negative,17,22,532,17,0,11,0,1,0,0,6,11,2021,44
2021-11-08,Hospital_A,O_negative,23,31,540,23,0,0,0,0,0,0,0,11,2021,45
2021-11-09,Hospital_A,O_negative,16,7,531,16,0,0,0,0,0,0,1,11,2021,45
2021-11-10,Hospital_A,O_negative,18,15,528,18,0,0,0,0,0,0,2,11,2021,45
2021-11-11,Hospital_A,O_negative,18,20,530,18,0,0,0,0,0,0,3,11,2021,45
2021-11-12,Hospital_A,O_negative,24,23,529,24,0,0,0,0,0,0,4,11,2021,45
2021-11-13,Hospital_A,O_negative,10,9,528,10,0,0,0,1,0,0,5,11,2021,45
2021-11-14,Hospital_A,O_negative,13,11,526,13,0,0,0,1,0,0,6,11,2021,45
2021-11-15,Hospital_A,O_negative,21,16,521,21,0,0,0,0,0,0,0,11,2021,46
2021-11-16,Hospital_A,O_negative,17,13,517,17,0,0,0,0,0,0,1,11,2021,46
2021-11-17,Hospital_A,O_negative,22,23,518,22,0,0,0,0,0,0,2,11,2021,46
2021-11-18,Hospital_A,O_negative,22,27,523,22,0,0,0,0,0,0,3,11,2021,46
2021-11-19,Hospital_A,O_negative,8,10,525,8,0,0,0,0,0,0,4,11,2021,46
2021-11-20,Hospital_A,O_negative,7,6,524,7,0,39,0,1,0,0,5,11,2021,46
2021-11-21,Hospital_A,O_negative,5,5,524,5,0,34,0,1,0,0,6,11,2021,46
2021-11-22,Hospital_A,O_negative,20,16,520,20,0,14,0,0,0,0,0,11,2021,47
2021-11-23,Hospital_A,O_negative,16,17,521,16,0,9,0,0,0,0,1,11,2021,47
2021-11-24,Hospital_A,O_negative,19,21,523,19,0,0,0,0,0,0,2,11,2021,47
2021-11-25,Hospital_A,O_negative,17,28,534,17,0,0,0,0,0,0,3,11,2021,47
2021-11-26,Hospital_A,O_negative,21,33,546,21,0,0,0,0,0,0,4,11,2021,47
2021-11-27,Hospital_A,O_negative,13,14,547,13,0,1,0,1,0,0,5,11,2021,47
2021-11-28,Hospital_A,O_negative,8,13,552,8,0,18,0,1,0,0,6,11,2021,47
2021-11-29,Hospital_A,O_negative,25,30,557,25,0,8,0,0,0,0,0,11,2021,48
2021-11-30,Hospital_A,O_negative,16,18,559,16,0,0,0,0,0,0,1,11,2021,48
2021-12-01,Hospital_A,O_negative,10,12,561,10,0,0,0,0,0,0,2,12,2021,48
2021-12-02,Hospital_A,O_negative,20,25,566,20,0,0,0,0,0,0,3,12,2021,48
2021-12-03,Hospital_A,O_negative,22,35,579,22,0,43,0,0,0,0,4,12,2021,48
2021-12-04,Hospital_A,O_negative,16,21,584,16,0,69,0,1,0,0,5,12,2021,48
2021-12-05,Hospital_A,O_negative,9,7,582,9,0,60,0,1,0,0,6,12,2021,48
2021-12-06,Hospital_A,O_negative,29,37,590,29,0,53,0,0,0,0,0,12,2021,49
2021-12-07,Hospital_A,O_negative,15,14,589,15,0,77,0,0,0,0,1,12,2021,49
2021-12-08,Hospital_A,O_negative,21,28,580,21,16,121,0,0,0,0,2,12,2021,49
2021-12-09,Hospital_A,O_negative,12,14,582,12,0,124,0,0,0,0,3,12,2021,49
2021-12-10,Hospital_A,O_negative,14,17,585,14,0,110,0,0,0,0,4,12,2021,49
2021-12-11,Hospital_A,O_negative,17,17,571,17,14,92,0,1,0,0,5,12,2021,49
2021-12-12,Hospital_A,O_negative,17,21,511,17,64,50,0,1,0,0,6,12,2021,49
2021-12-13,Hospital_A,O_negative,16,20,515,16,0,34,0,0,0,0,0,12,2021,50
2021-12-14,Hospital_A,O_negative,22,25,518,22,0,33,0,0,0,0,1,12,2021,50
2021-12-15,Hospital_A,O_negative,20,22,520,20,0,13,0,0,0,0,2,12,2021,50
2021-12-16,Hospital_A,O_negative,16,18,522,16,0,18,0,0,0,0,3,12,2021,50
2021-12-17,Hospital_A,O_negative,18,20,524,18,0,0,0,0,0,0,4,12,2021,50
2021-12-18,Hospital_A,O_negative,12,14,526,12,0,0,0,1,0,0,5,12,2021,50
2021-12-19,Hospital_A,O_negative,6,6,526,6,0,0,0,1,0,0,6,12,2021,50
2021-12-20,Hospital_A,O_negative,23,24,527,23,0,0,0,0,0,0,0,12,2021,51
2021-12-21,Hospital_A,O_negative,16,15,526,16,0,0,0,0,0,0,1,12,2021,51
2021-12-22,Hospital_A,O_negative,17,19,528,17,0,0,0,0,0,0,2,12,2021,51
2021-12-23,Hospital_A,O_negative,19,24,533,19,0,0,0,0,0,0,3,12,2021,51
2021-12-24,Hospital_A,O_negative,16,17,534,16,0,0,0,0,0,0,4,12,2021,51
2021-12-25,Hospital_A,O_negative,12,12,534,12,0,4,0,1,1,0,5,12,2021,51
2021-12-26,Hospital_A,O_negative,16,12,530,16,0,16,0,1,0,0,6,12,2021,51
2021-12-27,Hospital_A,O_negative,19,22,533,19,0,0,0,0,0,0,0,12,2021,52
2021-12-28,Hospital_A,O_negative,16,19,536,16,0,33,0,0,0,0,1,12,2021,52
2021-12-29,Hospital_A,O_negative,14,13,535,14,0,56,0,0,0,0,2,12,2021,52
2021-12-30,Hospital_A,O_negative,20,23,538,20,0,36,0,0,0,0,3,12,2021,52
2021-12-31,Hospital_A,O_negative,14,26,550,14,0,43,0,0,0,0,4,12,2021,52
2022-01-01,Hospital_A,O_negative,13,20,557,13,0,30,0,1,0,0,5,1,2022,52
2022-01-02,Hospital_A,O_negative,11,15,552,11,9,38,0,1,0,0,6,1,2022,52
2022-01-03,Hospital_A,O_negative,22,22,552,22,0,36,0,0,0,0,0,1,2022,1
2022-01-04,Hospital_A,O_negative,18,22,556,18,0,43,0,0,0,0,1,1,2022,1
2022-01-05,Hospital_A,O_negative,20,17,553,20,0,60,0,0,0,0,2,1,2022,1
2022-01-06,Hospital_A,O_negative,11,15,557,11,0,71,0,0,0,0,3,1,2022,1
2022-01-07,Hospital_A,O_negative,24,25,558,24,0,47,0,0,0,0,4,1,2022,1
2022-01-08,Hospital_A,O_negative,7,6,557,7,0,68,0,1,0,0,5,1,2022,1
2022-01-09,Hospital_A,O_negative,10,7,536,10,18,40,0,1,0,0,6,1,2022,1
2022-01-10,Hospital_A,O_negative,21,40,543,21,12,7,0,0,0,0,0,1,2022,2
2022-01-11,Hospital_A,O_negative,22,26,547,22,0,0,0,0,0,0,1,1,2022,2
2022-01-12,Hospital_A,O_negative,19,30,558,19,0,19,0,0,0,0,2,1,2022,2
2022-01-13,Hospital_A,O_negative,15,21,564,15,0,21,0,0,0,0,3,1,2022,2
2022-01-14,Hospital_A,O_negative,15,14,563,15,0,23,0,0,0,0,4,1,2022,2
2022-01-15,Hospital_A,O_negative,7,11,567,7,0,16,0,1,0,0,5,1,2022,2
2022-01-16,Hospital_A,O_negative,14,12,565,14,0,20,0,1,0,0,6,1,2022,2
2022-01-17,Hospital_A,O_negative,19,21,567,19,0,32,0,0,0,0,0,1,2022,3
2022-01-18,Hospital_A,O_negative,17,17,567,17,0,15,0,0,0,0,1,1,2022,3
2022-01-19,Hospital_A,O_negative,10,6,563,10,0,5,0,0,0,0,2,1,2022,3
2022-01-20,Hospital_A,O_negative,16,18,565,16,0,12,0,0,0,0,3,1,2022,3
2022-01-21,Hospital_A,O_negative,33,38,570,33,0,24,0,0,0,0,4,1,2022,3
2022-01-22,Hospital_A,O_negative,14,16,572,14,0,32,0,1,0,0,5,1,2022,3
2022-01-23,Hospital_A,O_negative,11,12,573,11,0,89,0,1,0,0,6,1,2022,3
2022-01-24,Hospital_A,O_negative,25,32,580,25,0,89,0,0,0,0,0,1,2022,4
2022-01-25,Hospital_A,O_negative,13,15,582,13,0,76,0,0,0,0,1,1,2022,4
2022-01-26,Hospital_A,O_negative,12,11,581,12,0,77,0,0,1,0,2,1,2022,4
2022-01-27,Hospital_A,O_negative,29,35,548,29,39,9,0,0,0,0,3,1,2022,4
2022-01-28,Hospital_A,O_negative,21,23,550,21,0,7,0,0,0,0,4,1,2022,4
2022-01-29,Hospital_A,O_negative,16,15,549,16,0,15,0,1,0,0,5,1,2022,4
2022-01-30,Hospital_A,O_negative,14,15,550,14,0,1,0,1,0,0,6,1,2022,4
2022-01-31,Hospital_A,O_negative,21,35,564,21,0,2,0,0,0,0,0,1,2022,5
2022-02-01,Hospital_A,O_negative,11,7,560,11,0,0,0,0,0,0,1,2,2022,5
2022-02-02,Hospital_A,O_negative,19,26,567,19,0,0,0,0,0,0,2,2,2022,5
2022-02-03,Hospital_A,O_negative,23,26,570,23,0,2,0,0,0,0,3,2,2022,5
2022-02-04,Hospital_A,O_negative,20,22,572,20,0,10,0,0,0,0,4,2,2022,5
2022-02-05,Hospital_A,O_negative,17,16,571,17,0,0,0,1,0,0,5,2,2022,5
2022-02-06,Hospital_A,O_negative,12,9,568,12,0,7,0,1,0,0,6,2,2022,5
2022-02-07,Hospital_A,O_negative,22,27,573,22,0,7,0,0,0,0,0,2,2022,6
2022-02-08,Hospital_A,O_negative,12,17,578,12,0,0,0,0,0,0,1,2,2022,6
2022-02-09,Hospital_A,O_negative,24,21,575,24,0,0,0,0,0,0,2,2,2022,6
2022-02-10,Hospital_A,O_negative,14,17,578,14,0,0,0,0,0,0,3,2,2022,6
2022-02-11,Hospital_A,O_negative,22,24,580,22,0,0,0,0,0,0,4,2,2022,6
2022-02-12,Hospital_A,O_negative,11,15,584,11,0,0,0,1,0,0,5,2,2022,6
2022-02-13,Hospital_A,O_negative,9,11,586,9,0,0,0,1,0,0,6,2,2022,6
2022-02-14,Hospital_A,O_negative,24,30,592,24,0,21,0,0,0,0,0,2,2022,7
2022-02-15,Hospital_A,O_negative,29,44,607,29,0,0,0,0,0,0,1,2,2022,7
2022-02-16,Hospital_A,O_negative,15,17,609,15,0,0,0,0,0,0,2,2,2022,7
2022-02-17,Hospital_A,O_negative,24,24,609,24,0,0,0,0,0,0,3,2,2022,7
2022-02-18,Hospital_A,O_negative,27,41,623,27,0,32,0,0,0,0,4,2,2022,7
2022-02-19,Hospital_A,O_negative,10,14,627,10,0,45,0,1,0,0,5,2,2022,7
2022-02-20,Hospital_A,O_negative,7,11,631,7,0,61,0,1,0,0,6,2,2022,7
2022-02-21,Hospital_A,O_negative,18,10,623,18,0,114,0,0,0,0,0,2,2022,8
2022-02-22,Hospital_A,O_negative,19,28,632,19,0,95,0,0,0,0,1,2,2022,8
2022-02-23,Hospital_A,O_negative,19,14,626,19,1,75,0,0,0,0,2,2,2022,8
2022-02-24,Hospital_A,O_negative,25,30,627,25,4,94,0,0,0,0,3,2,2022,8
2022-02-25,Hospital_A,O_negative,22,23,582,22,46,26,0,0,0,0,4,2,2022,8
2022-02-26,Hospital_A,O_negative,15,21,588,15,0,26,0,1,0,0,5,2,2022,8
2022-02-27,Hospital_A,O_negative,15,24,597,15,0,32,0,1,0,0,6,2,2022,8
2022-02-28,Hospital_A,O_negative,20,33,610,20,0,27,0,0,0,0,0,2,2022,9
2022-03-01,Hospital_A,O_negative,19,23,614,19,0,8,0,0,0,0,1,3,2022,9
2022-03-02,Hospital_A,O_negative,24,29,619,24,0,0,0,0,0,0,2,3,2022,9
2022-03-03,Hospital_A,O_negative,21,18,616,21,0,0,0,0,0,0,3,3,2022,9
2022-03-04,Hospital_A,O_negative,14,7,609,14,0,0,0,0,0,0,4,3,2022,9
2022-03-05,Hospital_A,O_negative,14,13,608,14,0,0,0,1,0,0,5,3,2022,9
2022-03-06,Hospital_A,O_negative,13,22,617,13,0,0,0,1,0,0,6,3,2022,9
2022-03-07,Hospital_A,O_negative,21,24,620,21,0,3,0,0,0,0,0,3,2022,10
2022-03-08,Hospital_A,O_negative,23,23,620,23,0,0,0,0,0,0,1,3,2022,10
2022-03-09,Hospital_A,O_negative,14,17,623,14,0,1,0,0,0,0,2,3,2022,10
2022-03-10,Hospital_A,O_negative,21,19,621,21,0,0,0,0,0,0,3,3,2022,10
2022-03-11,Hospital_A,O_negative,12,7,616,12,0,10,0,0,0,0,4,3,2022,10
2022-03-12,Hospital_A,O_negative,13,18,621,13,0,0,0,1,0,0,5,3,2022,10
2022-03-13,Hospital_A,O_negative,11,8,618,11,0,20,0,1,0,0,6,3,2022,10
2022-03-14,Hospital_A,O_negative,13,14,619,13,0,56,0,0,0,0,0,3,2022,11
2022-03-15,Hospital_A,O_negative,24,23,618,24,0,56,0,0,0,0,1,3,2022,11
2022-03-16,Hospital_A,O_negative,17,25,626,17,0,39,0,0,0,0,2,3,2022,11
2022-03-17,Hospital_A,O_negative,15,12,623,15,0,24,0,0,0,0,3,3,2022,11
2022-03-18,Hospital_A,O_negative,12,15,626,12,0,53,0,0,1,0,4,3,2022,11
2022-03-19,Hospital_A,O_negative,9,4,609,9,12,49,0,1,0,0,5,3,2022,11
2022-03-20,Hospital_A,O_negative,18,23,614,18,0,31,0,1,0,0,6,3,2022,11
2022-03-21,Hospital_A,O_negative,33,37,618,33,0,8,0,0,0,0,0,3,2022,12
2022-03-22,Hospital_A,O_negative,9,14,623,9,0,108,0,0,0,0,1,3,2022,12
2022-03-23,Hospital_A,O_negative,19,18,622,19,0,89,0,0,0,0,2,3,2022,12
2022-03-24,Hospital_A,O_negative,31,38,629,31,0,126,0,0,0,0,3,3,2022,12
2022-03-25,Hospital_A,O_negative,25,29,633,25,0,137,0,0,0,0,4,3,2022,12
2022-03-26,Hospital_A,O_negative,13,19,606,13,33,91,0,1,0,0,5,3,2022,12
2022-03-27,Hospital_A,O_negative,16,20,610,16,0,75,0,1,0,0,6,3,2022,12
2022-03-28,Hospital_A,O_negative,28,27,570,28,39,49,0,0,0,0,0,3,2022,13
2022-03-29,Hospital_A,O_negative,21,24,565,21,8,20,0,0,0,0,1,3,2022,13
2022-03-30,Hospital_A,O_negative,9,12,568,9,0,54,0,0,0,0,2,3,2022,13
2022-03-31,Hospital_A,O_negative,19,13,562,19,0,35,0,0,0,0,3,3,2022,13
2022-04-01,Hospital_A,O_negative,21,19,560,21,0,14,0,0,0,0,4,4,2022,13
2022-04-02,Hospital_A,O_negative,7,6,559,7,0,43,0,1,0,0,5,4,2022,13
2022-04-03,Hospital_A,O_negative,13,16,555,13,7,23,0,1,0,0,6,4,2022,13
2022-04-04,Hospital_A,O_negative,20,17,552,20,0,3,0,0,0,0,0,4,2022,14
2022-04-05,Hospital_A,O_negative,21,33,564,21,0,0,0,0,0,0,1,4,2022,14
2022-04-06,Hospital_A,O_negative,16,17,565,16,0,0,0,0,0,0,2,4,2022,14
2022-04-07,Hospital_A,O_negative,29,38,574,29,0,0,0,0,0,0,3,4,2022,14
2022-04-08,Hospital_A,O_negative,21,19,572,21,0,16,0,0,0,0,4,4,2022,14
2022-04-09,Hospital_A,O_negative,11,12,573,11,0,19,0,1,0,0,5,4,2022,14
2022-04-10,Hospital_A,O_negative,11,12,574,11,0,8,0,1,0,0,6,4,2022,14
2022-04-11,Hospital_A,O_negative,26,25,573,26,0,19,0,0,0,0,0,4,2022,15
2022-04-12,Hospital_A,O_negative,10,11,574,10,0,9,0,0,0,0,1,4,2022,15
2022-04-13,Hospital_A,O_negative,14,21,581,14,0,18,0,0,0,0,2,4,2022,15
2022-04-14,Hospital_A,O_negative,18,23,586,18,0,0,0,0,0,0,3,4,2022,15
2022-04-15,Hospital_A,O_negative,19,24,591,19,0,0,0,0,0,0,4,4,2022,15
2022-04-16,Hospital_A,O_negative,12,13,592,12,0,0,0,1,0,0,5,4,2022,15
2022-04-17,Hospital_A,O_negative,14,16,594,14,0,0,0,1,0,0,6,4,2022,15
2022-04-18,Hospital_A,O_negative,19,31,606,19,0,0,0,0,0,0,0,4,2022,16
2022-04-19,Hospital_A,O_negative,17,23,612,17,0,0,0,0,0,0,1,4,2022,16
2022-04-20,Hospital_A,O_negative,20,21,613,20,0,0,0,0,0,0,2,4,2022,16
2022-04-21,Hospital_A,O_negative,21,26,618,21,0,0,0,0,0,0,3,4,2022,16
2022-04-22,Hospital_A,O_negative,17,17,618,17,0,29,0,0,0,0,4,4,2022,16
2022-04-23,Hospital_A,O_negative,16,9,611,16,0,60,0,1,0,0,5,4,2022,16
2022-04-24,Hospital_A,O_negative,7,5,609,7,0,53,0,1,0,0,6,4,2022,16
2022-04-25,Hospital_A,O_negative,16,19,612,16,0,37,0,0,0,0,0,4,2022,17
2022-04-26,Hospital_A,O_negative,24,23,611,24,0,13,0,0,0,0,1,4,2022,17
2022-04-27,Hospital_A,O_negative,21,15,592,21,13,0,0,0,0,0,2,4,2022,17
2022-04-28,Hospital_A,O_negative,16,20,596,16,0,0,0,0,0,0,3,4,2022,17
2022-04-29,Hospital_A,O_negative,13,12,595,13,0,0,0,0,0,0,4,4,2022,17
2022-04-30,Hospital_A,O_negative,12,10,593,12,0,0,0,1,0,0,5,4,2022,17
2022-05-01,Hospital_A,O_negative,13,15,595,13,0,15,0,1,0,0,6,5,2022,17
2022-05-02,Hospital_A,O_negative,27,32,600,27,0,0,0,0,0,0,0,5,2022,18
2022-05-03,Hospital_A,O_negative,12,18,606,12,0,0,0,0,0,0,1,5,2022,18
2022-05-04,Hospital_A,O_negative,13,14,607,13,0,2,0,0,0,0,2,5,2022,18
2022-05-05,Hospital_A,O_negative,11,17,613,11,0,17,0,0,0,0,3,5,2022,18
2022-05-06,Hospital_A,O_negative,15,15,613,15,0,42,0,0,0,0,4,5,2022,18
2022-05-07,Hospital_A,O_negative,17,24,620,17,0,79,0,1,0,0,5,5,2022,18
2022-05-08,Hospital_A,O_negative,20,32,632,20,0,59,0,1,0,0,6,5,2022,18
2022-05-09,Hospital_A,O_negative,28,28,632,28,0,31,0,0,0,0,0,5,2022,19
2022-05-10,Hospital_A,O_negative,15,19,636,15,0,59,0,0,0,0,1,5,2022,19
2022-05-11,Hospital_A,O_negative,20,14,614,20,16,70,0,0,0,0,2,5,2022,19
2022-05-12,Hospital_A,O_negative,13,9,610,13,0,101,0,0,0,0,3,5,2022,19
2022-05-13,Hospital_A,O_negative,12,8,606,12,0,117,0,0,0,0,4,5,2022,19
2022-05-14,Hospital_A,O_negative,10,10,606,10,0,107,0,1,0,0,5,5,2022,19
2022-05-15,Hospital_A,O_negative,10,7,568,10,35,79,0,1,0,0,6,5,2022,19
2022-05-16,Hospital_A,O_negative,27,23,530,27,34,43,0,0,0,0,0,5,2022,20
2022-05-17,Hospital_A,O_negative,25,18,522,25,1,63,0,0,0,0,1,5,2022,20
2022-05-18,Hospital_A,O_negative,17,23,528,17,0,69,0,0,0,0,2,5,2022,20
2022-05-19,Hospital_A,O_negative,13,13,528,13,0,68,0,0,0,0,3,5,2022,20
2022-05-20,Hospital_A,O_negative,20,26,534,20,0,64,0,0,0,0,4,5,2022,20
2022-05-21,Hospital_A,O_negative,6,7,522,6,13,60,0,1,0,0,5,5,2022,20
2022-05-22,Hospital_A,O_negative,15,18,508,15,17,52,0,1,0,0,6,5,2022,20
2022-05-23,Hospital_A,O_negative,25,39,522,25,0,27,0,0,0,0,0,5,2022,21
2022-05-24,Hospital_A,O_negative,24,31,529,24,0,3,0,0,0,0,1,5,2022,21
2022-05-25,Hospital_A,O_negative,26,30,533,26,0,0,0,0,0,0,2,5,2022,21
2022-05-26,Hospital_A,O_negative,20,17,530,20,0,0,0,0,0,0,3,5,2022,21
2022-05-27,Hospital_A,O_negative,22,20,528,22,0,1,0,0,0,0,4,5,2022,21
2022-05-28,Hospital_A,O_negative,13,17,532,13,0,20,0,1,0,0,5,5,2022,21
2022-05-29,Hospital_A,O_negative,13,12,531,13,0,21,0,1,0,0,6,5,2022,21
2022-05-30,Hospital_A,O_negative,22,28,537,22,0,23,0,0,0,0,0,5,2022,22
2022-05-31,Hospital_A,O_negative,26,23,534,26,0,7,0,0,0,0,1,5,2022,22
2022-06-01,Hospital_A,O_negative,15,18,537,15,0,0,0,0,0,0,2,6,2022,22
2022-06-02,Hospital_A,O_negative,18,19,538,18,0,0,0,0,0,0,3,6,2022,22
2022-06-03,Hospital_A,O_negative,21,19,536,21,0,0,0,0,0,0,4,6,2022,22
2022-06-04,Hospital_A,O_negative,9,13,540,9,0,0,0,1,0,0,5,6,2022,22
2022-06-05,Hospital_A,O_negative,17,19,542,17,0,0,0,1,0,0,6,6,2022,22
2022-06-06,Hospital_A,O_negative,16,27,553,16,0,0,0,0,0,0,0,6,2022,23
2022-06-07,Hospital_A,O_negative,27,37,563,27,0,0,0,0,0,0,1,6,2022,23
2022-06-08,Hospital_A,O_negative,20,18,561,20,0,0,0,0,0,0,2,6,2022,23
2022-06-09,Hospital_A,O_negative,28,21,554,28,0,0,0,0,0,0,3,6,2022,23
2022-06-10,Hospital_A,O_negative,14,19,559,14,0,0,0,0,0,0,4,6,2022,23
2022-06-11,Hospital_A,O_negative,20,21,560,20,0,0,0,1,0,0,5,6,2022,23
2022-06-12,Hospital_A,O_negative,15,12,557,15,0,20,0,1,0,0,6,6,2022,23
2022-06-13,Hospital_A,O_negative,24,18,551,24,0,0,0,0,0,0,0,6,2022,24
2022-06-14,Hospital_A,O_negative,7,7,551,7,0,19,0,0,0,0,1,6,2022,24
2022-06-15,Hospital_A,O_negative,13,8,546,13,0,13,0,0,0,0,2,6,2022,24
2022-06-16,Hospital_A,O_negative,17,16,545,17,0,78,0,0,0,0,3,6,2022,24
2022-06-17,Hospital_A,O_negative,16,26,555,16,0,79,0,0,0,0,4,6,2022,24
2022-06-18,Hospital_A,O_negative,11,16,560,11,0,87,0,1,0,0,5,6,2022,24
2022-06-19,Hospital_A,O_negative,9,9,560,9,0,96,0,1,0,0,6,6,2022,24
2022-06-20,Hospital_A,O_negative,20,21,519,20,42,34,0,0,0,0,0,6,2022,25
2022-06-21,Hospital_A,O_negative,18,31,532,18,0,33,0,0,0,0,1,6,2022,25
2022-06-22,Hospital_A,O_negative,17,17,532,17,0,39,0,0,0,0,2,6,2022,25
2022-06-23,Hospital_A,O_negative,17,18,533,17,0,22,0,0,0,0,3,6,2022,25
2022-06-24,Hospital_A,O_negative,13,19,539,13,0,21,0,0,0,0,4,6,2022,25
2022-06-25,Hospital_A,O_negative,10,20,549,10,0,11,0,1,0,0,5,6,2022,25
2022-06-26,Hospital_A,O_negative,10,12,551,10,0,1,0,1,0,0,6,6,2022,25
2022-06-27,Hospital_A,O_negative,14,19,556,14,0,33,0,0,0,0,0,6,2022,26
2022-06-28,Hospital_A,O_negative,19,16,553,19,0,50,0,0,0,0,1,6,2022,26
2022-06-29,Hospital_A,O_negative,22,24,555,22,0,28,0,0,0,0,2,6,2022,26
2022-06-30,Hospital_A,O_negative,18,22,559,18,0,10,0,0,0,0,3,6,2022,26
2022-07-01,Hospital_A,O_negative,14,12,557,14,0,0,0,0,0,1,4,7,2022,26
2022-07-02,Hospital_A,O_negative,10,17,564,10,0,5,0,1,0,1,5,7,2022,26
2022-07-03,Hospital_A,O_negative,5,4,563,5,0,19,0,1,0,1,6,7,2022,26
2022-07-04,Hospital_A,O_negative,17,19,565,17,0,38,0,0,0,1,0,7,2022,27
2022-07-05,Hospital_A,O_negative,24,24,565,24,0,14,0,0,0,1,1,7,2022,27
2022-07-06,Hospital_A,O_negative,14,15,566,14,0,8,0,0,0,1,2,7,2022,27
2022-07-07,Hospital_A,O_negative,22,27,571,22,0,28,0,0,0,1,3,7,2022,27
2022-07-08,Hospital_A,O_negative,17,22,576,17,0,59,0,0,0,1,4,7,2022,27
2022-07-09,Hospital_A,O_negative,13,21,584,13,0,46,0,1,0,1,5,7,2022,27
2022-07-10,Hospital_A,O_negative,13,12,583,13,0,33,0,1,0,1,6,7,2022,27
2022-07-11,Hospital_A,O_negative,19,18,582,19,0,64,0,0,0,1,0,7,2022,28
2022-07-12,Hospital_A,O_negative,9,12,571,9,14,41,0,0,0,1,1,7,2022,28
2022-07-13,Hospital_A,O_negative,14,20,577,14,0,27,0,0,0,1,2,7,2022,28
2022-07-14,Hospital_A,O_negative,19,20,578,19,0,146,0,0,0,1,3,7,2022,28
2022-07-15,Hospital_A,O_negative,20,20,570,20,8,118,0,0,0,1,4,7,2022,28
2022-07-16,Hospital_A,O_negative,15,16,571,15,0,112,0,1,0,1,5,7,2022,28
2022-07-17,Hospital_A,O_negative,14,8,565,14,0,98,0,1,0,1,6,7,2022,28
2022-07-18,Hospital_A,O_negative,32,34,478,32,89,0,0,0,0,1,0,7,2022,29
2022-07-19,Hospital_A,O_negative,25,28,481,25,0,31,0,0,0,1,1,7,2022,29
2022-07-20,Hospital_A,O_negative,13,12,480,13,0,30,0,0,0,1,2,7,2022,29
2022-07-21,Hospital_A,O_negative,18,20,482,18,0,31,0,0,0,1,3,7,2022,29
2022-07-22,Hospital_A,O_negative,17,16,481,17,0,21,0,0,0,1,4,7,2022,29
2022-07-23,Hospital_A,O_negative,15,16,482,15,0,42,0,1,0,1,5,7,2022,29
2022-07-24,Hospital_A,O_negative,12,16,486,12,0,64,0,1,0,1,6,7,2022,29
2022-07-25,Hospital_A,O_negative,21,23,488,21,0,64,0,0,0,1,0,7,2022,30
2022-07-26,Hospital_A,O_negative,13,14,489,13,0,69,0,0,0,1,1,7,2022,30
2022-07-27,Hospital_A,O_negative,22,28,495,22,0,47,0,0,0,1,2,7,2022,30
2022-07-28,Hospital_A,O_negative,23,25,489,23,8,16,0,0,0,1,3,7,2022,30
2022-07-29,Hospital_A,O_negative,18,17,488,18,0,34,0,0,0,1,4,7,2022,30
2022-07-30,Hospital_A,O_negative,11,7,484,11,0,23,0,1,0,1,5,7,2022,30
2022-07-31,Hospital_A,O_negative,16,14,482,16,0,27,0,1,0,1,6,7,2022,30
2022-08-01,Hospital_A,O_negative,26,37,493,26,0,23,0,0,0,1,0,8,2022,31
2022-08-02,Hospital_A,O_negative,15,16,494,15,0,36,0,0,0,1,1,8,2022,31
2022-08-03,Hospital_A,O_negative,27,29,496,27,0,9,0,0,0,1,2,8,2022,31
2022-08-04,Hospital_A,O_negative,20,29,505,20,0,0,0,0,0,1,3,8,2022,31
2022-08-05,Hospital_A,O_negative,18,25,512,18,0,0,0,0,0,1,4,8,2022,31
2022-08-06,Hospital_A,O_negative,7,6,511,7,0,0,0,1,0,1,5,8,2022,31
2022-08-07,Hospital_A,O_negative,14,15,512,14,0,33,0,1,0,1,6,8,2022,31
2022-08-08,Hospital_A,O_negative,37,50,525,37,0,25,0,0,0,1,0,8,2022,32
2022-08-09,Hospital_A,O_negative,23,19,521,23,0,2,0,0,0,1,1,8,2022,32
2022-08-10,Hospital_A,O_negative,17,22,526,17,0,0,0,0,0,1,2,8,2022,32
2022-08-11,Hospital_A,O_negative,14,13,525,14,0,0,0,0,0,1,3,8,2022,32
2022-08-12,Hospital_A,O_negative,19,21,527,19,0,0,0,0,0,1,4,8,2022,32
2022-08-13,Hospital_A,O_negative,13,18,532,13,0,0,0,1,0,1,5,8,2022,32
2022-08-14,Hospital_A,O_negative,10,10,532,10,0,0,0,1,0,1,6,8,2022,32
2022-08-15,Hospital_A,O_negative,15,21,538,15,0,0,0,0,1,1,0,8,2022,33
2022-08-16,Hospital_A,O_negative,12,13,539,12,0,0,0,0,0,1,1,8,2022,33
2022-08-17,Hospital_A,O_negative,14,15,540,14,0,0,0,0,0,1,2,8,2022,33
2022-08-18,Hospital_A,O_negative,21,25,544,21,0,0,0,0,0,1,3,8,2022,33
2022-08-19,Hospital_A,O_negative,13,11,542,13,0,0,0,0,0,1,4,8,2022,33
2022-08-20,Hospital_A,O_negative,11,16,547,11,0,0,0,1,0,1,5,8,2022,33
2022-08-21,Hospital_A,O_negative,21,17,543,21,0,0,0,1,0,1,6,8,2022,33
2022-08-22,Hospital_A,O_negative,27,35,551,27,0,0,0,0,0,1,0,8,2022,34
2022-08-23,Hospital_A,O_negative,19,17,549,19,0,14,0,0,0,1,1,8,2022,34
2022-08-24,Hospital_A,O_negative,17,16,548,17,0,0,0,0,0,1,2,8,2022,34
2022-08-25,Hospital_A,O_negative,14,13,547,14,0,0,0,0,0,1,3,8,2022,34
2022-08-26,Hospital_A,O_negative,18,21,550,18,0,6,0,0,0,1,4,8,2022,34
2022-08-27,Hospital_A,O_negative,12,14,552,12,0,37,0,1,0,1,5,8,2022,34
2022-08-28,Hospital_A,O_negative,14,20,558,14,0,23,0,1,0,1,6,8,2022,34
2022-08-29,Hospital_A,O_negative,19,26,565,19,0,4,0,0,0,1,0,8,2022,35
2022-08-30,Hospital_A,O_negative,16,18,567,16,0,31,0,0,0,1,1,8,2022,35
2022-08-31,Hospital_A,O_negative,17,12,562,17,0,14,0,0,0,1,2,8,2022,35
2022-09-01,Hospital_A,O_negative,20,23,565,20,0,17,0,0,0,1,3,9,2022,35
2022-09-02,Hospital_A,O_negative,17,16,564,17,0,0,0,0,0,1,4,9,2022,35
2022-09-03,Hospital_A,O_negative,10,16,570,10,0,26,0,1,0,1,5,9,2022,35
2022-09-04,Hospital_A,O_negative,9,11,572,9,0,33,0,1,0,1,6,9,2022,35
2022-09-05,Hospital_A,O_negative,23,31,580,23,0,10,0,0,0,1,0,9,2022,36
2022-09-06,Hospital_A,O_negative,18,16,578,18,0,27,0,0,0,1,1,9,2022,36
2022-09-07,Hospital_A,O_negative,22,22,578,22,0,18,0,0,0,1,2,9,2022,36
2022-09-08,Hospital_A,O_negative,17,21,582,17,0,1,0,0,0,1,3,9,2022,36
2022-09-09,Hospital_A,O_negative,25,36,593,25,0,0,0,0,0,1,4,9,2022,36
2022-09-10,Hospital_A,O_negative,15,18,596,15,0,30,0,1,0,1,5,9,2022,36
2022-09-11,Hospital_A,O_negative,10,9,595,10,0,20,0,1,0,1,6,9,2022,36
2022-09-12,Hospital_A,O_negative,17,11,589,17,0,34,0,0,0,1,0,9,2022,37
2022-09-13,Hospital_A,O_negative,13,30,606,13,0,21,0,0,0,1,1,9,2022,37
2022-09-14,Hospital_A,O_negative,18,24,612,18,0,39,0,0,0,1,2,9,2022,37
2022-09-15,Hospital_A,O_negative,21,26,617,21,0,64,0,0,0,1,3,9,2022,37
2022-09-16,Hospital_A,O_negative,19,17,615,19,0,70,0,0,0,1,4,9,2022,37
2022-09-17,Hospital_A,O_negative,10,9,614,10,0,70,0,1,0,1,5,9,2022,37
2022-09-18,Hospital_A,O_negative,12,17,619,12,0,141,0,1,0,1,6,9,2022,37
2022-09-19,Hospital_A,O_negative,22,20,594,22,23,113,0,0,0,1,0,9,2022,38
2022-09-20,Hospital_A,O_negative,18,13,586,18,3,113,0,0,0,1,1,9,2022,38
2022-09-21,Hospital_A,O_negative,17,30,599,17,0,96,0,0,0,1,2,9,2022,38
2022-09-22,Hospital_A,O_negative,16,16,541,16,58,39,0,0,0,1,3,9,2022,38
2022-09-23,Hospital_A,O_negative,12,15,543,12,1,39,0,0,0,1,4,9,2022,38
2022-09-24,Hospital_A,O_negative,12,17,539,12,9,34,0,1,0,1,5,9,2022,38
2022-09-25,Hospital_A,O_negative,20,24,543,20,0,14,0,1,0,1,6,9,2022,38
2022-09-26,Hospital_A,O_negative,19,24,548,19,0,16,0,0,0,1,0,9,2022,39
2022-09-27,Hospital_A,O_negative,14,17,551,14,0,20,0,0,0,1,1,9,2022,39
2022-09-28,Hospital_A,O_negative,21,26,556,21,0,10,0,0,0,1,2,9,2022,39
2022-09-29,Hospital_A,O_negative,13,9,552,13,0,55,0,0,0,1,3,9,2022,39
2022-09-30,Hospital_A,O_negative,13,15,554,13,0,98,0,0,0,1,4,9,2022,39
2022-10-01,Hospital_A,O_negative,9,13,558,9,0,89,0,1,0,1,5,10,2022,39
2022-10-02,Hospital_A,O_negative,3,3,558,3,0,86,0,1,1,1,6,10,2022,39
2022-10-03,Hospital_A,O_negative,25,26,529,25,30,31,0,0,0,1,0,10,2022,40
2022-10-04,Hospital_A,O_negative,20,24,502,20,31,0,0,0,0,1,1,10,2022,40
2022-10-05,Hospital_A,O_negative,26,29,505,26,0,0,0,0,0,1,2,10,2022,40
2022-10-06,Hospital_A,O_negative,22,17,500,22,0,0,0,0,0,1,3,10,2022,40
2022-10-07,Hospital_A,O_negative,22,24,502,22,0,1,0,0,0,1,4,10,2022,40
2022-10-08,Hospital_A,O_negative,15,11,498,15,0,2,0,1,0,1,5,10,2022,40
2022-10-09,Hospital_A,O_negative,11,11,498,11,0,9,0,1,0,1,6,10,2022,40
2022-10-10,Hospital_A,O_negative,16,16,498,16,0,23,0,0,0,1,0,10,2022,41
2022-10-11,Hospital_A,O_negative,20,20,498,20,0,36,0,0,0,1,1,10,2022,41
2022-10-12,Hospital_A,O_negative,18,19,499,18,0,42,0,0,0,1,2,10,2022,41
2022-10-13,Hospital_A,O_negative,18,17,498,18,0,44,0,0,0,1,3,10,2022,41
2022-10-14,Hospital_A,O_negative,14,18,502,14,0,63,0,0,0,1,4,10,2022,41
2022-10-15,Hospital_A,O_negative,7,8,503,7,0,56,0,1,0,1,5,10,2022,41
2022-10-16,Hospital_A,O_negative,14,9,495,14,3,39,0,1,0,1,6,10,2022,41
2022-10-17,Hospital_A,O_negative,30,31,490,30,6,19,0,0,0,1,0,10,2022,42
2022-10-18,Hospital_A,O_negative,23,23,487,23,3,0,0,0,0,1,1,10,2022,42
2022-10-19,Hospital_A,O_negative,16,18,489,16,0,18,0,0,0,1,2,10,2022,42
2022-10-20,Hospital_A,O_negative,13,14,490,13,0,20,0,0,0,1,3,10,2022,42
2022-10-21,Hospital_A,O_negative,23,18,485,23,0,0,0,0,0,1,4,10,2022,42
2022-10-22,Hospital_A,O_negative,11,12,486,11,0,12,0,1,0,1,5,10,2022,42
2022-10-23,Hospital_A,O_negative,18,18,486,18,0,18,0,1,0,1,6,10,2022,42
2022-10-24,Hospital_A,O_negative,8,10,488,8,0,39,0,0,1,1,0,10,2022,43
2022-10-25,Hospital_A,O_negative,14,15,489,14,0,25,0,0,0,1,1,10,2022,43
2022-10-26,Hospital_A,O_negative,17,23,495,17,0,8,0,0,0,1,2,10,2022,43
2022-10-27,Hospital_A,O_negative,17,25,503,17,0,8,0,0,0,1,3,10,2022,43
2022-10-28,Hospital_A,O_negative,12,7,498,12,0,5,0,0,0,1,4,10,2022,43
2022-10-29,Hospital_A,O_negative,14,24,508,14,0,8,0,1,0,1,5,10,2022,43
2022-10-30,Hospital_A,O_negative,22,25,511,22,0,2,0,1,0,1,6,10,2022,43
2022-10-31,Hospital_A,O_negative,19,19,511,19,0,9,0,0,0,1,0,10,2022,44
2022-11-01,Hospital_A,O_negative,22,26,515,22,0,11,0,0,0,0,1,11,2022,44
2022-11-02,Hospital_A,O_negative,19,21,517,19,0,0,0,0,0,0,2,11,2022,44
2022-11-03,Hospital_A,O_negative,16,21,522,16,0,0,0,0,0,0,3,11,2022,44
2022-11-04,Hospital_A,O_negative,22,18,518,22,0,0,0,0,0,0,4,11,2022,44
2022-11-05,Hospital_A,O_negative,16,17,519,16,0,0,0,1,0,0,5,11,2022,44
2022-11-06,Hospital_A,O_negative,17,13,515,17,0,0,0,1,0,0,6,11,2022,44
2022-11-07,Hospital_A,O_negative,24,34,525,24,0,0,0,0,0,0,0,11,2022,45
2022-11-08,Hospital_A,O_negative,20,22,527,20,0,0,0,0,0,0,1,11,2022,45
2022-11-09,Hospital_A,O_negative,15,18,530,15,0,0,0,0,0,0,2,11,2022,45
2022-11-10,Hospital_A,O_negative,14,11,527,14,0,0,0,0,0,0,3,11,2022,45
2022-11-11,Hospital_A,O_negative,23,26,530,23,0,0,0,0,0,0,4,11,2022,45
2022-11-12,Hospital_A,O_negative,9,14,535,9,0,0,0,1,0,0,5,11,2022,45
2022-11-13,Hospital_A,O_negative,14,18,539,14,0,0,0,1,0,0,6,11,2022,45
2022-11-14,Hospital_A,O_negative,28,33,544,28,0,0,0,0,0,0,0,11,2022,46
2022-11-15,Hospital_A,O_negative,12,15,547,12,0,0,0,0,0,0,1,11,2022,46
2022-11-16,Hospital_A,O_negative,8,13,552,8,0,0,0,0,0,0,2,11,2022,46
2022-11-17,Hospital_A,O_negative,15,17,554,15,0,0,0,0,0,0,3,11,2022,46
2022-11-18,Hospital_A,O_negative,19,25,560,19,0,0,0,0,0,0,4,11,2022,46
2022-11-19,Hospital_A,O_negative,9,12,563,9,0,31,0,1,0,0,5,11,2022,46
2022-11-20,Hospital_A,O_negative,25,33,571,25,0,23,0,1,0,0,6,11,2022,46
2022-11-21,Hospital_A,O_negative,36,35,570,36,0,5,0,0,0,0,0,11,2022,47
2022-11-22,Hospital_A,O_negative,39,41,572,39,0,0,0,0,0,0,1,11,2022,47
2022-11-23,Hospital_A,O_negative,24,27,575,24,0,0,0,0,0,0,2,11,2022,47
2022-11-24,Hospital_A,O_negative,19,25,581,19,0,0,0,0,0,0,3,11,2022,47
2022-11-25,Hospital_A,O_negative,20,18,579,20,0,0,0,0,0,0,4,11,2022,47
2022-11-26,Hospital_A,O_negative,33,45,591,33,0,0,0,1,0,0,5,11,2022,47
2022-11-27,Hospital_A,O_negative,11,12,592,11,0,0,0,1,0,0,6,11,2022,47
2022-11-28,Hospital_A,O_negative,24,16,584,24,0,2,0,0,0,0,0,11,2022,48
2022-11-29,Hospital_A,O_negative,20,32,596,20,0,21,0,0,0,0,1,11,2022,48
2022-11-30,Hospital_A,O_negative,25,17,588,25,0,22,0,0,0,0,2,11,2022,48
2022-12-01,Hospital_A,O_negative,17,10,581,17,0,5,0,0,0,0,3,12,2022,48
2022-12-02,Hospital_A,O_negative,15,13,579,15,0,0,0,0,0,0,4,12,2022,48
2022-12-03,Hospital_A,O_negative,14,17,582,14,0,0,0,1,0,0,5,12,2022,48
2022-12-04,Hospital_A,O_negative,16,14,580,16,0,3,0,1,0,0,6,12,2022,48
2022-12-05,Hospital_A,O_negative,25,35,590,25,0,10,0,0,0,0,0,12,2022,49
2022-12-06,Hospital_A,O_negative,13,10,587,13,0,0,0,0,0,0,1,12,2022,49
2022-12-07,Hospital_A,O_negative,33,34,588,33,0,0,0,0,0,0,2,12,2022,49
2022-12-08,Hospital_A,O_negative,18,19,589,18,0,0,0,0,0,0,3,12,2022,49
2022-12-09,Hospital_A,O_negative,20,28,597,20,0,0,0,0,0,0,4,12,2022,49
2022-12-10,Hospital_A,O_negative,9,12,600,9,0,0,0,1,0,0,5,12,2022,49
2022-12-11,Hospital_A,O_negative,7,9,602,7,0,0,0,1,0,0,6,12,2022,49
2022-12-12,Hospital_A,O_negative,13,20,609,13,0,0,0,0,0,0,0,12,2022,50
2022-12-13,Hospital_A,O_negative,19,19,609,19,0,26,0,0,0,0,1,12,2022,50
2022-12-14,Hospital_A,O_negative,16,19,612,16,0,10,0,0,0,0,2,12,2022,50
2022-12-15,Hospital_A,O_negative,16,18,614,16,0,73,0,0,0,0,3,12,2022,50
2022-12-16,Hospital_A,O_negative,19,27,622,19,0,66,0,0,0,0,4,12,2022,50
2022-12-17,Hospital_A,O_negative,12,20,630,12,0,54,0,1,0,0,5,12,2022,50
2022-12-18,Hospital_A,O_negative,10,10,630,10,0,54,0,1,0,0,6,12,2022,50
2022-12-19,Hospital_A,O_negative,15,21,604,15,32,19,0,0,0,0,0,12,2022,51
2022-12-20,Hospital_A,O_negative,25,21,600,25,0,44,0,0,0,0,1,12,2022,51
2022-12-21,Hospital_A,O_negative,17,22,605,17,0,60,0,0,0,0,2,12,2022,51
2022-12-22,Hospital_A,O_negative,13,16,608,13,0,80,0,0,0,0,3,12,2022,51
2022-12-23,Hospital_A,O_negative,22,31,617,22,0,76,0,0,0,0,4,12,2022,51
2022-12-24,Hospital_A,O_negative,13,13,617,13,0,76,0,1,0,0,5,12,2022,51
2022-12-25,Hospital_A,O_negative,5,5,605,5,12,119,0,1,1,0,6,12,2022,51
2022-12-26,Hospital_A,O_negative,24,20,573,24,28,86,0,0,0,0,0,12,2022,52
2022-12-27,Hospital_A,O_negative,22,19,570,22,0,81,0,0,0,0,1,12,2022,52
2022-12-28,Hospital_A,O_negative,21,24,573,21,0,111,0,0,0,0,2,12,2022,52
2022-12-29,Hospital_A,O_negative,14,10,545,14,24,73,0,0,0,0,3,12,2022,52
2022-12-30,Hospital_A,O_negative,17,22,545,17,5,87,0,0,0,0,4,12,2022,52
2022-12-31,Hospital_A,O_negative,11,10,544,11,0,88,0,1,0,0,5,12,2022,52
2023-01-01,Hospital_A,O_negative,17,16,503,17,40,51,0,1,0,0,6,1,2023,52
2023-01-02,Hospital_A,O_negative,24,37,516,24,0,82,0,0,0,0,0,1,2023,1
2023-01-03,Hospital_A,O_negative,17,19,518,17,0,92,0,0,0,0,1,1,2023,1
2023-01-04,Hospital_A,O_negative,17,13,514,17,0,75,0,0,0,0,2,1,2023,1
2023-01-05,Hospital_A,O_negative,17,19,516,17,0,92,0,0,0,0,3,1,2023,1
2023-01-06,Hospital_A,O_negative,15,20,490,15,31,46,0,0,0,0,4,1,2023,1
2023-01-07,Hospital_A,O_negative,15,14,477,15,12,28,0,1,0,0,5,1,2023,1
2023-01-08,Hospital_A,O_negative,12,13,478,12,0,16,0,1,0,0,6,1,2023,1
2023-01-09,Hospital_A,O_negative,15,18,474,15,7,15,0,0,0,0,0,1,2023,2
2023-01-10,Hospital_A,O_negative,18,14,470,18,0,38,0,0,0,0,1,1,2023,2
2023-01-11,Hospital_A,O_negative,25,24,469,25,0,18,0,0,0,0,2,1,2023,2
2023-01-12,Hospital_A,O_negative,18,20,471,18,0,0,0,0,0,0,3,1,2023,2
2023-01-13,Hospital_A,O_negative,20,35,486,20,0,0,0,0,0,0,4,1,2023,2
2023-01-14,Hospital_A,O_negative,6,5,485,6,0,0,0,1,0,0,5,1,2023,2
2023-01-15,Hospital_A,O_negative,8,6,483,8,0,27,0,1,0,0,6,1,2023,2
2023-01-16,Hospital_A,O_negative,18,22,487,18,0,9,0,0,0,0,0,1,2023,3
2023-01-17,Hospital_A,O_negative,17,26,496,17,0,44,0,0,0,0,1,1,2023,3
2023-01-18,Hospital_A,O_negative,27,23,492,27,0,17,0,0,0,0,2,1,2023,3
2023-01-19,Hospital_A,O_negative,16,23,499,16,0,1,0,0,0,0,3,1,2023,3
2023-01-20,Hospital_A,O_negative,23,22,498,23,0,0,0,0,0,0,4,1,2023,3
2023-01-21,Hospital_A,O_negative,14,12,496,14,0,0,0,1,0,0,5,1,2023,3
2023-01-22,Hospital_A,O_negative,10,9,495,10,0,0,0,1,0,0,6,1,2023,3
2023-01-23,Hospital_A,O_negative,21,28,502,21,0,0,0,0,0,0,0,1,2023,4
2023-01-24,Hospital_A,O_negative,17,23,508,17,0,0,0,0,0,0,1,1,2023,4
2023-01-25,Hospital_A,O_negative,18,28,518,18,0,0,0,0,0,0,2,1,2023,4
2023-01-26,Hospital_A,O_negative,10,10,518,10,0,0,0,0,1,0,3,1,2023,4
2023-01-27,Hospital_A,O_negative,16,18,520,16,0,0,0,0,0,0,4,1,2023,4
2023-01-28,Hospital_A,O_negative,12,16,524,12,0,0,0,1,0,0,5,1,2023,4
2023-01-29,Hospital_A,O_negative,11,15,528,11,0,26,0,1,0,0,6,1,2023,4
2023-01-30,Hospital_A,O_negative,20,22,530,20,0,6,0,0,0,0,0,1,2023,5
2023-01-31,Hospital_A,O_negative,10,9,529,10,0,0,0,0,0,0,1,1,2023,5
2023-02-01,Hospital_A,O_negative,18,12,523,18,0,15,0,0,0,0,2,2,2023,5
2023-02-02,Hospital_A,O_negative,20,23,526,20,0,11,0,0,0,0,3,2,2023,5
2023-02-03,Hospital_A,O_negative,26,32,532,26,0,23,0,0,0,0,4,2,2023,5
2023-02-04,Hospital_A,O_negative,14,13,531,14,0,9,0,1,0,0,5,2,2023,5
2023-02-05,Hospital_A,O_negative,14,14,531,14,0,0,0,1,0,0,6,2,2023,5
2023-02-06,Hospital_A,O_negative,22,29,538,22,0,0,0,0,0,0,0,2,2023,6
2023-02-07,Hospital_A,O_negative,12,10,536,12,0,5,0,0,0,0,1,2,2023,6
2023-02-08,Hospital_A,O_negative,42,42,536,42,0,0,0,0,0,0,2,2,2023,6
2023-02-09,Hospital_A,O_negative,18,17,535,18,0,0,0,0,0,0,3,2,2023,6
2023-02-10,Hospital_A,O_negative,22,19,532,22,0,0,0,0,0,0,4,2,2023,6
2023-02-11,Hospital_A,O_negative,18,13,527,18,0,0,0,1,0,0,5,2,2023,6
2023-02-12,Hospital_A,O_negative,28,33,532,28,0,0,0,1,0,0,6,2,2023,6
2023-02-13,Hospital_A,O_negative,18,21,535,18,0,0,0,0,0,0,0,2,2023,7
2023-02-14,Hospital_A,O_negative,15,9,529,15,0,0,0,0,0,0,1,2,2023,7
2023-02-15,Hospital_A,O_negative,23,35,541,23,0,0,0,0,0,0,2,2,2023,7
2023-02-16,Hospital_A,O_negative,12,10,539,12,0,0,0,0,0,0,3,2,2023,7
2023-02-17,Hospital_A,O_negative,17,24,546,17,0,0,0,0,0,0,4,2,2023,7
2023-02-18,Hospital_A,O_negative,9,13,550,9,0,0,0,1,0,0,5,2,2023,7
2023-02-19,Hospital_A,O_negative,9,12,553,9,0,0,0,1,0,0,6,2,2023,7
2023-02-20,Hospital_A,O_negative,25,24,552,25,0,0,0,0,0,0,0,2,2023,8
2023-02-21,Hospital_A,O_negative,13,8,547,13,0,33,0,0,0,0,1,2,2023,8
2023-02-22,Hospital_A,O_negative,18,13,542,18,0,15,0,0,0,0,2,2,2023,8
2023-02-23,Hospital_A,O_negative,23,27,546,23,0,24,0,0,0,0,3,2,2023,8
2023-02-24,Hospital_A,O_negative,15,14,545,15,0,32,0,0,0,0,4,2,2023,8
2023-02-25,Hospital_A,O_negative,11,17,551,11,0,21,0,1,0,0,5,2,2023,8
2023-02-26,Hospital_A,O_negative,18,18,551,18,0,3,0,1,0,0,6,2,2023,8
2023-02-27,Hospital_A,O_negative,21,30,560,21,0,0,0,0,0,0,0,2,2023,9
2023-02-28,Hospital_A,O_negative,14,11,557,14,0,0,0,0,0,0,1,2,2023,9
2023-03-01,Hospital_A,O_negative,19,24,562,19,0,0,0,0,0,0,2,3,2023,9
2023-03-02,Hospital_A,O_negative,20,17,559,20,0,0,0,0,0,0,3,3,2023,9
2023-03-03,Hospital_A,O_negative,19,18,558,19,0,0,0,0,0,0,4,3,2023,9
2023-03-04,Hospital_A,O_negative,13,13,558,13,0,0,0,1,0,0,5,3,2023,9
2023-03-05,Hospital_A,O_negative,12,11,557,12,0,0,0,1,0,0,6,3,2023,9
2023-03-06,Hospital_A,O_negative,24,30,563,24,0,0,0,0,0,0,0,3,2023,10
2023-03-07,Hospital_A,O_negative,12,12,563,12,0,0,0,0,0,0,1,3,2023,10
2023-03-08,Hospital_A,O_negative,8,10,565,8,0,6,0,0,1,0,2,3,2023,10
2023-03-09,Hospital_A,O_negative,24,22,563,24,0,0,0,0,0,0,3,3,2023,10
2023-03-10,Hospital_A,O_negative,21,25,567,21,0,0,0,0,0,0,4,3,2023,10
2023-03-11,Hospital_A,O_negative,15,14,566,15,0,15,0,1,0,0,5,3,2023,10
2023-03-12,Hospital_A,O_negative,11,11,566,11,0,4,0,1,0,0,6,3,2023,10
2023-03-13,Hospital_A,O_negative,19,24,571,19,0,3,0,0,0,0,0,3,2023,11
2023-03-14,Hospital_A,O_negative,20,19,570,20,0,0,0,0,0,0,1,3,2023,11
2023-03-15,Hospital_A,O_negative,22,27,575,22,0,0,0,0,0,0,2,3,2023,11
2023-03-16,Hospital_A,O_negative,24,19,570,24,0,0,0,0,0,0,3,3,2023,11
2023-03-17,Hospital_A,O_negative,27,34,577,27,0,0,0,0,0,0,4,3,2023,11
2023-03-18,Hospital_A,O_negative,10,9,576,10,0,0,0,1,0,0,5,3,2023,11
2023-03-19,Hospital_A,O_negative,22,28,582,22,0,0,0,1,0,0,6,3,2023,11
2023-03-20,Hospital_A,O_negative,26,28,584,26,0,0,0,0,0,0,0,3,2023,12
2023-03-21,Hospital_A,O_negative,14,10,580,14,0,8,0,0,0,0,1,3,2023,12
2023-03-22,Hospital_A,O_negative,17,17,580,17,0,58,0,0,0,0,2,3,2023,12
2023-03-23,Hospital_A,O_negative,20,17,577,20,0,60,0,0,0,0,3,3,2023,12
2023-03-24,Hospital_A,O_negative,19,19,577,19,0,41,0,0,0,0,4,3,2023,12
2023-03-25,Hospital_A,O_negative,9,7,575,9,0,85,0,1,0,0,5,3,2023,12
2023-03-26,Hospital_A,O_negative,28,29,566,28,10,47,0,1,0,0,6,3,2023,12
2023-03-27,Hospital_A,O_negative,19,20,567,19,0,28,0,0,0,0,0,3,2023,13
2023-03-28,Hospital_A,O_negative,21,26,572,21,0,7,0,0,0,0,1,3,2023,13
2023-03-29,Hospital_A,O_negative,19,21,567,19,7,36,0,0,0,0,2,3,2023,13
2023-03-30,Hospital_A,O_negative,10,8,565,10,0,26,0,0,0,0,3,3,2023,13
2023-03-31,Hospital_A,O_negative,17,31,579,17,0,47,0,0,0,0,4,3,2023,13
2023-04-01,Hospital_A,O_negative,12,10,577,12,0,68,0,1,0,0,5,4,2023,13
2023-04-02,Hospital_A,O_negative,24,32,585,24,0,44,0,1,0,0,6,4,2023,13
2023-04-03,Hospital_A,O_negative,12,8,581,12,0,95,0,0,0,0,0,4,2023,14
2023-04-04,Hospital_A,O_negative,22,21,580,22,0,104,0,0,0,0,1,4,2023,14
2023-04-05,Hospital_A,O_negative,21,31,580,21,10,107,0,0,0,0,2,4,2023,14
2023-04-06,Hospital_A,O_negative,19,23,584,19,0,105,0,0,0,0,3,4,2023,14
2023-04-07,Hospital_A,O_negative,17,17,561,17,23,65,0,0,0,0,4,4,2023,14
2023-04-08,Hospital_A,O_negative,23,26,550,23,14,56,0,1,0,0,5,4,2023,14
2023-04-09,Hospital_A,O_negative,11,14,542,11,11,53,0,1,0,0,6,4,2023,14
2023-04-10,Hospital_A,O_negative,23,19,532,23,6,42,0,0,0,0,0,4,2023,15
2023-04-11,Hospital_A,O_negative,14,16,534,14,0,47,0,0,0,0,1,4,2023,15
2023-04-12,Hospital_A,O_negative,23,19,530,23,0,51,0,0,0,0,2,4,2023,15
2023-04-13,Hospital_A,O_negative,14,16,532,14,0,37,0,0,0,0,3,4,2023,15
2023-04-14,Hospital_A,O_negative,17,20,535,17,0,20,0,0,0,0,4,4,2023,15
2023-04-15,Hospital_A,O_negative,16,7,526,16,0,14,0,1,0,0,5,4,2023,15
2023-04-16,Hospital_A,O_negative,18,17,521,18,4,27,0,1,0,0,6,4,2023,15
2023-04-17,Hospital_A,O_negative,23,29,527,23,0,4,0,0,0,0,0,4,2023,16
2023-04-18,Hospital_A,O_negative,18,19,528,18,0,15,0,0,0,0,1,4,2023,16
2023-04-19,Hospital_A,O_negative,10,14,532,10,0,5,0,0,0,0,2,4,2023,16
2023-04-20,Hospital_A,O_negative,19,21,534,19,0,0,0,0,0,0,3,4,2023,16
2023-04-21,Hospital_A,O_negative,22,33,545,22,0,0,0,0,0,0,4,4,2023,16
2023-04-22,Hospital_A,O_negative,10,7,542,10,0,24,0,1,0,0,5,4,2023,16
2023-04-23,Hospital_A,O_negative,18,22,546,18,0,23,0,1,0,0,6,4,2023,16
2023-04-24,Hospital_A,O_negative,22,22,546,22,0,1,0,0,0,0,0,4,2023,17
2023-04-25,Hospital_A,O_negative,17,23,552,17,0,3,0,0,0,0,1,4,2023,17
2023-04-26,Hospital_A,O_negative,18,20,554,18,0,0,0,0,0,0,2,4,2023,17
2023-04-27,Hospital_A,O_negative,29,34,559,29,0,0,0,0,0,0,3,4,2023,17
2023-04-28,Hospital_A,O_negative,20,25,564,20,0,0,0,0,0,0,4,4,2023,17
2023-04-29,Hospital_A,O_negative,11,14,567,11,0,0,0,1,0,0,5,4,2023,17
2023-04-30,Hospital_A,O_negative,8,7,566,8,0,0,0,1,0,0,6,4,2023,17
2023-05-01,Hospital_A,O_negative,20,31,577,20,0,0,0,0,0,0,0,5,2023,18
2023-05-02,Hospital_A,O_negative,10,9,576,10,0,0,0,0,0,0,1,5,2023,18
2023-05-03,Hospital_A,O_negative,16,13,573,16,0,0,0,0,0,0,2,5,2023,18
2023-05-04,Hospital_A,O_negative,19,18,572,19,0,7,0,0,0,0,3,5,2023,18
2023-05-05,Hospital_A,O_negative,19,20,573,19,0,0,0,0,0,0,4,5,2023,18
2023-05-06,Hospital_A,O_negative,13,19,579,13,0,0,0,1,0,0,5,5,2023,18
2023-05-07,Hospital_A,O_negative,14,17,582,14,0,27,0,1,0,0,6,5,2023,18
2023-05-08,Hospital_A,O_negative,25,33,590,25,0,21,0,0,0,0,0,5,2023,19
2023-05-09,Hospital_A,O_negative,20,19,589,20,0,1,0,0,0,0,1,5,2023,19
2023-05-10,Hospital_A,O_negative,12,11,588,12,0,0,0,0,0,0,2,5,2023,19
2023-05-11,Hospital_A,O_negative,17,28,599,17,0,3,0,0,0,0,3,5,2023,19
2023-05-12,Hospital_A,O_negative,27,26,598,27,0,47,0,0,0,0,4,5,2023,19
2023-05-13,Hospital_A,O_negative,10,12,600,10,0,57,0,1,0,0,5,5,2023,19
2023-05-14,Hospital_A,O_negative,17,12,595,17,0,88,0,1,0,0,6,5,2023,19
2023-05-15,Hospital_A,O_negative,17,29,607,17,0,97,0,0,0,0,0,5,2023,20
2023-05-16,Hospital_A,O_negative,17,20,607,17,3,102,0,0,0,0,1,5,2023,20
2023-05-17,Hospital_A,O_negative,15,15,604,15,3,84,0,0,0,0,2,5,2023,20
2023-05-18,Hospital_A,O_negative,15,14,570,15,33,36,0,0,0,0,3,5,2023,20
2023-05-19,Hospital_A,O_negative,12,13,560,12,11,46,0,0,0,0,4,5,2023,20
2023-05-20,Hospital_A,O_negative,16,21,552,16,13,51,0,1,0,0,5,5,2023,20
2023-05-21,Hospital_A,O_negative,11,13,554,11,0,40,0,1,0,0,6,5,2023,20
2023-05-22,Hospital_A,O_negative,22,15,547,22,0,34,0,0,0,0,0,5,2023,21
2023-05-23,Hospital_A,O_negative,16,25,556,16,0,57,0,0,0,0,1,5,2023,21
2023-05-24,Hospital_A,O_negative,19,21,556,19,2,36,0,0,0,0,2,5,2023,21
2023-05-25,Hospital_A,O_negative,18,23,561,18,0,18,0,0,0,0,3,5,2023,21
2023-05-26,Hospital_A,O_negative,12,7,556,12,0,13,0,0,0,0,4,5,2023,21
2023-05-27,Hospital_A,O_negative,16,11,545,16,6,27,0,1,0,0,5,5,2023,21
2023-05-28,Hospital_A,O_negative,18,13,540,18,0,37,0,1,0,0,6,5,2023,21
2023-05-29,Hospital_A,O_negative,16,19,543,16,0,49,0,0,0,0,0,5,2023,22
2023-05-30,Hospital_A,O_negative,15,13,541,15,0,56,0,0,0,0,1,5,2023,22
2023-05-31,Hospital_A,O_negative,13,18,546,13,0,61,0,0,0,0,2,5,2023,22
2023-06-01,Hospital_A,O_negative,12,14,548,12,0,82,0,0,0,0,3,6,2023,22
2023-06-02,Hospital_A,O_negative,34,33,538,34,9,78,0,0,0,0,4,6,2023,22
2023-06-03,Hospital_A,O_negative,15,21,544,15,0,63,0,1,0,0,5,6,2023,22
2023-06-04,Hospital_A,O_negative,11,13,546,11,0,61,0,1,0,0,6,6,2023,22
2023-06-05,Hospital_A,O_negative,24,33,542,24,13,24,0,0,0,0,0,6,2023,23
2023-06-06,Hospital_A,O_negative,23,32,536,23,15,44,0,0,0,0,1,6,2023,23
2023-06-07,Hospital_A,O_negative,15,15,536,15,0,60,0,0,0,0,2,6,2023,23
2023-06-08,Hospital_A,O_negative,18,15,533,18,0,73,0,0,0,0,3,6,2023,23
2023-06-09,Hospital_A,O_negative,18,14,529,18,0,55,0,0,0,0,4,6,2023,23
2023-06-10,Hospital_A,O_negative,14,11,526,14,0,41,0,1,0,0,5,6,2023,23
2023-06-11,Hospital_A,O_negative,12,9,513,12,10,19,0,1,0,0,6,6,2023,23
2023-06-12,Hospital_A,O_negative,19,23,498,19,19,0,0,0,0,0,0,6,2023,24
2023-06-13,Hospital_A,O_negative,9,8,497,9,0,0,0,0,0,0,1,6,2023,24
2023-06-14,Hospital_A,O_negative,36,30,491,36,0,0,0,0,0,0,2,6,2023,24
2023-06-15,Hospital_A,O_negative,18,26,499,18,0,0,0,0,0,0,3,6,2023,24
2023-06-16,Hospital_A,O_negative,24,24,499,24,0,0,0,0,0,0,4,6,2023,24
2023-06-17,Hospital_A,O_negative,15,16,500,15,0,0,0,1,0,0,5,6,2023,24
2023-06-18,Hospital_A,O_negative,15,16,501,15,0,0,0,1,0,0,6,6,2023,24
2023-06-19,Hospital_A,O_negative,21,24,504,21,0,0,0,0,0,0,0,6,2023,25
2023-06-20,Hospital_A,O_negative,27,30,507,27,0,0,0,0,0,0,1,6,2023,25
2023-06-21,Hospital_A,O_negative,14,14,507,14,0,0,0,0,0,0,2,6,2023,25
2023-06-22,Hospital_A,O_negative,23,24,508,23,0,0,0,0,0,0,3,6,2023,25
2023-06-23,Hospital_A,O_negative,21,29,516,21,0,0,0,0,0,0,4,6,2023,25
2023-06-24,Hospital_A,O_negative,14,15,517,14,0,0,0,1,0,0,5,6,2023,25
2023-06-25,Hospital_A,O_negative,12,11,516,12,0,0,0,1,0,0,6,6,2023,25
2023-06-26,Hospital_A,O_negative,16,12,512,16,0,0,0,0,0,0,0,6,2023,26
2023-06-27,Hospital_A,O_negative,18,20,514,18,0,0,0,0,0,0,1,6,2023,26
2023-06-28,Hospital_A,O_negative,19,14,509,19,0,0,0,0,0,0,2,6,2023,26
2023-06-29,Hospital_A,O_negative,17,19,511,17,0,0,0,0,0,0,3,6,2023,26
2023-06-30,Hospital_A,O_negative,20,25,516,20,0,0,0,0,0,0,4,6,2023,26
2023-07-01,Hospital_A,O_negative,19,17,514,19,0,0,0,1,0,1,5,7,2023,26
2023-07-02,Hospital_A,O_negative,12,10,512,12,0,2,0,1,0,1,6,7,2023,26
2023-07-03,Hospital_A,O_negative,13,17,516,13,0,48,0,0,0,1,0,7,2023,27
2023-07-04,Hospital_A,O_negative,16,18,518,16,0,32,0,0,0,1,1,7,2023,27
2023-07-05,Hospital_A,O_negative,16,13,515,16,0,16,0,0,0,1,2,7,2023,27
2023-07-06,Hospital_A,O_negative,12,21,524,12,0,4,0,0,0,1,3,7,2023,27
2023-07-07,Hospital_A,O_negative,16,24,528,16,4,7,0,0,0,1,4,7,2023,27
2023-07-08,Hospital_A,O_negative,10,11,529,10,0,11,0,1,0,1,5,7,2023,27
2023-07-09,Hospital_A,O_negative,10,10,529,10,0,1,0,1,0,1,6,7,2023,27
2023-07-10,Hospital_A,O_negative,15,19,533,15,0,0,0,0,0,1,0,7,2023,28
2023-07-11,Hospital_A,O_negative,17,24,540,17,0,2,0,0,0,1,1,7,2023,28
2023-07-12,Hospital_A,O_negative,14,16,542,14,0,12,0,0,0,1,2,7,2023,28
2023-07-13,Hospital_A,O_negative,16,14,540,16,0,7,0,0,0,1,3,7,2023,28
2023-07-14,Hospital_A,O_negative,20,17,537,20,0,19,0,0,0,1,4,7,2023,28
2023-07-15,Hospital_A,O_negative,7,9,539,7,0,20,0,1,0,1,5,7,2023,28
2023-07-16,Hospital_A,O_negative,15,19,543,15,0,5,0,1,0,1,6,7,2023,28
2023-07-17,Hospital_A,O_negative,24,33,552,24,0,5,0,0,0,1,0,7,2023,29
2023-07-18,Hospital_A,O_negative,19,21,554,19,0,0,0,0,0,1,1,7,2023,29
2023-07-19,Hospital_A,O_negative,21,22,555,21,0,4,0,0,0,1,2,7,2023,29
2023-07-20,Hospital_A,O_negative,18,21,558,18,0,32,0,0,0,1,3,7,2023,29
2023-07-21,Hospital_A,O_negative,20,18,556,20,0,32,0,0,0,1,4,7,2023,29
2023-07-22,Hospital_A,O_negative,14,13,555,14,0,47,0,1,0,1,5,7,2023,29
2023-07-23,Hospital_A,O_negative,12,14,557,12,0,59,0,1,0,1,6,7,2023,29
2023-07-24,Hospital_A,O_negative,23,23,557,23,0,68,0,0,0,1,0,7,2023,30
2023-07-25,Hospital_A,O_negative,11,14,560,11,0,57,0,0,0,1,1,7,2023,30
2023-07-26,Hospital_A,O_negative,26,43,576,26,1,46,0,0,0,1,2,7,2023,30
2023-07-27,Hospital_A,O_negative,17,17,576,17,0,68,0,0,0,1,3,7,2023,30
2023-07-28,Hospital_A,O_negative,15,21,569,15,13,59,0,0,0,1,4,7,2023,30
2023-07-29,Hospital_A,O_negative,14,24,579,14,0,56,0,1,0,1,5,7,2023,30
2023-07-30,Hospital_A,O_negative,11,12,580,11,0,58,0,1,0,1,6,7,2023,30
2023-07-31,Hospital_A,O_negative,20,24,569,20,15,58,0,0,0,1,0,7,2023,31
2023-08-01,Hospital_A,O_negative,24,22,567,24,0,34,0,0,0,1,1,8,2023,31
2023-08-02,Hospital_A,O_negative,23,28,572,23,0,11,0,0,0,1,2,8,2023,31
2023-08-03,Hospital_A,O_negative,21,20,571,21,0,2,0,0,0,1,3,8,2023,31
2023-08-04,Hospital_A,O_negative,21,26,576,21,0,0,0,0,0,1,4,8,2023,31
2023-08-05,Hospital_A,O_negative,8,9,577,8,0,0,0,1,0,1,5,8,2023,31
2023-08-06,Hospital_A,O_negative,17,18,578,17,0,0,0,1,0,1,6,8,2023,31
2023-08-07,Hospital_A,O_negative,29,36,585,29,0,0,0,0,0,1,0,8,2023,32
2023-08-08,Hospital_A,O_negative,19,27,593,19,0,9,0,0,0,1,1,8,2023,32
2023-08-09,Hospital_A,O_negative,12,19,600,12,0,19,0,0,0,1,2,8,2023,32
2023-08-10,Hospital_A,O_negative,15,17,602,15,0,22,0,0,0,1,3,8,2023,32
2023-08-11,Hospital_A,O_negative,11,9,600,11,0,25,0,0,0,1,4,8,2023,32
2023-08-12,Hospital_A,O_negative,14,19,605,14,0,11,0,1,0,1,5,8,2023,32
2023-08-13,Hospital_A,O_negative,13,11,603,13,0,0,0,1,0,1,6,8,2023,32
2023-08-14,Hospital_A,O_negative,29,34,608,29,0,6,0,0,0,1,0,8,2023,33
2023-08-15,Hospital_A,O_negative,17,18,609,17,0,0,0,0,1,1,1,8,2023,33
2023-08-16,Hospital_A,O_negative,21,21,609,21,0,0,0,0,0,1,2,8,2023,33
2023-08-17,Hospital_A,O_negative,16,15,608,16,0,1,0,0,0,1,3,8,2023,33
2023-08-18,Hospital_A,O_negative,12,19,615,12,0,34,0,0,0,1,4,8,2023,33
2023-08-19,Hospital_A,O_negative,14,12,613,14,0,41,0,1,0,1,5,8,2023,33
2023-08-20,Hospital_A,O_negative,16,14,611,16,0,82,0,1,0,1,6,8,2023,33
2023-08-21,Hospital_A,O_negative,18,11,604,18,0,64,0,0,0,1,0,8,2023,34
2023-08-22,Hospital_A,O_negative,15,13,602,15,0,63,0,0,0,1,1,8,2023,34
2023-08-23,Hospital_A,O_negative,16,14,600,16,0,56,0,0,0,1,2,8,2023,34
2023-08-24,Hospital_A,O_negative,17,13,563,17,33,6,0,0,0,1,3,8,2023,34
2023-08-25,Hospital_A,O_negative,17,16,562,17,0,0,0,0,0,1,4,8,2023,34
2023-08-26,Hospital_A,O_negative,14,18,566,14,0,62,0,1,0,1,5,8,2023,34
2023-08-27,Hospital_A,O_negative,18,18,566,18,0,44,0,1,0,1,6,8,2023,34
2023-08-28,Hospital_A,O_negative,28,35,573,28,0,52,0,0,0,1,0,8,2023,35
2023-08-29,Hospital_A,O_negative,15,16,574,15,0,80,0,0,0,1,1,8,2023,35
2023-08-30,Hospital_A,O_negative,22,19,570,22,1,97,0,0,0,1,2,8,2023,35
2023-08-31,Hospital_A,O_negative,14,21,577,14,0,106,0,0,0,1,3,8,2023,35
2023-09-01,Hospital_A,O_negative,18,19,578,18,0,88,0,0,0,1,4,9,2023,35
2023-09-02,Hospital_A,O_negative,18,21,556,18,25,62,0,1,0,1,5,9,2023,35
2023-09-03,Hospital_A,O_negative,18,19,535,18,22,22,0,1,0,1,6,9,2023,35
2023-09-04,Hospital_A,O_negative,25,22,527,25,5,0,0,0,0,1,0,9,2023,36
2023-09-05,Hospital_A,O_negative,17,24,534,17,0,0,0,0,0,1,1,9,2023,36
2023-09-06,Hospital_A,O_negative,20,18,532,20,0,0,0,0,0,1,2,9,2023,36
2023-09-07,Hospital_A,O_negative,17,19,534,17,0,0,0,0,0,1,3,9,2023,36
2023-09-08,Hospital_A,O_negative,33,29,530,33,0,0,0,0,0,1,4,9,2023,36
2023-09-09,Hospital_A,O_negative,6,4,528,6,0,40,0,1,0,1,5,9,2023,36
2023-09-10,Hospital_A,O_negative,13,17,532,13,0,41,0,1,0,1,6,9,2023,36
2023-09-11,Hospital_A,O_negative,24,25,533,24,0,17,0,0,0,1,0,9,2023,37
2023-09-12,Hospital_A,O_negative,16,21,538,16,0,17,0,0,0,1,1,9,2023,37
2023-09-13,Hospital_A,O_negative,23,34,549,23,0,14,0,0,0,1,2,9,2023,37
2023-09-14,Hospital_A,O_negative,18,20,551,18,0,0,0,0,0,1,3,9,2023,37
2023-09-15,Hospital_A,O_negative,23,27,555,23,0,0,0,0,0,1,4,9,2023,37
2023-09-16,Hospital_A,O_negative,11,15,559,11,0,31,0,1,0,1,5,9,2023,37
2023-09-17,Hospital_A,O_negative,16,21,564,16,0,33,0,1,0,1,6,9,2023,37
2023-09-18,Hospital_A,O_negative,21,28,571,21,0,31,0,0,0,1,0,9,2023,38
2023-09-19,Hospital_A,O_negative,24,27,574,24,0,43,0,0,0,1,1,9,2023,38
2023-09-20,Hospital_A,O_negative,20,19,573,20,0,23,0,0,0,1,2,9,2023,38
2023-09-21,Hospital_A,O_negative,21,26,578,21,0,23,0,0,0,1,3,9,2023,38
2023-09-22,Hospital_A,O_negative,14,22,586,14,0,27,0,0,0,1,4,9,2023,38
2023-09-23,Hospital_A,O_negative,12,14,588,12,0,15,0,1,0,1,5,9,2023,38
2023-09-24,Hospital_A,O_negative,10,7,585,10,0,5,0,1,0,1,6,9,2023,38
2023-09-25,Hospital_A,O_negative,23,24,586,23,0,0,0,0,0,1,0,9,2023,39
2023-09-26,Hospital_A,O_negative,16,17,587,16,0,0,0,0,0,1,1,9,2023,39
2023-09-27,Hospital_A,O_negative,23,28,592,23,0,0,0,0,0,1,2,9,2023,39
2023-09-28,Hospital_A,O_negative,16,12,588,16,0,0,0,0,0,1,3,9,2023,39
2023-09-29,Hospital_A,O_negative,15,27,600,15,0,0,0,0,0,1,4,9,2023,39
2023-09-30,Hospital_A,O_negative,12,9,597,12,0,0,0,1,0,1,5,9,2023,39
2023-10-01,Hospital_A,O_negative,27,28,598,27,0,0,0,1,0,1,6,10,2023,39
2023-10-02,Hospital_A,O_negative,11,22,609,11,0,0,0,0,1,1,0,10,2023,40
2023-10-03,Hospital_A,O_negative,22,28,615,22,0,0,0,0,0,1,1,10,2023,40
2023-10-04,Hospital_A,O_negative,15,18,618,15,0,0,0,0,0,1,2,10,2023,40
2023-10-05,Hospital_A,O_negative,21,32,629,21,0,0,0,0,0,1,3,10,2023,40
2023-10-06,Hospital_A,O_negative,16,17,630,16,0,8,0,0,0,1,4,10,2023,40
2023-10-07,Hospital_A,O_negative,13,14,631,13,0,39,0,1,0,1,5,10,2023,40
2023-10-08,Hospital_A,O_negative,15,15,631,15,0,56,0,1,0,1,6,10,2023,40
2023-10-09,Hospital_A,O_negative,18,19,632,18,0,38,0,0,0,1,0,10,2023,41
2023-10-10,Hospital_A,O_negative,15,18,635,15,0,71,0,0,0,1,1,10,2023,41
2023-10-11,Hospital_A,O_negative,19,20,636,19,0,133,0,0,0,1,2,10,2023,41
2023-10-12,Hospital_A,O_negative,23,39,648,23,4,106,0,0,0,1,3,10,2023,41
2023-10-13,Hospital_A,O_negative,17,19,650,17,0,135,0,0,0,1,4,10,2023,41
2023-10-14,Hospital_A,O_negative,17,17,642,17,8,138,0,1,0,1,5,10,2023,41
2023-10-15,Hospital_A,O_negative,13,15,580,13,64,61,0,1,0,1,6,10,2023,41
2023-10-16,Hospital_A,O_negative,15,13,578,15,0,46,0,0,0,1,0,10,2023,42
2023-10-17,Hospital_A,O_negative,21,28,567,21,18,7,0,0,0,1,1,10,2023,42
2023-10-18,Hospital_A,O_negative,21,19,558,21,7,6,0,0,0,1,2,10,2023,42
2023-10-19,Hospital_A,O_negative,21,15,552,21,0,0,0,0,0,1,3,10,2023,42
2023-10-20,Hospital_A,O_negative,19,17,550,19,0,0,0,0,0,1,4,10,2023,42
2023-10-21,Hospital_A,O_negative,10,17,557,10,0,0,0,1,0,1,5,10,2023,42
2023-10-22,Hospital_A,O_negative,13,14,558,13,0,0,0,1,0,1,6,10,2023,42
2023-10-23,Hospital_A,O_negative,19,19,558,19,0,0,0,0,0,1,0,10,2023,43
2023-10-24,Hospital_A,O_negative,16,18,560,16,0,0,0,0,0,1,1,10,2023,43
2023-10-25,Hospital_A,O_negative,18,21,563,18,0,21,0,0,0,1,2,10,2023,43
2023-10-26,Hospital_A,O_negative,20,28,571,20,0,15,0,0,0,1,3,10,2023,43
2023-10-27,Hospital_A,O_negative,22,26,575,22,0,0,0,0,0,1,4,10,2023,43
2023-10-28,Hospital_A,O_negative,13,12,574,13,0,7,0,1,0,1,5,10,2023,43
2023-10-29,Hospital_A,O_negative,17,24,581,17,0,12,0,1,0,1,6,10,2023,43
2023-10-30,Hospital_A,O_negative,17,21,585,17,0,76,0,0,0,1,0,10,2023,44
2023-10-31,Hospital_A,O_negative,30,26,581,30,0,46,0,0,0,1,1,10,2023,44
2023-11-01,Hospital_A,O_negative,14,16,583,14,0,56,0,0,0,0,2,11,2023,44
2023-11-02,Hospital_A,O_negative,23,22,582,23,0,73,0,0,0,0,3,11,2023,44
2023-11-03,Hospital_A,O_negative,15,23,581,15,9,49,0,0,0,0,4,11,2023,44
2023-11-04,Hospital_A,O_negative,11,7,577,11,0,118,0,1,0,0,5,11,2023,44
2023-11-05,Hospital_A,O_negative,20,28,585,20,0,98,0,1,0,0,6,11,2023,44
2023-11-06,Hospital_A,O_negative,29,20,558,29,18,51,0,0,0,0,0,11,2023,45
2023-11-07,Hospital_A,O_negative,19,29,568,19,0,66,0,0,0,0,1,11,2023,45
2023-11-08,Hospital_A,O_negative,15,18,539,15,32,64,0,0,0,0,2,11,2023,45
2023-11-09,Hospital_A,O_negative,13,19,545,13,0,51,0,0,0,0,3,11,2023,45
2023-11-10,Hospital_A,O_negative,19,23,549,19,0,32,0,0,0,0,4,11,2023,45
2023-11-11,Hospital_A,O_negative,18,21,552,18,0,14,0,1,0,0,5,11,2023,45
2023-11-12,Hospital_A,O_negative,8,7,537,8,14,0,0,1,1,0,6,11,2023,45
2023-11-13,Hospital_A,O_negative,22,26,541,22,0,0,0,0,0,0,0,11,2023,46
2023-11-14,Hospital_A,O_negative,21,24,544,21,0,0,0,0,0,0,1,11,2023,46
2023-11-15,Hospital_A,O_negative,19,22,547,19,0,0,0,0,0,0,2,11,2023,46
2023-11-16,Hospital_A,O_negative,15,23,555,15,0,0,0,0,0,0,3,11,2023,46
2023-11-17,Hospital_A,O_negative,14,16,557,14,0,0,0,0,0,0,4,11,2023,46
2023-11-18,Hospital_A,O_negative,16,13,554,16,0,0,0,1,0,0,5,11,2023,46
2023-11-19,Hospital_A,O_negative,12,16,558,12,0,0,0,1,0,0,6,11,2023,46
2023-11-20,Hospital_A,O_negative,19,27,566,19,0,43,0,0,0,0,0,11,2023,47
2023-11-21,Hospital_A,O_negative,16,21,571,16,0,48,0,0,0,0,1,11,2023,47
2023-11-22,Hospital_A,O_negative,23,25,573,23,0,39,0,0,0,0,2,11,2023,47
2023-11-23,Hospital_A,O_negative,24,24,573,24,0,15,0,0,0,0,3,11,2023,47
2023-11-24,Hospital_A,O_negative,19,20,574,19,0,0,0,0,0,0,4,11,2023,47
2023-11-25,Hospital_A,O_negative,17,18,575,17,0,0,0,1,0,0,5,11,2023,47
2023-11-26,Hospital_A,O_negative,22,18,571,22,0,0,0,1,0,0,6,11,2023,47
2023-11-27,Hospital_A,O_negative,26,27,572,26,0,0,0,0,0,0,0,11,2023,48
2023-11-28,Hospital_A,O_negative,15,20,577,15,0,0,0,0,0,0,1,11,2023,48
2023-11-29,Hospital_A,O_negative,24,25,578,24,0,0,0,0,0,0,2,11,2023,48
2023-11-30,Hospital_A,O_negative,16,12,574,16,0,0,0,0,0,0,3,11,2023,48
2023-12-01,Hospital_A,O_negative,22,29,581,22,0,0,0,0,0,0,4,12,2023,48
2023-12-02,Hospital_A,O_negative,9,10,582,9,0,0,0,1,0,0,5,12,2023,48
2023-12-03,Hospital_A,O_negative,20,25,587,20,0,0,0,1,0,0,6,12,2023,48
2023-12-04,Hospital_A,O_negative,13,11,585,13,0,0,0,0,0,0,0,12,2023,49
2023-12-05,Hospital_A,O_negative,16,12,581,16,0,0,0,0,0,0,1,12,2023,49
2023-12-06,Hospital_A,O_negative,17,21,585,17,0,0,0,0,0,0,2,12,2023,49
2023-12-07,Hospital_A,O_negative,21,23,587,21,0,0,0,0,0,0,3,12,2023,49
2023-12-08,Hospital_A,O_negative,27,30,590,27,0,0,0,0,0,0,4,12,2023,49
2023-12-09,Hospital_A,O_negative,12,14,592,12,0,0,0,1,0,0,5,12,2023,49
2023-12-10,Hospital_A,O_negative,14,14,592,14,0,0,0,1,0,0,6,12,2023,49
2023-12-11,Hospital_A,O_negative,24,26,594,24,0,0,0,0,0,0,0,12,2023,50
2023-12-12,Hospital_A,O_negative,23,27,598,23,0,0,0,0,0,0,1,12,2023,50
2023-12-13,Hospital_A,O_negative,25,19,592,25,0,0,0,0,0,0,2,12,2023,50
2023-12-14,Hospital_A,O_negative,21,20,591,21,0,0,0,0,0,0,3,12,2023,50
2023-12-15,Hospital_A,O_negative,20,25,596,20,0,0,0,0,0,0,4,12,2023,50
2023-12-16,Hospital_A,O_negative,9,13,600,9,0,15,0,1,0,0,5,12,2023,50
2023-12-17,Hospital_A,O_negative,13,21,608,13,0,26,0,1,0,0,6,12,2023,50
2023-12-18,Hospital_A,O_negative,14,4,598,14,0,12,0,0,0,0,0,12,2023,51
2023-12-19,Hospital_A,O_negative,24,25,599,24,0,46,0,0,0,0,1,12,2023,51
2023-12-20,Hospital_A,O_negative,24,26,601,24,0,40,0,0,0,0,2,12,2023,51
2023-12-21,Hospital_A,O_negative,12,8,597,12,0,28,0,0,0,0,3,12,2023,51
2023-12-22,Hospital_A,O_negative,20,23,600,20,0,46,0,0,0,0,4,12,2023,51
2023-12-23,Hospital_A,O_negative,19,29,610,19,0,74,0,1,0,0,5,12,2023,51
2023-12-24,Hospital_A,O_negative,11,9,608,11,0,97,0,1,0,0,6,12,2023,51
2023-12-25,Hospital_A,O_negative,15,15,608,15,0,82,0,0,1,0,0,12,2023,52
2023-12-26,Hospital_A,O_negative,11,7,603,11,1,90,0,0,0,0,1,12,2023,52
2023-12-27,Hospital_A,O_negative,19,18,566,19,36,45,0,0,0,0,2,12,2023,52
2023-12-28,Hospital_A,O_negative,20,13,544,20,15,22,0,0,0,0,3,12,2023,52
2023-12-29,Hospital_A,O_negative,17,22,549,17,0,5,0,0,0,0,4,12,2023,52
2023-12-30,Hospital_A,O_negative,9,12,552,9,0,25,0,1,0,0,5,12,2023,52
2023-12-31,Hospital_A,O_negative,6,3,549,6,0,42,0,1,0,0,6,12,2023,52
2021-01-01,Hospital_B,O_positive,25,27,477,25,0,0,0,0,0,0,4,1,2021,53
2021-01-02,Hospital_B,O_positive,21,21,477,21,0,0,0,1,0,0,5,1,2021,53
2021-01-03,Hospital_B,O_positive,32,31,476,32,0,0,0,1,0,0,6,1,2021,53
2021-01-04,Hospital_B,O_positive,33,25,468,33,0,0,0,0,0,0,0,1,2021,1
2021-01-05,Hospital_B,O_positive,33,37,472,33,0,0,0,0,0,0,1,1,2021,1
2021-01-06,Hospital_B,O_positive,37,30,465,37,0,0,0,0,0,0,2,1,2021,1
2021-01-07,Hospital_B,O_positive,22,20,463,22,0,0,0,0,0,0,3,1,2021,1
2021-01-08,Hospital_B,O_positive,35,33,461,35,0,0,0,0,0,0,4,1,2021,1
2021-01-09,Hospital_B,O_positive,20,25,466,20,0,0,0,1,0,0,5,1,2021,1
2021-01-10,Hospital_B,O_positive,22,22,466,22,0,0,0,1,0,0,6,1,2021,1
2021-01-11,Hospital_B,O_positive,33,36,469,33,0,0,0,0,0,0,0,1,2021,2
2021-01-12,Hospital_B,O_positive,26,24,467,26,0,0,0,0,0,0,1,1,2021,2
2021-01-13,Hospital_B,O_positive,31,28,464,31,0,0,0,0,0,0,2,1,2021,2
2021-01-14,Hospital_B,O_positive,21,26,469,21,0,0,0,0,0,0,3,1,2021,2
2021-01-15,Hospital_B,O_positive,25,21,465,25,0,0,0,0,0,0,4,1,2021,2
2021-01-16,Hospital_B,O_positive,15,18,468,15,0,0,0,1,0,0,5,1,2021,2
2021-01-17,Hospital_B,O_positive,18,21,471,18,0,0,0,1,0,0,6,1,2021,2
2021-01-18,Hospital_B,O_positive,49,58,480,49,0,0,0,0,0,0,0,1,2021,3
2021-01-19,Hospital_B,O_positive,26,27,481,26,0,0,0,0,0,0,1,1,2021,3
2021-01-20,Hospital_B,O_positive,24,23,480,24,0,0,0,0,0,0,2,1,2021,3
2021-01-21,Hospital_B,O_positive,23,26,483,23,0,0,0,0,0,0,3,1,2021,3
2021-01-22,Hospital_B,O_positive,23,22,482,23,0,0,0,0,0,0,4,1,2021,3
2021-01-23,Hospital_B,O_positive,23,30,489,23,0,0,0,1,0,0,5,1,2021,3
2021-01-24,Hospital_B,O_positive,18,18,489,18,0,0,0,1,0,0,6,1,2021,3
2021-01-25,Hospital_B,O_positive,30,41,500,30,0,0,0,0,0,0,0,1,2021,4
2021-01-26,Hospital_B,O_positive,14,11,497,14,0,0,0,0,1,0,1,1,2021,4
2021-01-27,Hospital_B,O_positive,30,34,501,30,0,0,0,0,0,0,2,1,2021,4
2021-01-28,Hospital_B,O_positive,26,29,504,26,0,0,0,0,0,0,3,1,2021,4
2021-01-29,Hospital_B,O_positive,29,32,507,29,0,0,0,0,0,0,4,1,2021,4
2021-01-30,Hospital_B,O_positive,12,13,508,12,0,0,0,1,0,0,5,1,2021,4
2021-01-31,Hospital_B,O_positive,34,40,514,34,0,0,0,1,0,0,6,1,2021,4
2021-02-01,Hospital_B,O_positive,30,36,520,30,0,0,0,0,0,0,0,2,2021,5
2021-02-02,Hospital_B,O_positive,28,36,528,28,0,0,0,0,0,0,1,2,2021,5
2021-02-03,Hospital_B,O_positive,23,24,529,23,0,0,0,0,0,0,2,2,2021,5
2021-02-04,Hospital_B,O_positive,24,31,536,24,0,0,0,0,0,0,3,2,2021,5
2021-02-05,Hospital_B,O_positive,21,29,544,21,0,0,0,0,0,0,4,2,2021,5
2021-02-06,Hospital_B,O_positive,23,21,542,23,0,0,0,1,0,0,5,2,2021,5
2021-02-07,Hospital_B,O_positive,26,32,548,26,0,0,0,1,0,0,6,2,2021,5
2021-02-08,Hospital_B,O_positive,26,29,551,26,0,0,0,0,0,0,0,2,2021,6
2021-02-09,Hospital_B,O_positive,21,22,552,21,0,0,0,0,0,0,1,2,2021,6
2021-02-10,Hospital_B,O_positive,28,33,557,28,0,0,0,0,0,0,2,2,2021,6
2021-02-11,Hospital_B,O_positive,31,41,567,31,0,0,0,0,0,0,3,2,2021,6
2021-02-12,Hospital_B,O_positive,27,33,573,27,0,0,0,0,0,0,4,2,2021,6
2021-02-13,Hospital_B,O_positive,22,24,575,22,0,0,0,1,0,0,5,2,2021,6
2021-02-14,Hospital_B,O_positive,26,29,578,26,0,0,0,1,0,0,6,2,2021,6
2021-02-15,Hospital_B,O_positive,30,35,583,30,0,0,0,0,0,0,0,2,2021,7
2021-02-16,Hospital_B,O_positive,25,27,585,25,0,0,0,0,0,0,1,2,2021,7
2021-02-17,Hospital_B,O_positive,20,24,589,20,0,0,0,0,0,0,2,2,2021,7
2021-02-18,Hospital_B,O_positive,37,39,591,37,0,0,0,0,0,0,3,2,2021,7
2021-02-19,Hospital_B,O_positive,28,36,599,28,0,0,0,0,0,0,4,2,2021,7
2021-02-20,Hospital_B,O_positive,19,23,603,19,0,0,0,1,0,0,5,2,2021,7
2021-02-21,Hospital_B,O_positive,13,12,602,13,0,0,0,1,0,0,6,2,2021,7
2021-02-22,Hospital_B,O_positive,38,47,611,38,0,0,0,0,0,0,0,2,2021,8
2021-02-23,Hospital_B,O_positive,20,22,613,20,0,0,0,0,0,0,1,2,2021,8
2021-02-24,Hospital_B,O_positive,28,37,622,28,0,0,0,0,0,0,2,2,2021,8
2021-02-25,Hospital_B,O_positive,33,32,621,33,0,0,0,0,0,0,3,2,2021,8
2021-02-26,Hospital_B,O_positive,26,31,626,26,0,0,0,0,0,0,4,2,2021,8
2021-02-27,Hospital_B,O_positive,20,19,625,20,0,0,0,1,0,0,5,2,2021,8
2021-02-28,Hospital_B,O_positive,21,24,628,21,0,0,0,1,0,0,6,2,2021,8
2021-03-01,Hospital_B,O_positive,41,39,626,41,0,0,0,0,0,0,0,3,2021,9
2021-03-02,Hospital_B,O_positive,37,48,637,37,0,0,0,0,0,0,1,3,2021,9
2021-03-03,Hospital_B,O_positive,20,20,637,20,0,0,0,0,0,0,2,3,2021,9
2021-03-04,Hospital_B,O_positive,17,15,635,17,0,0,0,0,0,0,3,3,2021,9
2021-03-05,Hospital_B,O_positive,27,34,642,27,0,0,0,0,0,0,4,3,2021,9
2021-03-06,Hospital_B,O_positive,28,22,636,28,0,0,0,1,0,0,5,3,2021,9
2021-03-07,Hospital_B,O_positive,23,21,634,23,0,0,0,1,0,0,6,3,2021,9
2021-03-08,Hospital_B,O_positive,34,18,618,34,0,0,0,0,0,0,0,3,2021,10
2021-03-09,Hospital_B,O_positive,25,24,617,25,0,0,0,0,0,0,1,3,2021,10
2021-03-10,Hospital_B,O_positive,28,23,612,28,0,0,0,0,0,0,2,3,2021,10
2021-03-11,Hospital_B,O_positive,34,42,620,34,0,0,0,0,0,0,3,3,2021,10
2021-03-12,Hospital_B,O_positive,32,32,620,32,0,0,0,0,0,0,4,3,2021,10
2021-03-13,Hospital_B,O_positive,21,20,619,21,0,0,0,1,0,0,5,3,2021,10
2021-03-14,Hospital_B,O_positive,20,24,623,20,0,0,0,1,0,0,6,3,2021,10
2021-03-15,Hospital_B,O_positive,36,28,615,36,0,0,0,0,0,0,0,3,2021,11
2021-03-16,Hospital_B,O_positive,31,32,616,31,0,0,0,0,0,0,1,3,2021,11
2021-03-17,Hospital_B,O_positive,35,33,614,35,0,0,0,0,0,0,2,3,2021,11
2021-03-18,Hospital_B,O_positive,22,32,624,22,0,0,0,0,0,0,3,3,2021,11
2021-03-19,Hospital_B,O_positive,25,27,626,25,0,0,0,0,0,0,4,3,2021,11
2021-03-20,Hospital_B,O_positive,21,16,621,21,0,0,0,1,0,0,5,3,2021,11
2021-03-21,Hospital_B,O_positive,18,14,617,18,0,0,0,1,0,0,6,3,2021,11
2021-03-22,Hospital_B,O_positive,25,37,629,25,0,0,0,0,0,0,0,3,2021,12
2021-03-23,Hospital_B,O_positive,32,35,632,32,0,0,0,0,0,0,1,3,2021,12
2021-03-24,Hospital_B,O_positive,41,47,638,41,0,0,0,0,0,0,2,3,2021,12
2021-03-25,Hospital_B,O_positive,26,31,643,26,0,0,0,0,0,0,3,3,2021,12
2021-03-26,Hospital_B,O_positive,25,23,641,25,0,0,0,0,0,0,4,3,2021,12
2021-03-27,Hospital_B,O_positive,27,25,639,27,0,0,0,1,0,0,5,3,2021,12
2021-03-28,Hospital_B,O_positive,18,22,643,18,0,0,0,1,0,0,6,3,2021,12
2021-03-29,Hospital_B,O_positive,20,18,641,20,0,0,0,0,1,0,0,3,2021,13
2021-03-30,Hospital_B,O_positive,36,43,648,36,0,0,0,0,0,0,1,3,2021,13
2021-03-31,Hospital_B,O_positive,25,24,647,25,0,0,0,0,0,0,2,3,2021,13
2021-04-01,Hospital_B,O_positive,33,42,656,33,0,0,0,0,0,0,3,4,2021,13
2021-04-02,Hospital_B,O_positive,32,39,663,32,0,0,0,0,0,0,4,4,2021,13
2021-04-03,Hospital_B,O_positive,20,24,667,20,0,0,0,1,0,0,5,4,2021,13
2021-04-04,Hospital_B,O_positive,14,19,672,14,0,0,0,1,0,0,6,4,2021,13
2021-04-05,Hospital_B,O_positive,37,51,686,37,0,0,0,0,0,0,0,4,2021,14
2021-04-06,Hospital_B,O_positive,22,21,685,22,0,0,0,0,0,0,1,4,2021,14
2021-04-07,Hospital_B,O_positive,34,40,691,34,0,0,0,0,0,0,2,4,2021,14
2021-04-08,Hospital_B,O_positive,25,35,701,25,0,0,0,0,0,0,3,4,2021,14
2021-04-09,Hospital_B,O_positive,45,58,714,45,0,0,0,0,0,0,4,4,2021,14
2021-04-10,Hospital_B,O_positive,21,24,717,21,0,0,0,1,0,0,5,4,2021,14
2021-04-11,Hospital_B,O_positive,19,25,723,19,0,0,0,1,0,0,6,4,2021,14
2021-04-12,Hospital_B,O_positive,32,29,720,32,0,0,0,0,0,0,0,4,2021,15
2021-04-13,Hospital_B,O_positive,28,23,715,28,0,0,0,0,0,0,1,4,2021,15
2021-04-14,Hospital_B,O_positive,37,45,723,37,0,0,0,0,0,0,2,4,2021,15
2021-04-15,Hospital_B,O_positive,33,45,735,33,0,0,0,0,0,0,3,4,2021,15
2021-04-16,Hospital_B,O_positive,27,23,731,27,0,0,0,0,0,0,4,4,2021,15
2021-04-17,Hospital_B,O_positive,19,28,740,19,0,0,0,1,0,0,5,4,2021,15
2021-04-18,Hospital_B,O_positive,19,18,739,19,0,0,0,1,0,0,6,4,2021,15
2021-04-19,Hospital_B,O_positive,23,28,744,23,0,0,0,0,0,0,0,4,2021,16
2021-04-20,Hospital_B,O_positive,21,23,746,21,0,0,0,0,0,0,1,4,2021,16
2021-04-21,Hospital_B,O_positive,24,28,750,24,0,0,0,0,0,0,2,4,2021,16
2021-04-22,Hospital_B,O_positive,28,36,758,28,0,0,0,0,0,0,3,4,2021,16
2021-04-23,Hospital_B,O_positive,38,38,758,38,0,0,0,0,0,0,4,4,2021,16
2021-04-24,Hospital_B,O_positive,18,28,768,18,0,0,0,1,0,0,5,4,2021,16
2021-04-25,Hospital_B,O_positive,17,22,773,17,0,0,0,1,0,0,6,4,2021,16
2021-04-26,Hospital_B,O_positive,34,37,776,34,0,0,0,0,0,0,0,4,2021,17
2021-04-27,Hospital_B,O_positive,33,39,782,33,0,0,0,0,0,0,1,4,2021,17
2021-04-28,Hospital_B,O_positive,26,32,788,26,0,0,0,0,0,0,2,4,2021,17
2021-04-29,Hospital_B,O_positive,23,23,788,23,0,0,0,0,0,0,3,4,2021,17
2021-04-30,Hospital_B,O_positive,23,26,791,23,0,0,0,0,0,0,4,4,2021,17
2021-05-01,Hospital_B,O_positive,24,19,786,24,0,0,0,1,0,0,5,5,2021,17
2021-05-02,Hospital_B,O_positive,15,23,794,15,0,0,0,1,0,0,6,5,2021,17
2021-05-03,Hospital_B,O_positive,30,35,799,30,0,0,0,0,0,0,0,5,2021,18
2021-05-04,Hospital_B,O_positive,25,32,806,25,0,0,0,0,0,0,1,5,2021,18
2021-05-05,Hospital_B,O_positive,23,21,804,23,0,0,0,0,0,0,2,5,2021,18
2021-05-06,Hospital_B,O_positive,34,38,808,34,0,0,0,0,0,0,3,5,2021,18
2021-05-07,Hospital_B,O_positive,30,43,821,30,0,0,0,0,0,0,4,5,2021,18
2021-05-08,Hospital_B,O_positive,18,13,816,18,0,0,0,1,0,0,5,5,2021,18
2021-05-09,Hospital_B,O_positive,13,9,812,13,0,0,0,1,0,0,6,5,2021,18
2021-05-10,Hospital_B,O_positive,31,34,815,31,0,0,0,0,0,0,0,5,2021,19
2021-05-11,Hospital_B,O_positive,35,30,810,35,0,0,0,0,0,0,1,5,2021,19
2021-05-12,Hospital_B,O_positive,39,49,820,39,0,0,0,0,0,0,2,5,2021,19
2021-05-13,Hospital_B,O_positive,22,26,824,22,0,0,0,0,0,0,3,5,2021,19
2021-05-14,Hospital_B,O_positive,50,43,817,50,0,0,0,0,0,0,4,5,2021,19
2021-05-15,Hospital_B,O_positive,16,23,824,16,0,0,0,1,0,0,5,5,2021,19
2021-05-16,Hospital_B,O_positive,20,23,827,20,0,0,0,1,0,0,6,5,2021,19
2021-05-17,Hospital_B,O_positive,30,46,843,30,0,0,0,0,0,0,0,5,2021,20
2021-05-18,Hospital_B,O_positive,28,23,838,28,0,53,0,0,0,0,1,5,2021,20
2021-05-19,Hospital_B,O_positive,31,25,832,31,0,22,0,0,0,0,2,5,2021,20
2021-05-20,Hospital_B,O_positive,29,31,834,29,0,57,0,0,0,0,3,5,2021,20
2021-05-21,Hospital_B,O_positive,24,23,833,24,0,61,0,0,0,0,4,5,2021,20
2021-05-22,Hospital_B,O_positive,20,25,838,20,0,41,0,1,0,0,5,5,2021,20
2021-05-23,Hospital_B,O_positive,24,28,842,24,0,38,0,1,0,0,6,5,2021,20
2021-05-24,Hospital_B,O_positive,35,35,842,35,0,3,0,0,0,0,0,5,2021,21
2021-05-25,Hospital_B,O_positive,22,21,841,22,0,75,0,0,0,0,1,5,2021,21
2021-05-26,Hospital_B,O_positive,38,43,846,38,0,110,0,0,0,0,2,5,2021,21
2021-05-27,Hospital_B,O_positive,34,36,848,34,0,118,0,0,0,0,3,5,2021,21
2021-05-28,Hospital_B,O_positive,31,39,856,31,0,87,0,0,0,0,4,5,2021,21
2021-05-29,Hospital_B,O_positive,22,27,861,22,0,103,0,1,0,0,5,5,2021,21
2021-05-30,Hospital_B,O_positive,23,18,833,23,23,57,0,1,0,0,6,5,2021,21
2021-05-31,Hospital_B,O_positive,46,62,830,46,19,0,0,0,0,0,0,5,2021,22
2021-06-01,Hospital_B,O_positive,26,36,840,26,0,9,0,0,0,0,1,6,2021,22
2021-06-02,Hospital_B,O_positive,26,41,855,26,0,0,0,0,0,0,2,6,2021,22
2021-06-03,Hospital_B,O_positive,37,36,854,37,0,0,0,0,0,0,3,6,2021,22
2021-06-04,Hospital_B,O_positive,30,24,848,30,0,0,0,0,0,0,4,6,2021,22
2021-06-05,Hospital_B,O_positive,16,26,858,16,0,0,0,1,0,0,5,6,2021,22
2021-06-06,Hospital_B,O_positive,17,25,866,17,0,0,0,1,0,0,6,6,2021,22
2021-06-07,Hospital_B,O_positive,33,38,871,33,0,28,0,0,0,0,0,6,2021,23
2021-06-08,Hospital_B,O_positive,29,32,874,29,0,0,0,0,0,0,1,6,2021,23
2021-06-09,Hospital_B,O_positive,31,32,875,31,0,0,0,0,0,0,2,6,2021,23
2021-06-10,Hospital_B,O_positive,41,48,882,41,0,0,0,0,0,0,3,6,2021,23
2021-06-11,Hospital_B,O_positive,25,35,892,25,0,0,0,0,0,0,4,6,2021,23
2021-06-12,Hospital_B,O_positive,25,31,898,25,0,0,0,1,0,0,5,6,2021,23
2021-06-13,Hospital_B,O_positive,15,16,899,15,0,0,0,1,0,0,6,6,2021,23
2021-06-14,Hospital_B,O_positive,31,39,907,31,0,11,0,0,0,0,0,6,2021,24
2021-06-15,Hospital_B,O_positive,22,19,904,22,0,0,0,0,0,0,1,6,2021,24
2021-06-16,Hospital_B,O_positive,45,55,914,45,0,0,0,0,0,0,2,6,2021,24
2021-06-17,Hospital_B,O_positive,32,35,917,32,0,0,0,0,0,0,3,6,2021,24
2021-06-18,Hospital_B,O_positive,20,20,917,20,0,27,0,0,0,0,4,6,2021,24
2021-06-19,Hospital_B,O_positive,23,20,914,23,0,4,0,1,0,0,5,6,2021,24
2021-06-20,Hospital_B,O_positive,24,17,907,24,0,51,0,1,0,0,6,6,2021,24
2021-06-21,Hospital_B,O_positive,40,44,911,40,0,38,0,0,0,0,0,6,2021,25
2021-06-22,Hospital_B,O_positive,29,28,910,29,0,32,0,0,0,0,1,6,2021,25
2021-06-23,Hospital_B,O_positive,31,36,915,31,0,19,0,0,0,0,2,6,2021,25
2021-06-24,Hospital_B,O_positive,28,28,915,28,0,58,0,0,0,0,3,6,2021,25
2021-06-25,Hospital_B,O_positive,18,15,912,18,0,63,0,0,0,0,4,6,2021,25
2021-06-26,Hospital_B,O_positive,20,30,922,20,0,131,0,1,0,0,5,6,2021,25
2021-06-27,Hospital_B,O_positive,18,20,924,18,0,113,0,1,0,0,6,6,2021,25
2021-06-28,Hospital_B,O_positive,33,38,927,33,2,175,0,0,0,0,0,6,2021,26
2021-06-29,Hospital_B,O_positive,40,40,927,40,0,204,0,0,0,0,1,6,2021,26
2021-06-30,Hospital_B,O_positive,27,20,882,27,38,139,0,0,0,0,2,6,2021,26
2021-07-01,Hospital_B,O_positive,43,41,880,43,0,96,0,0,0,1,3,7,2021,26
2021-07-02,Hospital_B,O_positive,24,26,855,24,27,45,0,0,0,1,4,7,2021,26
2021-07-03,Hospital_B,O_positive,19,21,812,19,45,5,0,1,0,1,5,7,2021,26
2021-07-04,Hospital_B,O_positive,37,34,809,37,0,0,0,1,0,1,6,7,2021,26
2021-07-05,Hospital_B,O_positive,28,36,817,28,0,0,0,0,0,1,0,7,2021,27
2021-07-06,Hospital_B,O_positive,37,49,829,37,0,20,0,0,0,1,1,7,2021,27
2021-07-07,Hospital_B,O_positive,42,54,841,42,0,10,0,0,0,1,2,7,2021,27
2021-07-08,Hospital_B,O_positive,39,39,841,39,0,0,0,0,0,1,3,7,2021,27
2021-07-09,Hospital_B,O_positive,34,26,833,34,0,0,0,0,0,1,4,7,2021,27
2021-07-10,Hospital_B,O_positive,31,34,836,31,0,0,0,1,0,1,5,7,2021,27
2021-07-11,Hospital_B,O_positive,28,41,849,28,0,0,0,1,0,1,6,7,2021,27
2021-07-12,Hospital_B,O_positive,52,50,847,52,0,0,0,0,0,1,0,7,2021,28
2021-07-13,Hospital_B,O_positive,36,40,851,36,0,0,0,0,0,1,1,7,2021,28
2021-07-14,Hospital_B,O_positive,31,42,862,31,0,0,0,0,0,1,2,7,2021,28
2021-07-15,Hospital_B,O_positive,42,52,872,42,0,0,0,0,0,1,3,7,2021,28
2021-07-16,Hospital_B,O_positive,41,40,871,41,0,0,0,0,0,1,4,7,2021,28
2021-07-17,Hospital_B,O_positive,48,40,863,48,0,0,0,1,0,1,5,7,2021,28
2021-07-18,Hospital_B,O_positive,21,20,862,21,0,0,0,1,0,1,6,7,2021,28
2021-07-19,Hospital_B,O_positive,40,42,864,40,0,0,0,0,0,1,0,7,2021,29
2021-07-20,Hospital_B,O_positive,33,30,861,33,0,0,0,0,0,1,1,7,2021,29
2021-07-21,Hospital_B,O_positive,32,40,869,32,0,0,0,0,0,1,2,7,2021,29
2021-07-22,Hospital_B,O_positive,45,56,880,45,0,0,0,0,0,1,3,7,2021,29
2021-07-23,Hospital_B,O_positive,36,44,888,36,0,0,0,0,0,1,4,7,2021,29
2021-07-24,Hospital_B,O_positive,25,25,888,25,0,0,0,1,0,1,5,7,2021,29
2021-07-25,Hospital_B,O_positive,37,39,890,37,0,0,0,1,0,1,6,7,2021,29
2021-07-26,Hospital_B,O_positive,45,50,895,45,0,0,0,0,0,1,0,7,2021,30
2021-07-27,Hospital_B,O_positive,41,52,906,41,0,0,0,0,0,1,1,7,2021,30
2021-07-28,Hospital_B,O_positive,37,36,905,37,0,0,0,0,0,1,2,7,2021,30
2021-07-29,Hospital_B,O_positive,50,48,903,50,0,0,0,0,0,1,3,7,2021,30
2021-07-30,Hospital_B,O_positive,36,33,900,36,0,0,0,0,0,1,4,7,2021,30
2021-07-31,Hospital_B,O_positive,33,28,895,33,0,0,0,1,0,1,5,7,2021,30
2021-08-01,Hospital_B,O_positive,25,26,896,25,0,0,0,1,0,1,6,8,2021,30
2021-08-02,Hospital_B,O_positive,59,53,890,59,0,0,0,0,0,1,0,8,2021,31
2021-08-03,Hospital_B,O_positive,28,25,887,28,0,0,0,0,0,1,1,8,2021,31
2021-08-04,Hospital_B,O_positive,40,40,887,40,0,0,0,0,0,1,2,8,2021,31
2021-08-05,Hospital_B,O_positive,32,36,891,32,0,0,0,0,0,1,3,8,2021,31
2021-08-06,Hospital_B,O_positive,44,62,909,44,0,0,0,0,0,1,4,8,2021,31
2021-08-07,Hospital_B,O_positive,28,29,910,28,0,0,0,1,0,1,5,8,2021,31
2021-08-08,Hospital_B,O_positive,34,29,905,34,0,0,0,1,0,1,6,8,2021,31
2021-08-09,Hospital_B,O_positive,38,42,909,38,0,0,0,0,0,1,0,8,2021,32
2021-08-10,Hospital_B,O_positive,36,44,917,36,0,0,0,0,0,1,1,8,2021,32
2021-08-11,Hospital_B,O_positive,41,49,925,41,0,0,0,0,0,1,2,8,2021,32
2021-08-12,Hospital_B,O_positive,36,47,936,36,0,0,0,0,0,1,3,8,2021,32
2021-08-13,Hospital_B,O_positive,40,47,943,40,0,0,0,0,0,1,4,8,2021,32
2021-08-14,Hospital_B,O_positive,28,24,939,28,0,0,0,1,0,1,5,8,2021,32
2021-08-15,Hospital_B,O_positive,23,22,938,23,0,0,0,1,1,1,6,8,2021,32
2021-08-16,Hospital_B,O_positive,45,52,945,45,0,0,0,0,0,1,0,8,2021,33
2021-08-17,Hospital_B,O_positive,46,61,960,46,0,0,0,0,0,1,1,8,2021,33
2021-08-18,Hospital_B,O_positive,45,60,975,45,0,0,0,0,0,1,2,8,2021,33
2021-08-19,Hospital_B,O_positive,30,38,983,30,0,0,0,0,0,1,3,8,2021,33
2021-08-20,Hospital_B,O_positive,36,57,1004,36,0,0,0,0,0,1,4,8,2021,33
2021-08-21,Hospital_B,O_positive,26,28,1006,26,0,0,0,1,0,1,5,8,2021,33
2021-08-22,Hospital_B,O_positive,30,27,1003,30,0,0,0,1,0,1,6,8,2021,33
2021-08-23,Hospital_B,O_positive,31,40,1012,31,0,0,0,0,0,1,0,8,2021,34
2021-08-24,Hospital_B,O_positive,45,48,1015,45,0,0,0,0,0,1,1,8,2021,34
2021-08-25,Hospital_B,O_positive,36,45,1024,36,0,0,0,0,0,1,2,8,2021,34
2021-08-26,Hospital_B,O_positive,31,26,1019,31,0,0,0,0,0,1,3,8,2021,34
2021-08-27,Hospital_B,O_positive,38,44,1025,38,0,0,0,0,0,1,4,8,2021,34
2021-08-28,Hospital_B,O_positive,53,57,1029,53,0,0,0,1,0,1,5,8,2021,34
2021-08-29,Hospital_B,O_positive,24,37,1042,24,0,0,0,1,0,1,6,8,2021,34
2021-08-30,Hospital_B,O_positive,44,36,1034,44,0,0,0,0,0,1,0,8,2021,35
2021-08-31,Hospital_B,O_positive,44,53,1043,44,0,0,0,0,0,1,1,8,2021,35
2021-09-01,Hospital_B,O_positive,31,28,1040,31,0,0,0,0,0,1,2,9,2021,35
2021-09-02,Hospital_B,O_positive,30,50,1060,30,0,0,0,0,0,1,3,9,2021,35
2021-09-03,Hospital_B,O_positive,35,37,1062,35,0,0,0,0,0,1,4,9,2021,35
2021-09-04,Hospital_B,O_positive,31,31,1062,31,0,0,0,1,0,1,5,9,2021,35
2021-09-05,Hospital_B,O_positive,27,29,1064,27,0,0,0,1,0,1,6,9,2021,35
2021-09-06,Hospital_B,O_positive,46,54,1072,46,0,0,0,0,0,1,0,9,2021,36
2021-09-07,Hospital_B,O_positive,29,28,1071,29,0,0,0,0,0,1,1,9,2021,36
2021-09-08,Hospital_B,O_positive,38,35,1068,38,0,0,0,0,0,1,2,9,2021,36
2021-09-09,Hospital_B,O_positive,21,21,1068,21,0,0,0,0,0,1,3,9,2021,36
2021-09-10,Hospital_B,O_positive,29,32,1071,29,0,0,0,0,0,1,4,9,2021,36
2021-09-11,Hospital_B,O_positive,21,19,1069,21,0,0,0,1,0,1,5,9,2021,36
2021-09-12,Hospital_B,O_positive,21,23,1071,21,0,0,0,1,0,1,6,9,2021,36
2021-09-13,Hospital_B,O_positive,39,42,1074,39,0,49,0,0,0,1,0,9,2021,37
2021-09-14,Hospital_B,O_positive,50,55,1079,50,0,113,0,0,0,1,1,9,2021,37
2021-09-15,Hospital_B,O_positive,41,37,1075,41,0,72,0,0,0,1,2,9,2021,37
2021-09-16,Hospital_B,O_positive,44,45,1076,44,0,28,0,0,0,1,3,9,2021,37
2021-09-17,Hospital_B,O_positive,35,41,1082,35,0,50,0,0,0,1,4,9,2021,37
2021-09-18,Hospital_B,O_positive,27,22,1077,27,0,23,0,1,0,1,5,9,2021,37
2021-09-19,Hospital_B,O_positive,25,31,1083,25,0,0,0,1,0,1,6,9,2021,37
2021-09-20,Hospital_B,O_positive,33,35,1085,33,0,0,0,0,0,1,0,9,2021,38
2021-09-21,Hospital_B,O_positive,42,55,1098,42,0,45,0,0,0,1,1,9,2021,38
2021-09-22,Hospital_B,O_positive,33,32,1097,33,0,56,0,0,0,1,2,9,2021,38
2021-09-23,Hospital_B,O_positive,41,40,1096,41,0,51,0,0,0,1,3,9,2021,38
2021-09-24,Hospital_B,O_positive,37,51,1110,37,0,14,0,0,0,1,4,9,2021,38
2021-09-25,Hospital_B,O_positive,35,33,1108,35,0,64,0,1,0,1,5,9,2021,38
2021-09-26,Hospital_B,O_positive,28,17,1097,28,0,36,0,1,0,1,6,9,2021,38
2021-09-27,Hospital_B,O_positive,47,54,1104,47,0,37,0,0,0,1,0,9,2021,39
2021-09-28,Hospital_B,O_positive,34,39,1109,34,0,3,0,0,0,1,1,9,2021,39
2021-09-29,Hospital_B,O_positive,35,36,1110,35,0,18,0,0,0,1,2,9,2021,39
2021-09-30,Hospital_B,O_positive,39,33,1104,39,0,0,0,0,0,1,3,9,2021,39
2021-10-01,Hospital_B,O_positive,42,51,1113,42,0,34,0,0,0,1,4,10,2021,39
2021-10-02,Hospital_B,O_positive,33,27,1107,33,0,75,0,1,1,1,5,10,2021,39
2021-10-03,Hospital_B,O_positive,27,28,1108,27,0,79,0,1,0,1,6,10,2021,39
2021-10-04,Hospital_B,O_positive,34,36,1110,34,0,45,0,0,0,1,0,10,2021,40
2021-10-05,Hospital_B,O_positive,27,29,1112,27,0,55,0,0,0,1,1,10,2021,40
2021-10-06,Hospital_B,O_positive,42,46,1116,42,0,113,0,0,0,1,2,10,2021,40
2021-10-07,Hospital_B,O_positive,38,48,1126,38,0,75,0,0,0,1,3,10,2021,40
2021-10-08,Hospital_B,O_positive,30,33,1129,30,0,99,0,0,0,1,4,10,2021,40
2021-10-09,Hospital_B,O_positive,25,28,1132,25,0,158,0,1,0,1,5,10,2021,40
2021-10-10,Hospital_B,O_positive,25,25,1112,25,20,176,0,1,0,1,6,10,2021,40
2021-10-11,Hospital_B,O_positive,46,53,1119,46,0,130,0,0,0,1,0,10,2021,41
2021-10-12,Hospital_B,O_positive,33,30,1116,33,0,97,0,0,0,1,1,10,2021,41
2021-10-13,Hospital_B,O_positive,38,27,1071,38,34,70,0,0,0,1,2,10,2021,41
2021-10-14,Hospital_B,O_positive,41,35,1040,41,25,4,0,0,0,1,3,10,2021,41
2021-10-15,Hospital_B,O_positive,41,42,1041,41,0,0,0,0,0,1,4,10,2021,41
2021-10-16,Hospital_B,O_positive,42,42,1041,42,0,0,0,1,0,1,5,10,2021,41
2021-10-17,Hospital_B,O_positive,30,39,1050,30,0,0,0,1,0,1,6,10,2021,41
2021-10-18,Hospital_B,O_positive,39,39,1050,39,0,0,0,0,0,1,0,10,2021,42
2021-10-19,Hospital_B,O_positive,40,46,1056,40,0,0,0,0,0,1,1,10,2021,42
2021-10-20,Hospital_B,O_positive,22,24,1058,22,0,0,0,0,0,1,2,10,2021,42
2021-10-21,Hospital_B,O_positive,27,23,1054,27,0,0,0,0,0,1,3,10,2021,42
2021-10-22,Hospital_B,O_positive,32,40,1062,32,0,0,0,0,0,1,4,10,2021,42
2021-10-23,Hospital_B,O_positive,37,40,1065,37,0,0,0,1,0,1,5,10,2021,42
2021-10-24,Hospital_B,O_positive,29,27,1063,29,0,58,0,1,0,1,6,10,2021,42
2021-10-25,Hospital_B,O_positive,43,59,1079,43,0,48,0,0,0,1,0,10,2021,43
2021-10-26,Hospital_B,O_positive,38,42,1083,38,0,64,0,0,0,1,1,10,2021,43
2021-10-27,Hospital_B,O_positive,37,53,1099,37,0,117,0,0,0,1,2,10,2021,43
2021-10-28,Hospital_B,O_positive,49,55,1105,49,0,108,0,0,0,1,3,10,2021,43
2021-10-29,Hospital_B,O_positive,31,39,1113,31,0,77,0,0,0,1,4,10,2021,43
2021-10-30,Hospital_B,O_positive,28,33,1118,28,0,49,0,1,0,1,5,10,2021,43
2021-10-31,Hospital_B,O_positive,31,41,1119,31,9,36,0,1,0,1,6,10,2021,43
2021-11-01,Hospital_B,O_positive,18,21,1113,18,9,9,0,0,0,0,0,11,2021,44
2021-11-02,Hospital_B,O_positive,37,44,1120,37,0,66,0,0,0,0,1,11,2021,44
2021-11-03,Hospital_B,O_positive,38,40,1122,38,0,28,0,0,0,0,2,11,2021,44
2021-11-04,Hospital_B,O_positive,23,25,1124,23,0,5,0,0,1,0,3,11,2021,44
2021-11-05,Hospital_B,O_positive,25,15,1114,25,0,0,0,0,0,0,4,11,2021,44
2021-11-06,Hospital_B,O_positive,20,31,1125,20,0,31,0,1,0,0,5,11,2021,44
2021-11-07,Hospital_B,O_positive,24,26,1127,24,0,7,0,1,0,0,6,11,2021,44
2021-11-08,Hospital_B,O_positive,51,59,1135,51,0,91,0,0,0,0,0,11,2021,45
2021-11-09,Hospital_B,O_positive,30,34,1139,30,0,114,0,0,0,0,1,11,2021,45
2021-11-10,Hospital_B,O_positive,28,40,1151,28,0,86,0,0,0,0,2,11,2021,45
2021-11-11,Hospital_B,O_positive,26,37,1162,26,0,93,0,0,0,0,3,11,2021,45
2021-11-12,Hospital_B,O_positive,33,30,1152,33,7,53,0,0,0,0,4,11,2021,45
2021-11-13,Hospital_B,O_positive,15,10,1127,15,20,69,0,1,0,0,5,11,2021,45
2021-11-14,Hospital_B,O_positive,18,22,1131,18,0,132,0,1,0,0,6,11,2021,45
2021-11-15,Hospital_B,O_positive,23,26,1134,23,0,148,0,0,0,0,0,11,2021,46
2021-11-16,Hospital_B,O_positive,32,30,1132,32,0,140,0,0,0,0,1,11,2021,46
2021-11-17,Hospital_B,O_positive,33,37,1136,33,0,132,0,0,0,0,2,11,2021,46
2021-11-18,Hospital_B,O_positive,27,34,1099,27,44,101,0,0,0,0,3,11,2021,46
2021-11-19,Hospital_B,O_positive,32,38,1093,32,12,99,0,0,0,0,4,11,2021,46
2021-11-20,Hospital_B,O_positive,32,40,1101,32,0,67,0,1,0,0,5,11,2021,46
2021-11-21,Hospital_B,O_positive,24,29,1106,24,0,43,0,1,0,0,6,11,2021,46
2021-11-22,Hospital_B,O_positive,36,56,1125,36,1,6,0,0,0,0,0,11,2021,47
2021-11-23,Hospital_B,O_positive,27,30,1122,27,6,0,0,0,0,0,1,11,2021,47
2021-11-24,Hospital_B,O_positive,26,31,1127,26,0,0,0,0,0,0,2,11,2021,47
2021-11-25,Hospital_B,O_positive,29,41,1139,29,0,24,0,0,0,0,3,11,2021,47
2021-11-26,Hospital_B,O_positive,29,32,1142,29,0,79,0,0,0,0,4,11,2021,47
2021-11-27,Hospital_B,O_positive,16,14,1140,16,0,122,0,1,0,0,5,11,2021,47
2021-11-28,Hospital_B,O_positive,23,29,1146,23,0,120,0,1,0,0,6,11,2021,47
2021-11-29,Hospital_B,O_positive,52,47,1141,52,0,121,0,0,0,0,0,11,2021,48
2021-11-30,Hospital_B,O_positive,32,35,1144,32,0,115,0,0,0,0,1,11,2021,48
2021-12-01,Hospital_B,O_positive,34,51,1146,34,15,163,0,0,0,0,2,12,2021,48
2021-12-02,Hospital_B,O_positive,25,31,1152,25,0,138,0,0,0,0,3,12,2021,48
2021-12-03,Hospital_B,O_positive,38,43,1142,38,15,85,0,0,0,0,4,12,2021,48
2021-12-04,Hospital_B,O_positive,15,15,1142,15,0,104,0,1,0,0,5,12,2021,48
2021-12-05,Hospital_B,O_positive,25,32,1079,25,70,48,0,1,0,0,6,12,2021,48
2021-12-06,Hospital_B,O_positive,30,31,1080,30,0,59,0,0,0,0,0,12,2021,49
2021-12-07,Hospital_B,O_positive,27,24,1077,27,0,32,0,0,0,0,1,12,2021,49
2021-12-08,Hospital_B,O_positive,32,34,1079,32,0,44,0,0,0,0,2,12,2021,49
2021-12-09,Hospital_B,O_positive,35,44,1088,35,0,9,0,0,0,0,3,12,2021,49
2021-12-10,Hospital_B,O_positive,28,26,1086,28,0,6,0,0,0,0,4,12,2021,49
2021-12-11,Hospital_B,O_positive,13,12,1085,13,0,27,0,1,0,0,5,12,2021,49
2021-12-12,Hospital_B,O_positive,20,19,1084,20,0,38,0,1,0,0,6,12,2021,49
2021-12-13,Hospital_B,O_positive,36,44,1092,36,0,135,0,0,0,0,0,12,2021,50
2021-12-14,Hospital_B,O_positive,34,47,1105,34,0,101,0,0,0,0,1,12,2021,50
2021-12-15,Hospital_B,O_positive,34,32,1103,34,0,126,0,0,0,0,2,12,2021,50
2021-12-16,Hospital_B,O_positive,29,39,1113,29,0,119,0,0,0,0,3,12,2021,50
2021-12-17,Hospital_B,O_positive,28,29,1076,28,38,161,0,0,0,0,4,12,2021,50
2021-12-18,Hospital_B,O_positive,34,34,1076,34,0,263,0,1,0,0,5,12,2021,50
2021-12-19,Hospital_B,O_positive,12,17,1081,12,0,282,0,1,0,0,6,12,2021,50
2021-12-20,Hospital_B,O_positive,33,35,1076,33,7,256,0,0,0,0,0,12,2021,51
2021-12-21,Hospital_B,O_positive,31,34,1004,31,75,176,0,0,0,0,1,12,2021,51
2021-12-22,Hospital_B,O_positive,40,52,911,40,105,78,0,0,0,0,2,12,2021,51
2021-12-23,Hospital_B,O_positive,27,26,910,27,0,51,0,0,0,0,3,12,2021,51
2021-12-24,Hospital_B,O_positive,28,27,909,28,0,23,0,0,0,0,4,12,2021,51
2021-12-25,Hospital_B,O_positive,11,10,908,11,0,12,0,1,1,0,5,12,2021,51
2021-12-26,Hospital_B,O_positive,16,16,896,16,12,16,0,1,0,0,6,12,2021,51
2021-12-27,Hospital_B,O_positive,36,36,896,36,0,15,0,0,0,0,0,12,2021,52
2021-12-28,Hospital_B,O_positive,24,32,904,24,0,0,0,0,0,0,1,12,2021,52
2021-12-29,Hospital_B,O_positive,28,35,911,28,0,30,0,0,0,0,2,12,2021,52
2021-12-30,Hospital_B,O_positive,28,40,923,28,0,2,0,0,0,0,3,12,2021,52
2021-12-31,Hospital_B,O_positive,30,18,911,30,0,0,0,0,0,0,4,12,2021,52
2022-01-01,Hospital_B,O_positive,29,38,920,29,0,0,0,1,0,0,5,1,2022,52
2022-01-02,Hospital_B,O_positive,17,19,922,17,0,7,0,1,0,0,6,1,2022,52
2022-01-03,Hospital_B,O_positive,37,50,935,37,0,0,0,0,0,0,0,1,2022,1
2022-01-04,Hospital_B,O_positive,22,24,937,22,0,0,0,0,0,0,1,1,2022,1
2022-01-05,Hospital_B,O_positive,28,36,945,28,0,36,0,0,0,0,2,1,2022,1
2022-01-06,Hospital_B,O_positive,33,31,943,33,0,3,0,0,0,0,3,1,2022,1
2022-01-07,Hospital_B,O_positive,26,29,946,26,0,20,0,0,0,0,4,1,2022,1
2022-01-08,Hospital_B,O_positive,20,26,952,20,0,44,0,1,0,0,5,1,2022,1
2022-01-09,Hospital_B,O_positive,17,14,949,17,0,88,0,1,0,0,6,1,2022,1
2022-01-10,Hospital_B,O_positive,31,39,957,31,0,72,0,0,0,0,0,1,2022,2
2022-01-11,Hospital_B,O_positive,24,33,966,24,0,142,0,0,0,0,1,1,2022,2
2022-01-12,Hospital_B,O_positive,25,20,961,25,0,181,0,0,0,0,2,1,2022,2
2022-01-13,Hospital_B,O_positive,30,29,952,30,8,203,0,0,0,0,3,1,2022,2
2022-01-14,Hospital_B,O_positive,29,26,949,29,0,245,0,0,0,0,4,1,2022,2
2022-01-15,Hospital_B,O_positive,24,22,897,24,50,171,0,1,0,0,5,1,2022,2
2022-01-16,Hospital_B,O_positive,31,33,859,31,40,162,0,1,0,0,6,1,2022,2
2022-01-17,Hospital_B,O_positive,34,43,839,34,29,99,0,0,0,0,0,1,2022,3
2022-01-18,Hospital_B,O_positive,25,34,811,25,37,37,0,0,0,0,1,1,2022,3
2022-01-19,Hospital_B,O_positive,29,25,807,29,0,60,0,0,0,0,2,1,2022,3
2022-01-20,Hospital_B,O_positive,38,37,798,38,8,14,0,0,0,0,3,1,2022,3
2022-01-21,Hospital_B,O_positive,30,27,795,30,0,0,0,0,0,0,4,1,2022,3
2022-01-22,Hospital_B,O_positive,22,23,796,22,0,0,0,1,0,0,5,1,2022,3
2022-01-23,Hospital_B,O_positive,19,18,795,19,0,0,0,1,0,0,6,1,2022,3
2022-01-24,Hospital_B,O_positive,39,42,798,39,0,0,0,0,0,0,0,1,2022,4
2022-01-25,Hospital_B,O_positive,39,48,807,39,0,0,0,0,0,0,1,1,2022,4
2022-01-26,Hospital_B,O_positive,14,16,809,14,0,0,0,0,1,0,2,1,2022,4
2022-01-27,Hospital_B,O_positive,28,39,820,28,0,0,0,0,0,0,3,1,2022,4
2022-01-28,Hospital_B,O_positive,24,23,819,24,0,0,0,0,0,0,4,1,2022,4
2022-01-29,Hospital_B,O_positive,19,24,824,19,0,0,0,1,0,0,5,1,2022,4
2022-01-30,Hospital_B,O_positive,15,25,834,15,0,0,0,1,0,0,6,1,2022,4
2022-01-31,Hospital_B,O_positive,28,35,841,28,0,14,0,0,0,0,0,1,2022,5
2022-02-01,Hospital_B,O_positive,30,32,843,30,0,20,0,0,0,0,1,2,2022,5
2022-02-02,Hospital_B,O_positive,29,35,849,29,0,13,0,0,0,0,2,2,2022,5
2022-02-03,Hospital_B,O_positive,24,28,853,24,0,49,0,0,0,0,3,2,2022,5
2022-02-04,Hospital_B,O_positive,20,15,848,20,0,29,0,0,0,0,4,2,2022,5
2022-02-05,Hospital_B,O_positive,12,17,853,12,0,17,0,1,0,0,5,2,2022,5
2022-02-06,Hospital_B,O_positive,26,23,850,26,0,0,0,1,0,0,6,2,2022,5
2022-02-07,Hospital_B,O_positive,31,33,852,31,0,54,0,0,0,0,0,2,2022,6
2022-02-08,Hospital_B,O_positive,27,24,849,27,0,27,0,0,0,0,1,2,2022,6
2022-02-09,Hospital_B,O_positive,24,31,856,24,0,53,0,0,0,0,2,2,2022,6
2022-02-10,Hospital_B,O_positive,26,24,854,26,0,27,0,0,0,0,3,2,2022,6
2022-02-11,Hospital_B,O_positive,19,27,862,19,0,8,0,0,0,0,4,2,2022,6
2022-02-12,Hospital_B,O_positive,14,27,875,14,0,0,0,1,0,0,5,2,2022,6
2022-02-13,Hospital_B,O_positive,9,12,878,9,0,0,0,1,0,0,6,2,2022,6
2022-02-14,Hospital_B,O_positive,43,51,886,43,0,58,0,0,0,0,0,2,2022,7
2022-02-15,Hospital_B,O_positive,28,19,877,28,0,78,0,0,0,0,1,2,2022,7
2022-02-16,Hospital_B,O_positive,30,39,886,30,0,48,0,0,0,0,2,2,2022,7
2022-02-17,Hospital_B,O_positive,26,31,891,26,0,93,0,0,0,0,3,2,2022,7
2022-02-18,Hospital_B,O_positive,20,21,892,20,0,73,0,0,0,0,4,2,2022,7
2022-02-19,Hospital_B,O_positive,12,17,895,12,2,75,0,1,0,0,5,2,2022,7
2022-02-20,Hospital_B,O_positive,20,21,896,20,0,164,0,1,0,0,6,2,2022,7
2022-02-21,Hospital_B,O_positive,33,42,866,33,39,129,0,0,0,0,0,2,2022,8
2022-02-22,Hospital_B,O_positive,30,35,871,30,0,99,0,0,0,0,1,2,2022,8
2022-02-23,Hospital_B,O_positive,31,36,876,31,0,68,0,0,0,0,2,2,2022,8
2022-02-24,Hospital_B,O_positive,24,29,850,24,31,112,0,0,0,0,3,2,2022,8
2022-02-25,Hospital_B,O_positive,31,30,836,31,13,96,0,0,0,0,4,2,2022,8
2022-02-26,Hospital_B,O_positive,20,22,838,20,0,76,0,1,0,0,5,2,2022,8
2022-02-27,Hospital_B,O_positive,14,13,837,14,0,85,0,1,0,0,6,2,2022,8
2022-02-28,Hospital_B,O_positive,39,37,801,39,34,56,0,0,0,0,0,2,2022,9
2022-03-01,Hospital_B,O_positive,21,20,800,21,0,112,0,0,0,0,1,3,2022,9
2022-03-02,Hospital_B,O_positive,23,23,800,23,0,89,0,0,0,0,2,3,2022,9
2022-03-03,Hospital_B,O_positive,29,36,807,29,0,60,0,0,0,0,3,3,2022,9
2022-03-04,Hospital_B,O_positive,38,46,815,38,0,78,0,0,0,0,4,3,2022,9
2022-03-05,Hospital_B,O_positive,19,13,787,19,22,37,0,1,0,0,5,3,2022,9
2022-03-06,Hospital_B,O_positive,17,20,790,17,0,20,0,1,0,0,6,3,2022,9
2022-03-07,Hospital_B,O_positive,31,32,791,31,0,14,0,0,0,0,0,3,2022,10
2022-03-08,Hospital_B,O_positive,24,39,806,24,0,35,0,0,0,0,1,3,2022,10
2022-03-09,Hospital_B,O_positive,28,40,818,28,0,70,0,0,0,0,2,3,2022,10
2022-03-10,Hospital_B,O_positive,42,42,818,42,0,28,0,0,0,0,3,3,2022,10
2022-03-11,Hospital_B,O_positive,20,21,819,20,0,35,0,0,0,0,4,3,2022,10
2022-03-12,Hospital_B,O_positive,25,30,824,25,0,57,0,1,0,0,5,3,2022,10
2022-03-13,Hospital_B,O_positive,19,27,832,19,0,38,0,1,0,0,6,3,2022,10
2022-03-14,Hospital_B,O_positive,39,41,834,39,0,0,0,0,0,0,0,3,2022,11
2022-03-15,Hospital_B,O_positive,29,32,837,29,0,9,0,0,0,0,1,3,2022,11
2022-03-16,Hospital_B,O_positive,26,31,842,26,0,34,0,0,0,0,2,3,2022,11
2022-03-17,Hospital_B,O_positive,27,31,846,27,0,7,0,0,0,0,3,3,2022,11
2022-03-18,Hospital_B,O_positive,10,12,848,10,0,28,0,0,1,0,4,3,2022,11
2022-03-19,Hospital_B,O_positive,19,13,842,19,0,9,0,1,0,0,5,3,2022,11
2022-03-20,Hospital_B,O_positive,16,23,849,16,0,0,0,1,0,0,6,3,2022,11
2022-03-21,Hospital_B,O_positive,46,45,848,46,0,0,0,0,0,0,0,3,2022,12
2022-03-22,Hospital_B,O_positive,29,37,856,29,0,0,0,0,0,0,1,3,2022,12
2022-03-23,Hospital_B,O_positive,20,20,856,20,0,0,0,0,0,0,2,3,2022,12
2022-03-24,Hospital_B,O_positive,18,18,856,18,0,0,0,0,0,0,3,3,2022,12
2022-03-25,Hospital_B,O_positive,19,13,850,19,0,0,0,0,0,0,4,3,2022,12
2022-03-26,Hospital_B,O_positive,26,24,848,26,0,0,0,1,0,0,5,3,2022,12
2022-03-27,Hospital_B,O_positive,20,28,856,20,0,76,0,1,0,0,6,3,2022,12
2022-03-28,Hospital_B,O_positive,36,41,861,36,0,124,0,0,0,0,0,3,2022,13
2022-03-29,Hospital_B,O_positive,25,31,867,25,0,155,0,0,0,0,1,3,2022,13
2022-03-30,Hospital_B,O_positive,27,29,869,27,0,157,0,0,0,0,2,3,2022,13
2022-03-31,Hospital_B,O_positive,20,23,872,20,0,167,0,0,0,0,3,3,2022,13
2022-04-01,Hospital_B,O_positive,28,31,823,28,52,136,0,0,0,0,4,4,2022,13
2022-04-02,Hospital_B,O_positive,23,29,801,23,28,107,0,1,0,0,5,4,2022,13
2022-04-03,Hospital_B,O_positive,13,12,794,13,6,88,0,1,0,0,6,4,2022,13
2022-04-04,Hospital_B,O_positive,31,30,776,31,17,40,0,0,0,0,0,4,2022,14
2022-04-05,Hospital_B,O_positive,24,31,765,24,18,74,0,0,0,0,1,4,2022,14
2022-04-06,Hospital_B,O_positive,32,33,766,32,0,97,0,0,0,0,2,4,2022,14
2022-04-07,Hospital_B,O_positive,39,42,769,39,0,79,0,0,0,0,3,4,2022,14
2022-04-08,Hospital_B,O_positive,29,21,761,29,0,50,0,0,0,0,4,4,2022,14
2022-04-09,Hospital_B,O_positive,17,20,764,17,0,33,0,1,0,0,5,4,2022,14
2022-04-10,Hospital_B,O_positive,17,17,752,17,12,4,0,1,0,0,6,4,2022,14
2022-04-11,Hospital_B,O_positive,37,27,738,37,4,0,0,0,0,0,0,4,2022,15
2022-04-12,Hospital_B,O_positive,32,39,745,32,0,0,0,0,0,0,1,4,2022,15
2022-04-13,Hospital_B,O_positive,33,43,755,33,0,0,0,0,0,0,2,4,2022,15
2022-04-14,Hospital_B,O_positive,30,41,766,30,0,0,0,0,0,0,3,4,2022,15
2022-04-15,Hospital_B,O_positive,32,49,783,32,0,0,0,0,0,0,4,4,2022,15
2022-04-16,Hospital_B,O_positive,20,17,780,20,0,0,0,1,0,0,5,4,2022,15
2022-04-17,Hospital_B,O_positive,15,17,782,15,0,0,0,1,0,0,6,4,2022,15
2022-04-18,Hospital_B,O_positive,33,28,777,33,0,19,0,0,0,0,0,4,2022,16
2022-04-19,Hospital_B,O_positive,23,27,781,23,0,37,0,0,0,0,1,4,2022,16
2022-04-20,Hospital_B,O_positive,33,40,788,33,0,27,0,0,0,0,2,4,2022,16
2022-04-21,Hospital_B,O_positive,26,21,783,26,0,32,0,0,0,0,3,4,2022,16
2022-04-22,Hospital_B,O_positive,32,36,787,32,0,24,0,0,0,0,4,4,2022,16
2022-04-23,Hospital_B,O_positive,19,22,790,19,0,47,0,1,0,0,5,4,2022,16
2022-04-24,Hospital_B,O_positive,26,24,788,26,0,50,0,1,0,0,6,4,2022,16
2022-04-25,Hospital_B,O_positive,36,38,790,36,0,14,0,0,0,0,0,4,2022,17
2022-04-26,Hospital_B,O_positive,34,36,792,34,0,17,0,0,0,0,1,4,2022,17
2022-04-27,Hospital_B,O_positive,21,20,791,21,0,13,0,0,0,0,2,4,2022,17
2022-04-28,Hospital_B,O_positive,32,31,790,32,0,0,0,0,0,0,3,4,2022,17
2022-04-29,Hospital_B,O_positive,32,21,779,32,0,9,0,0,0,0,4,4,2022,17
2022-04-30,Hospital_B,O_positive,22,28,785,22,0,84,0,1,0,0,5,4,2022,17
2022-05-01,Hospital_B,O_positive,19,22,788,19,0,65,0,1,0,0,6,5,2022,17
2022-05-02,Hospital_B,O_positive,34,39,793,34,0,80,0,0,0,0,0,5,2022,18
2022-05-03,Hospital_B,O_positive,27,28,794,27,0,74,0,0,0,0,1,5,2022,18
2022-05-04,Hospital_B,O_positive,20,27,797,20,4,98,0,0,0,0,2,5,2022,18
2022-05-05,Hospital_B,O_positive,43,41,795,43,0,55,0,0,0,0,3,5,2022,18
2022-05-06,Hospital_B,O_positive,28,33,800,28,0,104,0,0,0,0,4,5,2022,18
2022-05-07,Hospital_B,O_positive,21,25,804,21,0,83,0,1,0,0,5,5,2022,18
2022-05-08,Hospital_B,O_positive,20,16,794,20,6,57,0,1,0,0,6,5,2022,18
2022-05-09,Hospital_B,O_positive,30,41,805,30,0,27,0,0,0,0,0,5,2022,19
2022-05-10,Hospital_B,O_positive,28,31,781,28,27,15,0,0,0,0,1,5,2022,19
2022-05-11,Hospital_B,O_positive,34,36,783,34,0,0,0,0,0,0,2,5,2022,19
2022-05-12,Hospital_B,O_positive,27,32,788,27,0,0,0,0,0,0,3,5,2022,19
2022-05-13,Hospital_B,O_positive,27,21,782,27,0,0,0,0,0,0,4,5,2022,19
2022-05-14,Hospital_B,O_positive,23,23,782,23,0,0,0,1,0,0,5,5,2022,19
2022-05-15,Hospital_B,O_positive,27,26,781,27,0,0,0,1,0,0,6,5,2022,19
2022-05-16,Hospital_B,O_positive,33,32,780,33,0,0,0,0,0,0,0,5,2022,20
2022-05-17,Hospital_B,O_positive,26,31,785,26,0,0,0,0,0,0,1,5,2022,20
2022-05-18,Hospital_B,O_positive,19,14,780,19,0,0,0,0,0,0,2,5,2022,20
2022-05-19,Hospital_B,O_positive,23,28,785,23,0,0,0,0,0,0,3,5,2022,20
2022-05-20,Hospital_B,O_positive,23,34,796,23,0,0,0,0,0,0,4,5,2022,20
2022-05-21,Hospital_B,O_positive,12,12,796,12,0,0,0,1,0,0,5,5,2022,20
2022-05-22,Hospital_B,O_positive,16,13,793,16,0,0,0,1,0,0,6,5,2022,20
2022-05-23,Hospital_B,O_positive,34,39,798,34,0,0,0,0,0,0,0,5,2022,21
2022-05-24,Hospital_B,O_positive,29,31,800,29,0,0,0,0,0,0,1,5,2022,21
2022-05-25,Hospital_B,O_positive,20,25,805,20,0,6,0,0,0,0,2,5,2022,21
2022-05-26,Hospital_B,O_positive,27,27,805,27,0,0,0,0,0,0,3,5,2022,21
2022-05-27,Hospital_B,O_positive,31,33,807,31,0,0,0,0,0,0,4,5,2022,21
2022-05-28,Hospital_B,O_positive,16,17,808,16,0,108,0,1,0,0,5,5,2022,21
2022-05-29,Hospital_B,O_positive,24,28,812,24,0,84,0,1,0,0,6,5,2022,21
2022-05-30,Hospital_B,O_positive,25,33,820,25,0,59,0,0,0,0,0,5,2022,22
2022-05-31,Hospital_B,O_positive,29,24,815,29,0,46,0,0,0,0,1,5,2022,22
2022-06-01,Hospital_B,O_positive,31,40,794,31,30,49,0,0,0,0,2,6,2022,22
2022-06-02,Hospital_B,O_positive,36,45,803,36,0,81,0,0,0,0,3,6,2022,22
2022-06-03,Hospital_B,O_positive,23,23,803,23,0,99,0,0,0,0,4,6,2022,22
2022-06-04,Hospital_B,O_positive,18,24,809,18,0,81,0,1,0,0,5,6,2022,22
2022-06-05,Hospital_B,O_positive,24,30,815,24,0,129,0,1,0,0,6,6,2022,22
2022-06-06,Hospital_B,O_positive,29,41,811,29,16,84,0,0,0,0,0,6,2022,23
2022-06-07,Hospital_B,O_positive,21,23,801,21,12,63,0,0,0,0,1,6,2022,23
2022-06-08,Hospital_B,O_positive,26,26,801,26,0,37,0,0,0,0,2,6,2022,23
2022-06-09,Hospital_B,O_positive,26,26,776,26,25,0,0,0,0,0,3,6,2022,23
2022-06-10,Hospital_B,O_positive,42,42,776,42,0,0,0,0,0,0,4,6,2022,23
2022-06-11,Hospital_B,O_positive,15,6,767,15,0,22,0,1,0,0,5,6,2022,23
2022-06-12,Hospital_B,O_positive,19,22,770,19,0,26,0,1,0,0,6,6,2022,23
2022-06-13,Hospital_B,O_positive,28,30,772,28,0,32,0,0,0,0,0,6,2022,24
2022-06-14,Hospital_B,O_positive,26,30,776,26,0,6,0,0,0,0,1,6,2022,24
2022-06-15,Hospital_B,O_positive,22,22,776,22,0,0,0,0,0,0,2,6,2022,24
2022-06-16,Hospital_B,O_positive,26,35,785,26,0,0,0,0,0,0,3,6,2022,24
2022-06-17,Hospital_B,O_positive,28,32,789,28,0,29,0,0,0,0,4,6,2022,24
2022-06-18,Hospital_B,O_positive,17,24,796,17,0,52,0,1,0,0,5,6,2022,24
2022-06-19,Hospital_B,O_positive,25,32,803,25,0,27,0,1,0,0,6,6,2022,24
2022-06-20,Hospital_B,O_positive,40,48,811,40,0,20,0,0,0,0,0,6,2022,25
2022-06-21,Hospital_B,O_positive,28,26,809,28,0,51,0,0,0,0,1,6,2022,25
2022-06-22,Hospital_B,O_positive,21,26,814,21,0,30,0,0,0,0,2,6,2022,25
2022-06-23,Hospital_B,O_positive,24,30,820,24,0,23,0,0,0,0,3,6,2022,25
2022-06-24,Hospital_B,O_positive,27,27,820,27,0,26,0,0,0,0,4,6,2022,25
2022-06-25,Hospital_B,O_positive,21,27,826,21,0,36,0,1,0,0,5,6,2022,25
2022-06-26,Hospital_B,O_positive,16,23,833,16,0,20,0,1,0,0,6,6,2022,25
2022-06-27,Hospital_B,O_positive,23,19,829,23,0,25,0,0,0,0,0,6,2022,26
2022-06-28,Hospital_B,O_positive,23,26,832,23,0,38,0,0,0,0,1,6,2022,26
2022-06-29,Hospital_B,O_positive,41,30,821,41,0,38,0,0,0,0,2,6,2022,26
2022-06-30,Hospital_B,O_positive,32,25,814,32,0,39,0,0,0,0,3,6,2022,26
2022-07-01,Hospital_B,O_positive,42,45,817,42,0,0,0,0,0,1,4,7,2022,26
2022-07-02,Hospital_B,O_positive,38,44,823,38,0,0,0,1,0,1,5,7,2022,26
2022-07-03,Hospital_B,O_positive,26,28,825,26,0,6,0,1,0,1,6,7,2022,26
2022-07-04,Hospital_B,O_positive,39,42,828,39,0,0,0,0,0,1,0,7,2022,27
2022-07-05,Hospital_B,O_positive,36,33,825,36,0,0,0,0,0,1,1,7,2022,27
2022-07-06,Hospital_B,O_positive,36,38,827,36,0,0,0,0,0,1,2,7,2022,27
2022-07-07,Hospital_B,O_positive,21,14,820,21,0,0,0,0,0,1,3,7,2022,27
2022-07-08,Hospital_B,O_positive,59,59,820,59,0,0,0,0,0,1,4,7,2022,27
2022-07-09,Hospital_B,O_positive,20,28,828,20,0,0,0,1,0,1,5,7,2022,27
2022-07-10,Hospital_B,O_positive,25,27,830,25,0,0,0,1,0,1,6,7,2022,27
2022-07-11,Hospital_B,O_positive,48,63,845,48,0,0,0,0,0,1,0,7,2022,28
2022-07-12,Hospital_B,O_positive,31,22,836,31,0,0,0,0,0,1,1,7,2022,28
2022-07-13,Hospital_B,O_positive,38,40,838,38,0,0,0,0,0,1,2,7,2022,28
2022-07-14,Hospital_B,O_positive,33,39,844,33,0,0,0,0,0,1,3,7,2022,28
2022-07-15,Hospital_B,O_positive,46,55,853,46,0,0,0,0,0,1,4,7,2022,28
2022-07-16,Hospital_B,O_positive,21,19,851,21,0,0,0,1,0,1,5,7,2022,28
2022-07-17,Hospital_B,O_positive,22,27,856,22,0,23,0,1,0,1,6,7,2022,28
2022-07-18,Hospital_B,O_positive,30,27,853,30,0,0,0,0,0,1,0,7,2022,29
2022-07-19,Hospital_B,O_positive,42,46,857,42,0,0,0,0,0,1,1,7,2022,29
2022-07-20,Hospital_B,O_positive,32,50,875,32,0,0,0,0,0,1,2,7,2022,29
2022-07-21,Hospital_B,O_positive,35,44,884,35,0,0,0,0,0,1,3,7,2022,29
2022-07-22,Hospital_B,O_positive,44,44,884,44,0,0,0,0,0,1,4,7,2022,29
2022-07-23,Hospital_B,O_positive,25,21,880,25,0,0,0,1,0,1,5,7,2022,29
2022-07-24,Hospital_B,O_positive,22,29,887,22,0,0,0,1,0,1,6,7,2022,29
2022-07-25,Hospital_B,O_positive,44,47,890,44,0,0,0,0,0,1,0,7,2022,30
2022-07-26,Hospital_B,O_positive,42,42,890,42,0,0,0,0,0,1,1,7,2022,30
2022-07-27,Hospital_B,O_positive,39,48,899,39,0,0,0,0,0,1,2,7,2022,30
2022-07-28,Hospital_B,O_positive,32,37,904,32,0,0,0,0,0,1,3,7,2022,30
2022-07-29,Hospital_B,O_positive,36,30,898,36,0,0,0,0,0,1,4,7,2022,30
2022-07-30,Hospital_B,O_positive,24,22,896,24,0,0,0,1,0,1,5,7,2022,30
2022-07-31,Hospital_B,O_positive,27,19,888,27,0,0,0,1,0,1,6,7,2022,30
2022-08-01,Hospital_B,O_positive,39,40,889,39,0,0,0,0,0,1,0,8,2022,31
2022-08-02,Hospital_B,O_positive,31,31,889,31,0,0,0,0,0,1,1,8,2022,31
2022-08-03,Hospital_B,O_positive,42,39,886,42,0,0,0,0,0,1,2,8,2022,31
2022-08-04,Hospital_B,O_positive,53,54,887,53,0,0,0,0,0,1,3,8,2022,31
2022-08-05,Hospital_B,O_positive,41,39,885,41,0,0,0,0,0,1,4,8,2022,31
2022-08-06,Hospital_B,O_positive,29,35,891,29,0,0,0,1,0,1,5,8,2022,31
2022-08-07,Hospital_B,O_positive,28,36,899,28,0,0,0,1,0,1,6,8,2022,31
2022-08-08,Hospital_B,O_positive,30,28,897,30,0,0,0,0,0,1,0,8,2022,32
2022-08-09,Hospital_B,O_positive,42,45,900,42,0,0,0,0,0,1,1,8,2022,32
2022-08-10,Hospital_B,O_positive,33,33,900,33,0,0,0,0,0,1,2,8,2022,32
2022-08-11,Hospital_B,O_positive,37,35,898,37,0,0,0,0,0,1,3,8,2022,32
2022-08-12,Hospital_B,O_positive,33,31,896,33,0,0,0,0,0,1,4,8,2022,32
2022-08-13,Hospital_B,O_positive,30,43,909,30,0,0,0,1,0,1,5,8,2022,32
2022-08-14,Hospital_B,O_positive,25,22,906,25,0,0,0,1,0,1,6,8,2022,32
2022-08-15,Hospital_B,O_positive,26,23,903,26,0,0,0,0,1,1,0,8,2022,33
2022-08-16,Hospital_B,O_positive,34,31,900,34,0,0,0,0,0,1,1,8,2022,33
2022-08-17,Hospital_B,O_positive,40,40,900,40,0,0,0,0,0,1,2,8,2022,33
2022-08-18,Hospital_B,O_positive,27,33,906,27,0,0,0,0,0,1,3,8,2022,33
2022-08-19,Hospital_B,O_positive,29,26,903,29,0,0,0,0,0,1,4,8,2022,33
2022-08-20,Hospital_B,O_positive,26,27,904,26,0,0,0,1,0,1,5,8,2022,33
2022-08-21,Hospital_B,O_positive,15,21,910,15,0,102,0,1,0,1,6,8,2022,33
2022-08-22,Hospital_B,O_positive,31,33,912,31,0,90,0,0,0,1,0,8,2022,34
2022-08-23,Hospital_B,O_positive,35,37,914,35,0,55,0,0,0,1,1,8,2022,34
2022-08-24,Hospital_B,O_positive,32,38,920,32,0,58,0,0,0,1,2,8,2022,34
2022-08-25,Hospital_B,O_positive,35,38,919,35,4,141,0,0,0,1,3,8,2022,34
2022-08-26,Hospital_B,O_positive,34,40,925,34,0,107,0,0,0,1,4,8,2022,34
2022-08-27,Hospital_B,O_positive,33,36,928,33,0,74,0,1,0,1,5,8,2022,34
2022-08-28,Hospital_B,O_positive,31,35,932,31,0,43,0,1,0,1,6,8,2022,34
2022-08-29,Hospital_B,O_positive,37,35,887,37,43,42,0,0,0,1,0,8,2022,35
2022-08-30,Hospital_B,O_positive,37,35,885,37,0,5,0,0,0,1,1,8,2022,35
2022-08-31,Hospital_B,O_positive,41,55,899,41,0,0,0,0,0,1,2,8,2022,35
2022-09-01,Hospital_B,O_positive,37,48,910,37,0,0,0,0,0,1,3,9,2022,35
2022-09-02,Hospital_B,O_positive,32,28,906,32,0,0,0,0,0,1,4,9,2022,35
2022-09-03,Hospital_B,O_positive,19,22,909,19,0,38,0,1,0,1,5,9,2022,35
2022-09-04,Hospital_B,O_positive,22,25,912,22,0,16,0,1,0,1,6,9,2022,35
2022-09-05,Hospital_B,O_positive,37,48,923,37,0,0,0,0,0,1,0,9,2022,36
2022-09-06,Hospital_B,O_positive,29,33,927,29,0,0,0,0,0,1,1,9,2022,36
2022-09-07,Hospital_B,O_positive,50,40,917,50,0,20,0,0,0,1,2,9,2022,36
2022-09-08,Hospital_B,O_positive,30,37,924,30,0,23,0,0,0,1,3,9,2022,36
2022-09-09,Hospital_B,O_positive,37,52,939,37,0,0,0,0,0,1,4,9,2022,36
2022-09-10,Hospital_B,O_positive,24,28,943,24,0,42,0,1,0,1,5,9,2022,36
2022-09-11,Hospital_B,O_positive,19,20,944,19,0,23,0,1,0,1,6,9,2022,36
2022-09-12,Hospital_B,O_positive,45,49,948,45,0,11,0,0,0,1,0,9,2022,37
2022-09-13,Hospital_B,O_positive,41,39,946,41,0,0,0,0,0,1,1,9,2022,37
2022-09-14,Hospital_B,O_positive,64,76,958,64,0,0,0,0,0,1,2,9,2022,37
2022-09-15,Hospital_B,O_positive,40,53,971,40,0,0,0,0,0,1,3,9,2022,37
2022-09-16,Hospital_B,O_positive,40,46,977,40,0,0,0,0,0,1,4,9,2022,37
2022-09-17,Hospital_B,O_positive,32,35,980,32,0,0,0,1,0,1,5,9,2022,37
2022-09-18,Hospital_B,O_positive,26,30,984,26,0,0,0,1,0,1,6,9,2022,37
2022-09-19,Hospital_B,O_positive,42,36,978,42,0,0,0,0,0,1,0,9,2022,38
2022-09-20,Hospital_B,O_positive,42,48,984,42,0,0,0,0,0,1,1,9,2022,38
2022-09-21,Hospital_B,O_positive,39,37,982,39,0,0,0,0,0,1,2,9,2022,38
2022-09-22,Hospital_B,O_positive,40,47,989,40,0,0,0,0,0,1,3,9,2022,38
2022-09-23,Hospital_B,O_positive,49,46,986,49,0,0,0,0,0,1,4,9,2022,38
2022-09-24,Hospital_B,O_positive,43,43,986,43,0,0,0,1,0,1,5,9,2022,38
2022-09-25,Hospital_B,O_positive,46,46,986,46,0,0,0,1,0,1,6,9,2022,38
2022-09-26,Hospital_B,O_positive,48,62,1000,48,0,0,0,0,0,1,0,9,2022,39
2022-09-27,Hospital_B,O_positive,38,46,1008,38,0,0,0,0,0,1,1,9,2022,39
2022-09-28,Hospital_B,O_positive,37,41,1012,37,0,0,0,0,0,1,2,9,2022,39
2022-09-29,Hospital_B,O_positive,39,39,1012,39,0,0,0,0,0,1,3,9,2022,39
2022-09-30,Hospital_B,O_positive,36,36,1012,36,0,0,0,0,0,1,4,9,2022,39
2022-10-01,Hospital_B,O_positive,28,29,1013,28,0,0,0,1,0,1,5,10,2022,39
2022-10-02,Hospital_B,O_positive,19,27,1021,19,0,0,0,1,1,1,6,10,2022,39
2022-10-03,Hospital_B,O_positive,36,32,1017,36,0,0,0,0,0,1,0,10,2022,40
2022-10-04,Hospital_B,O_positive,39,37,1015,39,0,0,0,0,0,1,1,10,2022,40
2022-10-05,Hospital_B,O_positive,37,47,1025,37,0,0,0,0,0,1,2,10,2022,40
2022-10-06,Hospital_B,O_positive,33,35,1027,33,0,0,0,0,0,1,3,10,2022,40
2022-10-07,Hospital_B,O_positive,45,56,1038,45,0,0,0,0,0,1,4,10,2022,40
2022-10-08,Hospital_B,O_positive,26,27,1039,26,0,0,0,1,0,1,5,10,2022,40
2022-10-09,Hospital_B,O_positive,28,39,1050,28,0,0,0,1,0,1,6,10,2022,40
2022-10-10,Hospital_B,O_positive,38,46,1058,38,0,0,0,0,0,1,0,10,2022,41
2022-10-11,Hospital_B,O_positive,35,39,1062,35,0,0,0,0,0,1,1,10,2022,41
2022-10-12,Hospital_B,O_positive,37,42,1067,37,0,0,0,0,0,1,2,10,2022,41
2022-10-13,Hospital_B,O_positive,38,51,1080,38,0,0,0,0,0,1,3,10,2022,41
2022-10-14,Hospital_B,O_positive,35,33,1078,35,0,0,0,0,0,1,4,10,2022,41
2022-10-15,Hospital_B,O_positive,29,36,1085,29,0,0,0,1,0,1,5,10,2022,41
2022-10-16,Hospital_B,O_positive,26,27,1086,26,0,0,0,1,0,1,6,10,2022,41
2022-10-17,Hospital_B,O_positive,51,66,1101,51,0,0,0,0,0,1,0,10,2022,42
2022-10-18,Hospital_B,O_positive,55,69,1115,55,0,0,0,0,0,1,1,10,2022,42
2022-10-19,Hospital_B,O_positive,48,55,1122,48,0,0,0,0,0,1,2,10,2022,42
2022-10-20,Hospital_B,O_positive,30,25,1117,30,0,0,0,0,0,1,3,10,2022,42
2022-10-21,Hospital_B,O_positive,40,44,1121,40,0,0,0,0,0,1,4,10,2022,42
2022-10-22,Hospital_B,O_positive,31,23,1113,31,0,0,0,1,0,1,5,10,2022,42
2022-10-23,Hospital_B,O_positive,22,18,1109,22,0,0,0,1,0,1,6,10,2022,42
2022-10-24,Hospital_B,O_positive,28,35,1116,28,0,0,0,0,1,1,0,10,2022,43
2022-10-25,Hospital_B,O_positive,42,51,1125,42,0,0,0,0,0,1,1,10,2022,43
2022-10-26,Hospital_B,O_positive,42,45,1128,42,0,0,0,0,0,1,2,10,2022,43
2022-10-27,Hospital_B,O_positive,34,47,1141,34,0,0,0,0,0,1,3,10,2022,43
2022-10-28,Hospital_B,O_positive,36,36,1141,36,0,0,0,0,0,1,4,10,2022,43
2022-10-29,Hospital_B,O_positive,29,34,1146,29,0,0,0,1,0,1,5,10,2022,43
2022-10-30,Hospital_B,O_positive,39,55,1162,39,0,47,0,1,0,1,6,10,2022,43
2022-10-31,Hospital_B,O_positive,28,29,1163,28,0,54,0,0,0,1,0,10,2022,44
2022-11-01,Hospital_B,O_positive,30,34,1167,30,0,24,0,0,0,0,1,11,2022,44
2022-11-02,Hospital_B,O_positive,25,30,1172,25,0,77,0,0,0,0,2,11,2022,44
2022-11-03,Hospital_B,O_positive,28,30,1174,28,0,95,0,0,0,0,3,11,2022,44
2022-11-04,Hospital_B,O_positive,22,23,1175,22,0,135,0,0,0,0,4,11,2022,44
2022-11-05,Hospital_B,O_positive,20,23,1178,20,0,311,0,1,0,0,5,11,2022,44
2022-11-06,Hospital_B,O_positive,17,23,1177,17,7,326,0,1,0,0,6,11,2022,44
2022-11-07,Hospital_B,O_positive,31,28,1145,31,29,266,0,0,0,0,0,11,2022,45
2022-11-08,Hospital_B,O_positive,32,45,1127,32,31,232,0,0,0,0,1,11,2022,45
2022-11-09,Hospital_B,O_positive,22,23,964,22,164,46,0,0,0,0,2,11,2022,45
2022-11-10,Hospital_B,O_positive,38,49,958,38,17,0,0,0,0,0,3,11,2022,45
2022-11-11,Hospital_B,O_positive,30,32,960,30,0,0,0,0,0,0,4,11,2022,45
2022-11-12,Hospital_B,O_positive,18,20,962,18,0,36,0,1,0,0,5,11,2022,45
2022-11-13,Hospital_B,O_positive,23,28,967,23,0,13,0,1,0,0,6,11,2022,45
2022-11-14,Hospital_B,O_positive,33,26,960,33,0,0,0,0,0,0,0,11,2022,46
2022-11-15,Hospital_B,O_positive,27,26,959,27,0,0,0,0,0,0,1,11,2022,46
2022-11-16,Hospital_B,O_positive,31,33,961,31,0,0,0,0,0,0,2,11,2022,46
2022-11-17,Hospital_B,O_positive,29,38,970,29,0,11,0,0,0,0,3,11,2022,46
2022-11-18,Hospital_B,O_positive,29,34,975,29,0,0,0,0,0,0,4,11,2022,46
2022-11-19,Hospital_B,O_positive,15,12,972,15,0,3,0,1,0,0,5,11,2022,46
2022-11-20,Hospital_B,O_positive,20,22,974,20,0,30,0,1,0,0,6,11,2022,46
2022-11-21,Hospital_B,O_positive,27,27,974,27,0,120,0,0,0,0,0,11,2022,47
2022-11-22,Hospital_B,O_positive,39,39,974,39,0,133,0,0,0,0,1,11,2022,47
2022-11-23,Hospital_B,O_positive,26,26,974,26,0,137,0,0,0,0,2,11,2022,47
2022-11-24,Hospital_B,O_positive,37,43,980,37,0,118,0,0,0,0,3,11,2022,47
2022-11-25,Hospital_B,O_positive,44,46,964,44,18,111,0,0,0,0,4,11,2022,47
2022-11-26,Hospital_B,O_positive,24,22,954,24,8,79,0,1,0,0,5,11,2022,47
2022-11-27,Hospital_B,O_positive,26,25,947,26,6,70,0,1,0,0,6,11,2022,47
2022-11-28,Hospital_B,O_positive,32,36,951,32,0,38,0,0,0,0,0,11,2022,48
2022-11-29,Hospital_B,O_positive,39,41,938,39,15,28,0,0,0,0,1,11,2022,48
2022-11-30,Hospital_B,O_positive,27,32,943,27,0,1,0,0,0,0,2,11,2022,48
2022-12-01,Hospital_B,O_positive,21,26,948,21,0,0,0,0,0,0,3,12,2022,48
2022-12-02,Hospital_B,O_positive,33,37,952,33,0,0,0,0,0,0,4,12,2022,48
2022-12-03,Hospital_B,O_positive,35,43,960,35,0,0,0,1,0,0,5,12,2022,48
2022-12-04,Hospital_B,O_positive,14,12,958,14,0,26,0,1,0,0,6,12,2022,48
2022-12-05,Hospital_B,O_positive,30,41,969,30,0,26,0,0,0,0,0,12,2022,49
2022-12-06,Hospital_B,O_positive,31,28,966,31,0,67,0,0,0,0,1,12,2022,49
2022-12-07,Hospital_B,O_positive,25,29,970,25,0,96,0,0,0,0,2,12,2022,49
2022-12-08,Hospital_B,O_positive,30,29,969,30,0,78,0,0,0,0,3,12,2022,49
2022-12-09,Hospital_B,O_positive,33,31,967,33,0,68,0,0,0,0,4,12,2022,49
2022-12-10,Hospital_B,O_positive,20,27,974,20,0,121,0,1,0,0,5,12,2022,49
2022-12-11,Hospital_B,O_positive,21,26,966,21,13,125,0,1,0,0,6,12,2022,49
2022-12-12,Hospital_B,O_positive,28,30,968,28,0,97,0,0,0,0,0,12,2022,50
2022-12-13,Hospital_B,O_positive,34,38,972,34,0,63,0,0,0,0,1,12,2022,50
2022-12-14,Hospital_B,O_positive,23,20,944,23,25,82,0,0,0,0,2,12,2022,50
2022-12-15,Hospital_B,O_positive,26,30,933,26,15,41,0,0,0,0,3,12,2022,50
2022-12-16,Hospital_B,O_positive,26,26,933,26,0,42,0,0,0,0,4,12,2022,50
2022-12-17,Hospital_B,O_positive,19,30,944,19,0,151,0,1,0,0,5,12,2022,50
2022-12-18,Hospital_B,O_positive,18,20,946,18,0,133,0,1,0,0,6,12,2022,50
2022-12-19,Hospital_B,O_positive,39,42,949,39,0,160,0,0,0,0,0,12,2022,51
2022-12-20,Hospital_B,O_positive,41,49,957,41,0,141,0,0,0,0,1,12,2022,51
2022-12-21,Hospital_B,O_positive,39,43,908,39,53,49,0,0,0,0,2,12,2022,51
2022-12-22,Hospital_B,O_positive,28,28,908,28,0,21,0,0,0,0,3,12,2022,51
2022-12-23,Hospital_B,O_positive,26,31,913,26,0,0,0,0,0,0,4,12,2022,51
2022-12-24,Hospital_B,O_positive,12,11,912,12,0,0,0,1,0,0,5,12,2022,51
2022-12-25,Hospital_B,O_positive,13,16,915,13,0,11,0,1,1,0,6,12,2022,51
2022-12-26,Hospital_B,O_positive,38,39,916,38,0,0,0,0,0,0,0,12,2022,52
2022-12-27,Hospital_B,O_positive,26,31,921,26,0,17,0,0,0,0,1,12,2022,52
2022-12-28,Hospital_B,O_positive,34,45,932,34,0,0,0,0,0,0,2,12,2022,52
2022-12-29,Hospital_B,O_positive,26,32,938,26,0,24,0,0,0,0,3,12,2022,52
2022-12-30,Hospital_B,O_positive,32,32,938,32,0,51,0,0,0,0,4,12,2022,52
2022-12-31,Hospital_B,O_positive,20,27,945,20,0,31,0,1,0,0,5,12,2022,52
2023-01-01,Hospital_B,O_positive,12,16,949,12,0,19,0,1,0,0,6,1,2023,52
2023-01-02,Hospital_B,O_positive,31,32,950,31,0,0,0,0,0,0,0,1,2023,1
2023-01-03,Hospital_B,O_positive,35,34,949,35,0,0,0,0,0,0,1,1,2023,1
2023-01-04,Hospital_B,O_positive,26,30,953,26,0,4,0,0,0,0,2,1,2023,1
2023-01-05,Hospital_B,O_positive,31,32,954,31,0,96,0,0,0,0,3,1,2023,1
2023-01-06,Hospital_B,O_positive,27,26,953,27,0,130,0,0,0,0,4,1,2023,1
2023-01-07,Hospital_B,O_positive,22,21,952,22,0,128,0,1,0,0,5,1,2023,1
2023-01-08,Hospital_B,O_positive,18,23,957,18,0,152,0,1,0,0,6,1,2023,1
2023-01-09,Hospital_B,O_positive,26,26,928,26,29,123,0,0,0,0,0,1,2023,2
2023-01-10,Hospital_B,O_positive,29,39,903,29,35,118,0,0,0,0,1,1,2023,2
2023-01-11,Hospital_B,O_positive,34,49,918,34,0,110,0,0,0,0,2,1,2023,2
2023-01-12,Hospital_B,O_positive,32,40,926,32,0,78,0,0,0,0,3,1,2023,2
2023-01-13,Hospital_B,O_positive,26,21,921,26,0,80,0,0,0,0,4,1,2023,2
2023-01-14,Hospital_B,O_positive,25,26,896,25,26,67,0,1,0,0,5,1,2023,2
2023-01-15,Hospital_B,O_positive,16,16,895,16,1,50,0,1,0,0,6,1,2023,2
2023-01-16,Hospital_B,O_positive,32,45,908,32,0,18,0,0,0,0,0,1,2023,3
2023-01-17,Hospital_B,O_positive,25,26,909,25,0,0,0,0,0,0,1,1,2023,3
2023-01-18,Hospital_B,O_positive,31,39,917,31,0,0,0,0,0,0,2,1,2023,3
2023-01-19,Hospital_B,O_positive,25,34,926,25,0,0,0,0,0,0,3,1,2023,3
2023-01-20,Hospital_B,O_positive,28,27,925,28,0,6,0,0,0,0,4,1,2023,3
2023-01-21,Hospital_B,O_positive,21,33,937,21,0,0,0,1,0,0,5,1,2023,3
2023-01-22,Hospital_B,O_positive,25,26,938,25,0,79,0,1,0,0,6,1,2023,3
2023-01-23,Hospital_B,O_positive,26,32,944,26,0,53,0,0,0,0,0,1,2023,4
2023-01-24,Hospital_B,O_positive,42,43,945,42,0,108,0,0,0,0,1,1,2023,4
2023-01-25,Hospital_B,O_positive,25,33,953,25,0,156,0,0,0,0,2,1,2023,4
2023-01-26,Hospital_B,O_positive,8,9,954,8,0,211,0,0,1,0,3,1,2023,4
2023-01-27,Hospital_B,O_positive,33,31,952,33,0,178,0,0,0,0,4,1,2023,4
2023-01-28,Hospital_B,O_positive,22,22,910,22,42,114,0,1,0,0,5,1,2023,4
2023-01-29,Hospital_B,O_positive,25,21,855,25,51,38,0,1,0,0,6,1,2023,4
2023-01-30,Hospital_B,O_positive,40,52,829,40,38,58,0,0,0,0,0,1,2023,5
2023-01-31,Hospital_B,O_positive,28,21,822,28,0,56,0,0,0,0,1,1,2023,5
2023-02-01,Hospital_B,O_positive,34,33,821,34,0,91,0,0,0,0,2,2,2023,5
2023-02-02,Hospital_B,O_positive,31,28,818,31,0,86,0,0,0,0,3,2,2023,5
2023-02-03,Hospital_B,O_positive,25,27,820,25,0,61,0,0,0,0,4,2,2023,5
2023-02-04,Hospital_B,O_positive,15,13,818,15,0,46,0,1,0,0,5,2,2023,5
2023-02-05,Hospital_B,O_positive,35,45,808,35,20,0,0,1,0,0,6,2,2023,5
2023-02-06,Hospital_B,O_positive,45,54,817,45,0,0,0,0,0,0,0,2,2023,6
2023-02-07,Hospital_B,O_positive,32,37,822,32,0,0,0,0,0,0,1,2,2023,6
2023-02-08,Hospital_B,O_positive,26,29,825,26,0,0,0,0,0,0,2,2,2023,6
2023-02-09,Hospital_B,O_positive,42,50,833,42,0,0,0,0,0,0,3,2,2023,6
2023-02-10,Hospital_B,O_positive,20,22,835,20,0,0,0,0,0,0,4,2,2023,6
2023-02-11,Hospital_B,O_positive,18,16,833,18,0,0,0,1,0,0,5,2,2023,6
2023-02-12,Hospital_B,O_positive,19,18,832,19,0,0,0,1,0,0,6,2,2023,6
2023-02-13,Hospital_B,O_positive,22,24,834,22,0,49,0,0,0,0,0,2,2023,7
2023-02-14,Hospital_B,O_positive,42,44,836,42,0,34,0,0,0,0,1,2,2023,7
2023-02-15,Hospital_B,O_positive,23,16,829,23,0,11,0,0,0,0,2,2,2023,7
2023-02-16,Hospital_B,O_positive,34,46,841,34,0,63,0,0,0,0,3,2,2023,7
2023-02-17,Hospital_B,O_positive,27,38,852,27,0,36,0,0,0,0,4,2,2023,7
2023-02-18,Hospital_B,O_positive,23,28,857,23,0,52,0,1,0,0,5,2,2023,7
2023-02-19,Hospital_B,O_positive,11,16,862,11,0,41,0,1,0,0,6,2,2023,7
2023-02-20,Hospital_B,O_positive,39,41,862,39,2,45,0,0,0,0,0,2,2023,8
2023-02-21,Hospital_B,O_positive,32,37,867,32,0,13,0,0,0,0,1,2,2023,8
2023-02-22,Hospital_B,O_positive,26,34,875,26,0,0,0,0,0,0,2,2,2023,8
2023-02-23,Hospital_B,O_positive,20,28,883,20,0,0,0,0,0,0,3,2,2023,8
2023-02-24,Hospital_B,O_positive,29,35,889,29,0,0,0,0,0,0,4,2,2023,8
2023-02-25,Hospital_B,O_positive,20,22,891,20,0,0,0,1,0,0,5,2,2023,8
2023-02-26,Hospital_B,O_positive,15,12,888,15,0,10,0,1,0,0,6,2,2023,8
2023-02-27,Hospital_B,O_positive,33,31,886,33,0,0,0,0,0,0,0,2,2023,9
2023-02-28,Hospital_B,O_positive,21,19,884,21,0,0,0,0,0,0,1,2,2023,9
2023-03-01,Hospital_B,O_positive,24,25,885,24,0,0,0,0,0,0,2,3,2023,9
2023-03-02,Hospital_B,O_positive,26,27,886,26,0,0,0,0,0,0,3,3,2023,9
2023-03-03,Hospital_B,O_positive,20,23,889,20,0,0,0,0,0,0,4,3,2023,9
2023-03-04,Hospital_B,O_positive,22,23,890,22,0,0,0,1,0,0,5,3,2023,9
2023-03-05,Hospital_B,O_positive,18,17,889,18,0,0,0,1,0,0,6,3,2023,9
2023-03-06,Hospital_B,O_positive,38,39,890,38,0,0,0,0,0,0,0,3,2023,10
2023-03-07,Hospital_B,O_positive,32,33,891,32,0,0,0,0,0,0,1,3,2023,10
2023-03-08,Hospital_B,O_positive,8,8,891,8,0,37,0,0,1,0,2,3,2023,10
2023-03-09,Hospital_B,O_positive,37,45,899,37,0,0,0,0,0,0,3,3,2023,10
2023-03-10,Hospital_B,O_positive,30,34,903,30,0,7,0,0,0,0,4,3,2023,10
2023-03-11,Hospital_B,O_positive,18,21,906,18,0,97,0,1,0,0,5,3,2023,10
2023-03-12,Hospital_B,O_positive,31,33,908,31,0,98,0,1,0,0,6,3,2023,10
2023-03-13,Hospital_B,O_positive,19,27,916,19,0,129,0,0,0,0,0,3,2023,11
2023-03-14,Hospital_B,O_positive,27,38,927,27,0,137,0,0,0,0,1,3,2023,11
2023-03-15,Hospital_B,O_positive,29,30,908,29,20,155,0,0,0,0,2,3,2023,11
2023-03-16,Hospital_B,O_positive,25,28,908,25,3,176,0,0,0,0,3,3,2023,11
2023-03-17,Hospital_B,O_positive,53,63,893,53,25,150,0,0,0,0,4,3,2023,11
2023-03-18,Hospital_B,O_positive,22,30,901,22,0,144,0,1,0,0,5,3,2023,11
2023-03-19,Hospital_B,O_positive,25,29,878,25,27,114,0,1,0,0,6,3,2023,11
2023-03-20,Hospital_B,O_positive,38,47,863,38,24,52,0,0,0,0,0,3,2023,12
2023-03-21,Hospital_B,O_positive,29,40,860,29,14,65,0,0,0,0,1,3,2023,12
2023-03-22,Hospital_B,O_positive,26,21,855,26,0,39,0,0,0,0,2,3,2023,12
2023-03-23,Hospital_B,O_positive,36,37,856,36,0,31,0,0,0,0,3,3,2023,12
2023-03-24,Hospital_B,O_positive,26,22,852,26,0,5,0,0,0,0,4,3,2023,12
2023-03-25,Hospital_B,O_positive,18,15,849,18,0,0,0,1,0,0,5,3,2023,12
2023-03-26,Hospital_B,O_positive,25,22,846,25,0,0,0,1,0,0,6,3,2023,12
2023-03-27,Hospital_B,O_positive,32,30,844,32,0,0,0,0,0,0,0,3,2023,13
2023-03-28,Hospital_B,O_positive,16,15,843,16,0,0,0,0,0,0,1,3,2023,13
2023-03-29,Hospital_B,O_positive,46,45,842,46,0,0,0,0,0,0,2,3,2023,13
2023-03-30,Hospital_B,O_positive,40,48,850,40,0,0,0,0,0,0,3,3,2023,13
2023-03-31,Hospital_B,O_positive,20,23,853,20,0,0,0,0,0,0,4,3,2023,13
2023-04-01,Hospital_B,O_positive,27,27,853,27,0,0,0,1,0,0,5,4,2023,13
2023-04-02,Hospital_B,O_positive,14,18,857,14,0,54,0,1,0,0,6,4,2023,13
2023-04-03,Hospital_B,O_positive,34,28,851,34,0,20,0,0,0,0,0,4,2023,14
2023-04-04,Hospital_B,O_positive,24,19,846,24,0,29,0,0,0,0,1,4,2023,14
2023-04-05,Hospital_B,O_positive,25,35,856,25,0,4,0,0,0,0,2,4,2023,14
2023-04-06,Hospital_B,O_positive,30,30,856,30,0,0,0,0,0,0,3,4,2023,14
2023-04-07,Hospital_B,O_positive,23,21,854,23,0,0,0,0,0,0,4,4,2023,14
2023-04-08,Hospital_B,O_positive,23,23,854,23,0,0,0,1,0,0,5,4,2023,14
2023-04-09,Hospital_B,O_positive,17,21,858,17,0,9,0,1,0,0,6,4,2023,14
2023-04-10,Hospital_B,O_positive,40,48,866,40,0,3,0,0,0,0,0,4,2023,15
2023-04-11,Hospital_B,O_positive,32,28,862,32,0,28,0,0,0,0,1,4,2023,15
2023-04-12,Hospital_B,O_positive,37,44,869,37,0,31,0,0,0,0,2,4,2023,15
2023-04-13,Hospital_B,O_positive,20,25,874,20,0,58,0,0,0,0,3,4,2023,15
2023-04-14,Hospital_B,O_positive,34,43,883,34,0,57,0,0,0,0,4,4,2023,15
2023-04-15,Hospital_B,O_positive,33,43,893,33,0,45,0,1,0,0,5,4,2023,15
2023-04-16,Hospital_B,O_positive,20,13,886,20,0,133,0,1,0,0,6,4,2023,15
2023-04-17,Hospital_B,O_positive,35,34,885,35,0,98,0,0,0,0,0,4,2023,16
2023-04-18,Hospital_B,O_positive,25,35,895,25,0,95,0,0,0,0,1,4,2023,16
2023-04-19,Hospital_B,O_positive,20,25,900,20,0,75,0,0,0,0,2,4,2023,16
2023-04-20,Hospital_B,O_positive,25,30,852,25,53,42,0,0,0,0,3,4,2023,16
2023-04-21,Hospital_B,O_positive,37,43,858,37,0,35,0,0,0,0,4,4,2023,16
2023-04-22,Hospital_B,O_positive,23,23,858,23,0,12,0,1,0,0,5,4,2023,16
2023-04-23,Hospital_B,O_positive,19,22,861,19,0,0,0,1,0,0,6,4,2023,16
2023-04-24,Hospital_B,O_positive,37,47,871,37,0,0,0,0,0,0,0,4,2023,17
2023-04-25,Hospital_B,O_positive,21,17,867,21,0,0,0,0,0,0,1,4,2023,17
2023-04-26,Hospital_B,O_positive,29,34,872,29,0,0,0,0,0,0,2,4,2023,17
2023-04-27,Hospital_B,O_positive,23,25,874,23,0,29,0,0,0,0,3,4,2023,17
2023-04-28,Hospital_B,O_positive,27,29,876,27,0,2,0,0,0,0,4,4,2023,17
2023-04-29,Hospital_B,O_positive,21,32,887,21,0,29,0,1,0,0,5,4,2023,17
2023-04-30,Hospital_B,O_positive,26,22,883,26,0,69,0,1,0,0,6,4,2023,17
2023-05-01,Hospital_B,O_positive,13,20,890,13,0,93,0,0,0,0,0,5,2023,18
2023-05-02,Hospital_B,O_positive,25,30,895,25,0,127,0,0,0,0,1,5,2023,18
2023-05-03,Hospital_B,O_positive,35,41,901,35,0,154,0,0,0,0,2,5,2023,18
2023-05-04,Hospital_B,O_positive,31,45,915,31,0,146,0,0,0,0,3,5,2023,18
2023-05-05,Hospital_B,O_positive,23,18,908,23,2,121,0,0,0,0,4,5,2023,18
2023-05-06,Hospital_B,O_positive,18,22,876,18,36,115,0,1,0,0,5,5,2023,18
2023-05-07,Hospital_B,O_positive,22,25,835,22,44,77,0,1,0,0,6,5,2023,18
2023-05-08,Hospital_B,O_positive,30,26,830,30,1,46,0,0,0,0,0,5,2023,19
2023-05-09,Hospital_B,O_positive,26,17,821,26,0,54,0,0,0,0,1,5,2023,19
2023-05-10,Hospital_B,O_positive,28,40,833,28,0,26,0,0,0,0,2,5,2023,19
2023-05-11,Hospital_B,O_positive,48,62,847,48,0,21,0,0,0,0,3,5,2023,19
2023-05-12,Hospital_B,O_positive,20,24,851,20,0,18,0,0,0,0,4,5,2023,19
2023-05-13,Hospital_B,O_positive,30,33,854,30,0,53,0,1,0,0,5,5,2023,19
2023-05-14,Hospital_B,O_positive,21,25,858,21,0,57,0,1,0,0,6,5,2023,19
2023-05-15,Hospital_B,O_positive,48,74,884,48,0,22,0,0,0,0,0,5,2023,20
2023-05-16,Hospital_B,O_positive,23,27,888,23,0,47,0,0,0,0,1,5,2023,20
2023-05-17,Hospital_B,O_positive,34,49,903,34,0,13,0,0,0,0,2,5,2023,20
2023-05-18,Hospital_B,O_positive,30,29,902,30,0,55,0,0,0,0,3,5,2023,20
2023-05-19,Hospital_B,O_positive,29,27,900,29,0,54,0,0,0,0,4,5,2023,20
2023-05-20,Hospital_B,O_positive,17,20,903,17,0,37,0,1,0,0,5,5,2023,20
2023-05-21,Hospital_B,O_positive,28,29,904,28,0,9,0,1,0,0,6,5,2023,20
2023-05-22,Hospital_B,O_positive,38,42,908,38,0,19,0,0,0,0,0,5,2023,21
2023-05-23,Hospital_B,O_positive,30,43,921,30,0,54,0,0,0,0,1,5,2023,21
2023-05-24,Hospital_B,O_positive,22,19,918,22,0,32,0,0,0,0,2,5,2023,21
2023-05-25,Hospital_B,O_positive,33,35,920,33,0,90,0,0,0,0,3,5,2023,21
2023-05-26,Hospital_B,O_positive,22,25,923,22,0,68,0,0,0,0,4,5,2023,21
2023-05-27,Hospital_B,O_positive,16,16,923,16,0,115,0,1,0,0,5,5,2023,21
2023-05-28,Hospital_B,O_positive,22,25,926,22,0,93,0,1,0,0,6,5,2023,21
2023-05-29,Hospital_B,O_positive,49,40,887,49,30,93,0,0,0,0,0,5,2023,22
2023-05-30,Hospital_B,O_positive,26,24,885,26,0,67,0,0,0,0,1,5,2023,22
2023-05-31,Hospital_B,O_positive,35,38,888,35,0,32,0,0,0,0,2,5,2023,22
2023-06-01,Hospital_B,O_positive,30,35,893,30,0,2,0,0,0,0,3,6,2023,22
2023-06-02,Hospital_B,O_positive,31,39,899,31,2,2,0,0,0,0,4,6,2023,22
2023-06-03,Hospital_B,O_positive,23,22,898,23,0,28,0,1,0,0,5,6,2023,22
2023-06-04,Hospital_B,O_positive,22,18,894,22,0,68,0,1,0,0,6,6,2023,22
2023-06-05,Hospital_B,O_positive,30,30,894,30,0,107,0,0,0,0,0,6,2023,23
2023-06-06,Hospital_B,O_positive,28,27,893,28,0,119,0,0,0,0,1,6,2023,23
2023-06-07,Hospital_B,O_positive,22,23,894,22,0,114,0,0,0,0,2,6,2023,23
2023-06-08,Hospital_B,O_positive,38,38,894,38,0,76,0,0,0,0,3,6,2023,23
2023-06-09,Hospital_B,O_positive,26,13,862,26,19,99,0,0,0,0,4,6,2023,23
2023-06-10,Hospital_B,O_positive,31,34,851,31,14,54,0,1,0,0,5,6,2023,23
2023-06-11,Hospital_B,O_positive,21,19,849,21,0,58,0,1,0,0,6,6,2023,23
2023-06-12,Hospital_B,O_positive,34,36,851,34,0,59,0,0,0,0,0,6,2023,24
2023-06-13,Hospital_B,O_positive,29,19,841,29,0,30,0,0,0,0,1,6,2023,24
2023-06-14,Hospital_B,O_positive,30,32,843,30,0,0,0,0,0,0,2,6,2023,24
2023-06-15,Hospital_B,O_positive,24,18,837,24,0,25,0,0,0,0,3,6,2023,24
2023-06-16,Hospital_B,O_positive,21,33,849,21,0,109,0,0,0,0,4,6,2023,24
2023-06-17,Hospital_B,O_positive,22,17,844,22,0,163,0,1,0,0,5,6,2023,24
2023-06-18,Hospital_B,O_positive,17,15,842,17,0,175,0,1,0,0,6,6,2023,24
2023-06-19,Hospital_B,O_positive,42,44,844,42,0,168,0,0,0,0,0,6,2023,25
2023-06-20,Hospital_B,O_positive,28,29,817,28,28,186,0,0,0,0,1,6,2023,25
2023-06-21,Hospital_B,O_positive,23,28,774,23,48,115,0,0,0,0,2,6,2023,25
2023-06-22,Hospital_B,O_positive,24,29,773,24,6,85,0,0,0,0,3,6,2023,25
2023-06-23,Hospital_B,O_positive,23,24,763,23,11,51,0,0,0,0,4,6,2023,25
2023-06-24,Hospital_B,O_positive,18,21,715,18,51,0,0,1,0,0,5,6,2023,25
2023-06-25,Hospital_B,O_positive,17,16,714,17,0,0,0,1,0,0,6,6,2023,25
2023-06-26,Hospital_B,O_positive,33,52,733,33,0,0,0,0,0,0,0,6,2023,26
2023-06-27,Hospital_B,O_positive,31,34,736,31,0,0,0,0,0,0,1,6,2023,26
2023-06-28,Hospital_B,O_positive,25,26,737,25,0,0,0,0,0,0,2,6,2023,26
2023-06-29,Hospital_B,O_positive,23,30,744,23,0,0,0,0,0,0,3,6,2023,26
2023-06-30,Hospital_B,O_positive,29,31,746,29,0,0,0,0,0,0,4,6,2023,26
2023-07-01,Hospital_B,O_positive,33,39,752,33,0,0,0,1,0,1,5,7,2023,26
2023-07-02,Hospital_B,O_positive,20,20,752,20,0,0,0,1,0,1,6,7,2023,26
2023-07-03,Hospital_B,O_positive,36,45,761,36,0,0,0,0,0,1,0,7,2023,27
2023-07-04,Hospital_B,O_positive,35,42,768,35,0,0,0,0,0,1,1,7,2023,27
2023-07-05,Hospital_B,O_positive,34,28,762,34,0,0,0,0,0,1,2,7,2023,27
2023-07-06,Hospital_B,O_positive,30,28,760,30,0,0,0,0,0,1,3,7,2023,27
2023-07-07,Hospital_B,O_positive,35,34,759,35,0,0,0,0,0,1,4,7,2023,27
2023-07-08,Hospital_B,O_positive,38,38,759,38,0,0,0,1,0,1,5,7,2023,27
2023-07-09,Hospital_B,O_positive,21,29,767,21,0,0,0,1,0,1,6,7,2023,27
2023-07-10,Hospital_B,O_positive,47,54,774,47,0,0,0,0,0,1,0,7,2023,28
2023-07-11,Hospital_B,O_positive,31,26,769,31,0,0,0,0,0,1,1,7,2023,28
2023-07-12,Hospital_B,O_positive,45,47,771,45,0,0,0,0,0,1,2,7,2023,28
2023-07-13,Hospital_B,O_positive,34,43,780,34,0,0,0,0,0,1,3,7,2023,28
2023-07-14,Hospital_B,O_positive,34,25,771,34,0,0,0,0,0,1,4,7,2023,28
2023-07-15,Hospital_B,O_positive,28,37,780,28,0,0,0,1,0,1,5,7,2023,28
2023-07-16,Hospital_B,O_positive,38,48,790,38,0,0,0,1,0,1,6,7,2023,28
2023-07-17,Hospital_B,O_positive,35,34,789,35,0,0,0,0,0,1,0,7,2023,29
2023-07-18,Hospital_B,O_positive,38,62,813,38,0,0,0,0,0,1,1,7,2023,29
2023-07-19,Hospital_B,O_positive,39,48,822,39,0,0,0,0,0,1,2,7,2023,29
2023-07-20,Hospital_B,O_positive,32,24,814,32,0,0,0,0,0,1,3,7,2023,29
2023-07-21,Hospital_B,O_positive,39,46,821,39,0,0,0,0,0,1,4,7,2023,29
2023-07-22,Hospital_B,O_positive,23,29,827,23,0,0,0,1,0,1,5,7,2023,29
2023-07-23,Hospital_B,O_positive,28,30,829,28,0,0,0,1,0,1,6,7,2023,29
2023-07-24,Hospital_B,O_positive,50,55,834,50,0,0,0,0,0,1,0,7,2023,30
2023-07-25,Hospital_B,O_positive,31,29,832,31,0,0,0,0,0,1,1,7,2023,30
2023-07-26,Hospital_B,O_positive,31,32,833,31,0,0,0,0,0,1,2,7,2023,30
2023-07-27,Hospital_B,O_positive,29,32,836,29,0,0,0,0,0,1,3,7,2023,30
2023-07-28,Hospital_B,O_positive,37,26,825,37,0,0,0,0,0,1,4,7,2023,30
2023-07-29,Hospital_B,O_positive,31,37,831,31,0,0,0,1,0,1,5,7,2023,30
2023-07-30,Hospital_B,O_positive,35,46,842,35,0,0,0,1,0,1,6,7,2023,30
2023-07-31,Hospital_B,O_positive,31,35,846,31,0,0,0,0,0,1,0,7,2023,31
2023-08-01,Hospital_B,O_positive,44,50,852,44,0,0,0,0,0,1,1,8,2023,31
2023-08-02,Hospital_B,O_positive,38,39,853,38,0,0,0,0,0,1,2,8,2023,31
2023-08-03,Hospital_B,O_positive,34,40,859,34,0,0,0,0,0,1,3,8,2023,31
2023-08-04,Hospital_B,O_positive,33,43,869,33,0,0,0,0,0,1,4,8,2023,31
2023-08-05,Hospital_B,O_positive,24,23,868,24,0,0,0,1,0,1,5,8,2023,31
2023-08-06,Hospital_B,O_positive,21,32,879,21,0,0,0,1,0,1,6,8,2023,31
2023-08-07,Hospital_B,O_positive,48,54,885,48,0,0,0,0,0,1,0,8,2023,32
2023-08-08,Hospital_B,O_positive,31,31,885,31,0,0,0,0,0,1,1,8,2023,32
2023-08-09,Hospital_B,O_positive,35,41,891,35,0,0,0,0,0,1,2,8,2023,32
2023-08-10,Hospital_B,O_positive,36,34,889,36,0,0,0,0,0,1,3,8,2023,32
2023-08-11,Hospital_B,O_positive,52,68,905,52,0,0,0,0,0,1,4,8,2023,32
2023-08-12,Hospital_B,O_positive,29,32,908,29,0,0,0,1,0,1,5,8,2023,32
2023-08-13,Hospital_B,O_positive,24,29,913,24,0,0,0,1,0,1,6,8,2023,32
2023-08-14,Hospital_B,O_positive,37,40,916,37,0,0,0,0,0,1,0,8,2023,33
2023-08-15,Hospital_B,O_positive,26,24,914,26,0,0,0,0,1,1,1,8,2023,33
2023-08-16,Hospital_B,O_positive,40,41,915,40,0,0,0,0,0,1,2,8,2023,33
2023-08-17,Hospital_B,O_positive,44,48,919,44,0,0,0,0,0,1,3,8,2023,33
2023-08-18,Hospital_B,O_positive,44,48,923,44,0,0,0,0,0,1,4,8,2023,33
2023-08-19,Hospital_B,O_positive,21,21,923,21,0,0,0,1,0,1,5,8,2023,33
2023-08-20,Hospital_B,O_positive,30,41,934,30,0,0,0,1,0,1,6,8,2023,33
2023-08-21,Hospital_B,O_positive,23,20,931,23,0,0,0,0,0,1,0,8,2023,34
2023-08-22,Hospital_B,O_positive,37,50,944,37,0,0,0,0,0,1,1,8,2023,34
2023-08-23,Hospital_B,O_positive,42,56,958,42,0,0,0,0,0,1,2,8,2023,34
2023-08-24,Hospital_B,O_positive,38,35,955,38,0,0,0,0,0,1,3,8,2023,34
2023-08-25,Hospital_B,O_positive,44,47,958,44,0,0,0,0,0,1,4,8,2023,34
2023-08-26,Hospital_B,O_positive,26,28,960,26,0,0,0,1,0,1,5,8,2023,34
2023-08-27,Hospital_B,O_positive,31,29,958,31,0,0,0,1,0,1,6,8,2023,34
2023-08-28,Hospital_B,O_positive,39,41,960,39,0,0,0,0,0,1,0,8,2023,35
2023-08-29,Hospital_B,O_positive,36,42,966,36,0,0,0,0,0,1,1,8,2023,35
2023-08-30,Hospital_B,O_positive,47,47,966,47,0,0,0,0,0,1,2,8,2023,35
2023-08-31,Hospital_B,O_positive,36,39,969,36,0,0,0,0,0,1,3,8,2023,35
2023-09-01,Hospital_B,O_positive,34,36,971,34,0,0,0,0,0,1,4,9,2023,35
2023-09-02,Hospital_B,O_positive,32,39,978,32,0,0,0,1,0,1,5,9,2023,35
2023-09-03,Hospital_B,O_positive,28,33,983,28,0,0,0,1,0,1,6,9,2023,35
2023-09-04,Hospital_B,O_positive,48,47,982,48,0,0,0,0,0,1,0,9,2023,36
2023-09-05,Hospital_B,O_positive,30,31,983,30,0,0,0,0,0,1,1,9,2023,36
2023-09-06,Hospital_B,O_positive,38,46,991,38,0,0,0,0,0,1,2,9,2023,36
2023-09-07,Hospital_B,O_positive,35,29,985,35,0,0,0,0,0,1,3,9,2023,36
2023-09-08,Hospital_B,O_positive,36,32,981,36,0,0,0,0,0,1,4,9,2023,36
2023-09-09,Hospital_B,O_positive,31,34,984,31,0,0,0,1,0,1,5,9,2023,36
2023-09-10,Hospital_B,O_positive,27,24,981,27,0,0,0,1,0,1,6,9,2023,36
2023-09-11,Hospital_B,O_positive,29,31,983,29,0,0,0,0,0,1,0,9,2023,37
2023-09-12,Hospital_B,O_positive,39,53,997,39,0,0,0,0,0,1,1,9,2023,37
2023-09-13,Hospital_B,O_positive,47,45,995,47,0,0,0,0,0,1,2,9,2023,37
2023-09-14,Hospital_B,O_positive,40,34,989,40,0,0,0,0,0,1,3,9,2023,37
2023-09-15,Hospital_B,O_positive,35,43,997,35,0,0,0,0,0,1,4,9,2023,37
2023-09-16,Hospital_B,O_positive,22,32,1007,22,0,0,0,1,0,1,5,9,2023,37
2023-09-17,Hospital_B,O_positive,25,32,1014,25,0,0,0,1,0,1,6,9,2023,37
2023-09-18,Hospital_B,O_positive,33,37,1018,33,0,0,0,0,0,1,0,9,2023,38
2023-09-19,Hospital_B,O_positive,32,33,1019,32,0,0,0,0,0,1,1,9,2023,38
2023-09-20,Hospital_B,O_positive,38,36,1017,38,0,0,0,0,0,1,2,9,2023,38
2023-09-21,Hospital_B,O_positive,29,28,1016,29,0,0,0,0,0,1,3,9,2023,38
2023-09-22,Hospital_B,O_positive,36,50,1030,36,0,0,0,0,0,1,4,9,2023,38
2023-09-23,Hospital_B,O_positive,27,30,1033,27,0,0,0,1,0,1,5,9,2023,38
2023-09-24,Hospital_B,O_positive,21,25,1037,21,0,0,0,1,0,1,6,9,2023,38
2023-09-25,Hospital_B,O_positive,44,45,1038,44,0,0,0,0,0,1,0,9,2023,39
2023-09-26,Hospital_B,O_positive,40,42,1040,40,0,0,0,0,0,1,1,9,2023,39
2023-09-27,Hospital_B,O_positive,32,31,1039,32,0,0,0,0,0,1,2,9,2023,39
2023-09-28,Hospital_B,O_positive,46,42,1035,46,0,0,0,0,0,1,3,9,2023,39
2023-09-29,Hospital_B,O_positive,30,33,1038,30,0,0,0,0,0,1,4,9,2023,39
2023-09-30,Hospital_B,O_positive,30,38,1046,30,0,0,0,1,0,1,5,9,2023,39
2023-10-01,Hospital_B,O_positive,26,25,1045,26,0,0,0,1,0,1,6,10,2023,39
2023-10-02,Hospital_B,O_positive,24,21,1042,24,0,0,0,0,1,1,0,10,2023,40
2023-10-03,Hospital_B,O_positive,44,45,1043,44,0,2,0,0,0,1,1,10,2023,40
2023-10-04,Hospital_B,O_positive,28,33,1048,28,0,16,0,0,0,1,2,10,2023,40
2023-10-05,Hospital_B,O_positive,38,42,1052,38,0,0,0,0,0,1,3,10,2023,40
2023-10-06,Hospital_B,O_positive,39,49,1062,39,0,0,0,0,0,1,4,10,2023,40
2023-10-07,Hospital_B,O_positive,26,25,1061,26,0,93,0,1,0,1,5,10,2023,40
2023-10-08,Hospital_B,O_positive,32,24,1053,32,0,92,0,1,0,1,6,10,2023,40
2023-10-09,Hospital_B,O_positive,38,33,1048,38,0,54,0,0,0,1,0,10,2023,41
2023-10-10,Hospital_B,O_positive,30,37,1055,30,0,60,0,0,0,1,1,10,2023,41
2023-10-11,Hospital_B,O_positive,29,33,1059,29,0,93,0,0,0,1,2,10,2023,41
2023-10-12,Hospital_B,O_positive,39,45,1065,39,0,120,0,0,0,1,3,10,2023,41
2023-10-13,Hospital_B,O_positive,28,31,1068,28,0,179,0,0,0,1,4,10,2023,41
2023-10-14,Hospital_B,O_positive,29,28,1067,29,0,150,0,1,0,1,5,10,2023,41
2023-10-15,Hospital_B,O_positive,22,23,1068,22,0,178,0,1,0,1,6,10,2023,41
2023-10-16,Hospital_B,O_positive,45,38,1020,45,41,135,0,0,0,1,0,10,2023,42
2023-10-17,Hospital_B,O_positive,31,30,977,31,42,95,0,0,0,1,1,10,2023,42
2023-10-18,Hospital_B,O_positive,41,45,981,41,0,54,0,0,0,1,2,10,2023,42
2023-10-19,Hospital_B,O_positive,32,34,983,32,0,60,0,0,0,1,3,10,2023,42
2023-10-20,Hospital_B,O_positive,38,39,984,38,0,95,0,0,0,1,4,10,2023,42
2023-10-21,Hospital_B,O_positive,35,29,978,35,0,60,0,1,0,1,5,10,2023,42
2023-10-22,Hospital_B,O_positive,26,40,992,26,0,143,0,1,0,1,6,10,2023,42
2023-10-23,Hospital_B,O_positive,39,47,1000,39,0,135,0,0,0,1,0,10,2023,43
2023-10-24,Hospital_B,O_positive,37,34,997,37,0,147,0,0,0,1,1,10,2023,43
2023-10-25,Hospital_B,O_positive,39,48,1006,39,0,108,0,0,0,1,2,10,2023,43
2023-10-26,Hospital_B,O_positive,38,38,978,38,28,42,0,0,0,1,3,10,2023,43
2023-10-27,Hospital_B,O_positive,40,44,982,40,0,27,0,0,0,1,4,10,2023,43
2023-10-28,Hospital_B,O_positive,30,33,983,30,2,0,0,1,0,1,5,10,2023,43
2023-10-29,Hospital_B,O_positive,47,55,991,47,0,0,0,1,0,1,6,10,2023,43
2023-10-30,Hospital_B,O_positive,38,41,994,38,0,0,0,0,0,1,0,10,2023,44
2023-10-31,Hospital_B,O_positive,43,57,1008,43,0,0,0,0,0,1,1,10,2023,44
2023-11-01,Hospital_B,O_positive,25,29,1012,25,0,0,0,0,0,0,2,11,2023,44
2023-11-02,Hospital_B,O_positive,35,36,1013,35,0,0,0,0,0,0,3,11,2023,44
2023-11-03,Hospital_B,O_positive,30,36,1019,30,0,0,0,0,0,0,4,11,2023,44
2023-11-04,Hospital_B,O_positive,8,11,1022,8,0,0,0,1,0,0,5,11,2023,44
2023-11-05,Hospital_B,O_positive,29,32,1025,29,0,0,0,1,0,0,6,11,2023,44
2023-11-06,Hospital_B,O_positive,32,38,1031,32,0,0,0,0,0,0,0,11,2023,45
2023-11-07,Hospital_B,O_positive,38,44,1037,38,0,0,0,0,0,0,1,11,2023,45
2023-11-08,Hospital_B,O_positive,36,37,1038,36,0,0,0,0,0,0,2,11,2023,45
2023-11-09,Hospital_B,O_positive,34,39,1043,34,0,0,0,0,0,0,3,11,2023,45
2023-11-10,Hospital_B,O_positive,30,29,1042,30,0,0,0,0,0,0,4,11,2023,45
2023-11-11,Hospital_B,O_positive,26,32,1048,26,0,0,0,1,0,0,5,11,2023,45
2023-11-12,Hospital_B,O_positive,10,15,1053,10,0,0,0,1,1,0,6,11,2023,45
2023-11-13,Hospital_B,O_positive,43,45,1055,43,0,0,0,0,0,0,0,11,2023,46
2023-11-14,Hospital_B,O_positive,23,20,1052,23,0,0,0,0,0,0,1,11,2023,46
2023-11-15,Hospital_B,O_positive,28,25,1049,28,0,0,0,0,0,0,2,11,2023,46
2023-11-16,Hospital_B,O_positive,40,39,1048,40,0,0,0,0,0,0,3,11,2023,46
2023-11-17,Hospital_B,O_positive,23,26,1051,23,0,0,0,0,0,0,4,11,2023,46
2023-11-18,Hospital_B,O_positive,17,18,1052,17,0,0,0,1,0,0,5,11,2023,46
2023-11-19,Hospital_B,O_positive,17,20,1055,17,0,0,0,1,0,0,6,11,2023,46
2023-11-20,Hospital_B,O_positive,24,28,1059,24,0,13,0,0,0,0,0,11,2023,47
2023-11-21,Hospital_B,O_positive,22,33,1070,22,0,27,0,0,0,0,1,11,2023,47
2023-11-22,Hospital_B,O_positive,32,27,1065,32,0,84,0,0,0,0,2,11,2023,47
2023-11-23,Hospital_B,O_positive,33,30,1062,33,0,95,0,0,0,0,3,11,2023,47
2023-11-24,Hospital_B,O_positive,23,39,1078,23,0,146,0,0,0,0,4,11,2023,47
2023-11-25,Hospital_B,O_positive,19,21,1080,19,0,293,0,1,0,0,5,11,2023,47
2023-11-26,Hospital_B,O_positive,20,21,1072,20,9,264,0,1,0,0,6,11,2023,47
2023-11-27,Hospital_B,O_positive,37,44,1055,37,24,203,0,0,0,0,0,11,2023,48
2023-11-28,Hospital_B,O_positive,34,38,1022,34,37,244,0,0,0,0,1,11,2023,48
2023-11-29,Hospital_B,O_positive,32,44,902,32,132,149,0,0,0,0,2,11,2023,48
2023-11-30,Hospital_B,O_positive,28,32,906,28,0,121,0,0,0,0,3,11,2023,48
2023-12-01,Hospital_B,O_positive,26,30,910,26,0,95,0,0,0,0,4,12,2023,48
2023-12-02,Hospital_B,O_positive,20,23,887,20,26,93,0,1,0,0,5,12,2023,48
2023-12-03,Hospital_B,O_positive,18,14,834,18,49,59,0,1,0,0,6,12,2023,48
2023-12-04,Hospital_B,O_positive,32,35,837,32,0,42,0,0,0,0,0,12,2023,49
2023-12-05,Hospital_B,O_positive,27,26,836,27,0,80,0,0,0,0,1,12,2023,49
2023-12-06,Hospital_B,O_positive,32,35,839,32,0,48,0,0,0,0,2,12,2023,49
2023-12-07,Hospital_B,O_positive,28,34,845,28,0,49,0,0,0,0,3,12,2023,49
2023-12-08,Hospital_B,O_positive,31,32,846,31,0,18,0,0,0,0,4,12,2023,49
2023-12-09,Hospital_B,O_positive,20,25,851,20,0,30,0,1,0,0,5,12,2023,49
2023-12-10,Hospital_B,O_positive,16,15,850,16,0,14,0,1,0,0,6,12,2023,49
2023-12-11,Hospital_B,O_positive,31,32,851,31,0,73,0,0,0,0,0,12,2023,50
2023-12-12,Hospital_B,O_positive,31,25,845,31,0,42,0,0,0,0,1,12,2023,50
2023-12-13,Hospital_B,O_positive,21,27,851,21,0,21,0,0,0,0,2,12,2023,50
2023-12-14,Hospital_B,O_positive,30,35,856,30,0,36,0,0,0,0,3,12,2023,50
2023-12-15,Hospital_B,O_positive,29,37,864,29,0,7,0,0,0,0,4,12,2023,50
2023-12-16,Hospital_B,O_positive,21,18,861,21,0,25,0,1,0,0,5,12,2023,50
2023-12-17,Hospital_B,O_positive,16,12,857,16,0,37,0,1,0,0,6,12,2023,50
2023-12-18,Hospital_B,O_positive,28,31,860,28,0,30,0,0,0,0,0,12,2023,51
2023-12-19,Hospital_B,O_positive,33,31,858,33,0,40,0,0,0,0,1,12,2023,51
2023-12-20,Hospital_B,O_positive,32,39,865,32,0,47,0,0,0,0,2,12,2023,51
2023-12-21,Hospital_B,O_positive,23,18,860,23,0,49,0,0,0,0,3,12,2023,51
2023-12-22,Hospital_B,O_positive,28,45,877,28,0,21,0,0,0,0,4,12,2023,51
2023-12-23,Hospital_B,O_positive,29,37,885,29,0,43,0,1,0,0,5,12,2023,51
2023-12-24,Hospital_B,O_positive,14,9,880,14,0,29,0,1,0,0,6,12,2023,51
2023-12-25,Hospital_B,O_positive,17,17,880,17,0,12,0,0,1,0,0,12,2023,52
2023-12-26,Hospital_B,O_positive,14,12,878,14,0,53,0,0,0,0,1,12,2023,52
2023-12-27,Hospital_B,O_positive,32,42,888,32,0,59,0,0,0,0,2,12,2023,52
2023-12-28,Hospital_B,O_positive,29,33,892,29,0,96,0,0,0,0,3,12,2023,52
2023-12-29,Hospital_B,O_positive,29,27,890,29,0,81,0,0,0,0,4,12,2023,52
2023-12-30,Hospital_B,O_positive,25,26,891,25,0,88,0,1,0,0,5,12,2023,52
2023-12-31,Hospital_B,O_positive,19,19,891,19,0,90,0,1,0,0,6,12,2023,52
2021-01-01,Hospital_B,O_negative,10,9,94,10,0,0,0,0,0,0,4,1,2021,53
2021-01-02,Hospital_B,O_negative,10,12,96,10,0,0,0,1,0,0,5,1,2021,53
2021-01-03,Hospital_B,O_negative,9,6,93,9,0,0,0,1,0,0,6,1,2021,53
2021-01-04,Hospital_B,O_negative,12,8,89,12,0,0,0,0,0,0,0,1,2021,1
2021-01-05,Hospital_B,O_negative,10,11,90,10,0,0,0,0,0,0,1,1,2021,1
2021-01-06,Hospital_B,O_negative,10,9,89,10,0,0,0,0,0,0,2,1,2021,1
2021-01-07,Hospital_B,O_negative,14,17,92,14,0,0,0,0,0,0,3,1,2021,1
2021-01-08,Hospital_B,O_negative,11,17,98,11,0,0,0,0,0,0,4,1,2021,1
2021-01-09,Hospital_B,O_negative,7,7,98,7,0,0,0,1,0,0,5,1,2021,1
2021-01-10,Hospital_B,O_negative,5,2,95,5,0,0,0,1,0,0,6,1,2021,1
2021-01-11,Hospital_B,O_negative,9,7,93,9,0,0,0,0,0,0,0,1,2021,2
2021-01-12,Hospital_B,O_negative,9,14,98,9,0,0,0,0,0,0,1,1,2021,2
2021-01-13,Hospital_B,O_negative,12,17,103,12,0,0,0,0,0,0,2,1,2021,2
2021-01-14,Hospital_B,O_negative,11,14,106,11,0,0,0,0,0,0,3,1,2021,2
2021-01-15,Hospital_B,O_negative,15,15,106,15,0,0,0,0,0,0,4,1,2021,2
2021-01-16,Hospital_B,O_negative,8,8,106,8,0,0,0,1,0,0,5,1,2021,2
2021-01-17,Hospital_B,O_negative,8,7,105,8,0,0,0,1,0,0,6,1,2021,2
2021-01-18,Hospital_B,O_negative,12,12,105,12,0,0,0,0,0,0,0,1,2021,3
2021-01-19,Hospital_B,O_negative,9,5,101,9,0,0,0,0,0,0,1,1,2021,3
2021-01-20,Hospital_B,O_negative,8,11,104,8,0,0,0,0,0,0,2,1,2021,3
2021-01-21,Hospital_B,O_negative,26,25,103,26,0,0,0,0,0,0,3,1,2021,3
2021-01-22,Hospital_B,O_negative,27,29,105,27,0,0,0,0,0,0,4,1,2021,3
2021-01-23,Hospital_B,O_negative,10,7,102,10,0,0,0,1,0,0,5,1,2021,3
2021-01-24,Hospital_B,O_negative,6,9,105,6,0,0,0,1,0,0,6,1,2021,3
2021-01-25,Hospital_B,O_negative,14,12,103,14,0,0,0,0,0,0,0,1,2021,4
2021-01-26,Hospital_B,O_negative,5,3,101,5,0,0,0,0,1,0,1,1,2021,4
2021-01-27,Hospital_B,O_negative,6,8,103,6,0,0,0,0,0,0,2,1,2021,4
2021-01-28,Hospital_B,O_negative,15,16,104,15,0,0,0,0,0,0,3,1,2021,4
2021-01-29,Hospital_B,O_negative,10,14,108,10,0,0,0,0,0,0,4,1,2021,4
2021-01-30,Hospital_B,O_negative,6,7,109,6,0,0,0,1,0,0,5,1,2021,4
2021-01-31,Hospital_B,O_negative,9,9,109,9,0,0,0,1,0,0,6,1,2021,4
2021-02-01,Hospital_B,O_negative,12,18,115,12,0,0,0,0,0,0,0,2,2021,5
2021-02-02,Hospital_B,O_negative,6,4,113,6,0,0,0,0,0,0,1,2,2021,5
2021-02-03,Hospital_B,O_negative,14,14,113,14,0,0,0,0,0,0,2,2,2021,5
2021-02-04,Hospital_B,O_negative,10,5,108,10,0,0,0,0,0,0,3,2,2021,5
2021-02-05,Hospital_B,O_negative,11,10,107,11,0,0,0,0,0,0,4,2,2021,5
2021-02-06,Hospital_B,O_negative,13,17,111,13,0,0,0,1,0,0,5,2,2021,5
2021-02-07,Hospital_B,O_negative,5,8,114,5,0,0,0,1,0,0,6,2,2021,5
2021-02-08,Hospital_B,O_negative,13,11,112,13,0,0,0,0,0,0,0,2,2021,6
2021-02-09,Hospital_B,O_negative,11,13,114,11,0,0,0,0,0,0,1,2,2021,6
2021-02-10,Hospital_B,O_negative,11,9,112,11,0,0,0,0,0,0,2,2,2021,6
2021-02-11,Hospital_B,O_negative,12,17,117,12,0,0,0,0,0,0,3,2,2021,6
2021-02-12,Hospital_B,O_negative,12,13,118,12,0,0,0,0,0,0,4,2,2021,6
2021-02-13,Hospital_B,O_negative,13,12,117,13,0,0,0,1,0,0,5,2,2021,6
2021-02-14,Hospital_B,O_negative,9,4,112,9,0,0,0,1,0,0,6,2,2021,6
2021-02-15,Hospital_B,O_negative,12,8,108,12,0,0,0,0,0,0,0,2,2021,7
2021-02-16,Hospital_B,O_negative,10,9,107,10,0,0,0,0,0,0,1,2,2021,7
2021-02-17,Hospital_B,O_negative,10,9,106,10,0,0,0,0,0,0,2,2,2021,7
2021-02-18,Hospital_B,O_negative,15,20,111,15,0,0,0,0,0,0,3,2,2021,7
2021-02-19,Hospital_B,O_negative,13,17,115,13,0,0,0,0,0,0,4,2,2021,7
2021-02-20,Hospital_B,O_negative,8,12,119,8,0,0,0,1,0,0,5,2,2021,7
2021-02-21,Hospital_B,O_negative,5,8,122,5,0,0,0,1,0,0,6,2,2021,7
2021-02-22,Hospital_B,O_negative,9,9,122,9,0,0,0,0,0,0,0,2,2021,8
2021-02-23,Hospital_B,O_negative,10,6,118,10,0,0,0,0,0,0,1,2,2021,8
2021-02-24,Hospital_B,O_negative,9,9,118,9,0,0,0,0,0,0,2,2,2021,8
2021-02-25,Hospital_B,O_negative,16,11,113,16,0,0,0,0,0,0,3,2,2021,8
2021-02-26,Hospital_B,O_negative,12,17,118,12,0,0,0,0,0,0,4,2,2021,8
2021-02-27,Hospital_B,O_negative,6,4,116,6,0,0,0,1,0,0,5,2,2021,8
2021-02-28,Hospital_B,O_negative,7,7,116,7,0,0,0,1,0,0,6,2,2021,8
2021-03-01,Hospital_B,O_negative,9,8,115,9,0,0,0,0,0,0,0,3,2021,9
2021-03-02,Hospital_B,O_negative,20,18,113,20,0,0,0,0,0,0,1,3,2021,9
2021-03-03,Hospital_B,O_negative,7,7,113,7,0,0,0,0,0,0,2,3,2021,9
2021-03-04,Hospital_B,O_negative,16,30,127,16,0,0,0,0,0,0,3,3,2021,9
2021-03-05,Hospital_B,O_negative,10,15,132,10,0,0,0,0,0,0,4,3,2021,9
2021-03-06,Hospital_B,O_negative,9,6,129,9,0,0,0,1,0,0,5,3,2021,9
2021-03-07,Hospital_B,O_negative,10,11,130,10,0,0,0,1,0,0,6,3,2021,9
2021-03-08,Hospital_B,O_negative,16,11,125,16,0,0,0,0,0,0,0,3,2021,10
2021-03-09,Hospital_B,O_negative,9,10,126,9,0,0,0,0,0,0,1,3,2021,10
2021-03-10,Hospital_B,O_negative,15,14,125,15,0,0,0,0,0,0,2,3,2021,10
2021-03-11,Hospital_B,O_negative,12,13,126,12,0,0,0,0,0,0,3,3,2021,10
2021-03-12,Hospital_B,O_negative,13,17,130,13,0,0,0,0,0,0,4,3,2021,10
2021-03-13,Hospital_B,O_negative,6,4,128,6,0,0,0,1,0,0,5,3,2021,10
2021-03-14,Hospital_B,O_negative,8,6,126,8,0,0,0,1,0,0,6,3,2021,10
2021-03-15,Hospital_B,O_negative,13,12,125,13,0,0,0,0,0,0,0,3,2021,11
2021-03-16,Hospital_B,O_negative,9,3,119,9,0,0,0,0,0,0,1,3,2021,11
2021-03-17,Hospital_B,O_negative,29,28,118,29,0,0,0,0,0,0,2,3,2021,11
2021-03-18,Hospital_B,O_negative,12,11,117,12,0,0,0,0,0,0,3,3,2021,11
2021-03-19,Hospital_B,O_negative,10,16,123,10,0,0,0,0,0,0,4,3,2021,11
2021-03-20,Hospital_B,O_negative,9,5,119,9,0,0,0,1,0,0,5,3,2021,11
2021-03-21,Hospital_B,O_negative,10,10,119,10,0,0,0,1,0,0,6,3,2021,11
2021-03-22,Hospital_B,O_negative,11,12,120,11,0,0,0,0,0,0,0,3,2021,12
2021-03-23,Hospital_B,O_negative,7,5,118,7,0,0,0,0,0,0,1,3,2021,12
2021-03-24,Hospital_B,O_negative,9,6,115,9,0,0,0,0,0,0,2,3,2021,12
2021-03-25,Hospital_B,O_negative,13,12,114,13,0,0,0,0,0,0,3,3,2021,12
2021-03-26,Hospital_B,O_negative,13,14,115,13,0,0,0,0,0,0,4,3,2021,12
2021-03-27,Hospital_B,O_negative,16,22,121,16,0,0,0,1,0,0,5,3,2021,12
2021-03-28,Hospital_B,O_negative,7,5,119,7,0,0,0,1,0,0,6,3,2021,12
2021-03-29,Hospital_B,O_negative,7,6,118,7,0,0,0,0,1,0,0,3,2021,13
2021-03-30,Hospital_B,O_negative,17,20,121,17,0,0,0,0,0,0,1,3,2021,13
2021-03-31,Hospital_B,O_negative,8,6,119,8,0,0,0,0,0,0,2,3,2021,13
2021-04-01,Hospital_B,O_negative,8,12,123,8,0,0,0,0,0,0,3,4,2021,13
2021-04-02,Hospital_B,O_negative,7,7,123,7,0,0,0,0,0,0,4,4,2021,13
2021-04-03,Hospital_B,O_negative,10,11,124,10,0,0,0,1,0,0,5,4,2021,13
2021-04-04,Hospital_B,O_negative,18,22,128,18,0,0,0,1,0,0,6,4,2021,13
2021-04-05,Hospital_B,O_negative,15,13,126,15,0,0,0,0,0,0,0,4,2021,14
2021-04-06,Hospital_B,O_negative,11,12,127,11,0,0,0,0,0,0,1,4,2021,14
2021-04-07,Hospital_B,O_negative,8,8,127,8,0,0,0,0,0,0,2,4,2021,14
2021-04-08,Hospital_B,O_negative,10,7,124,10,0,0,0,0,0,0,3,4,2021,14
2021-04-09,Hospital_B,O_negative,9,12,127,9,0,0,0,0,0,0,4,4,2021,14
2021-04-10,Hospital_B,O_negative,7,7,127,7,0,0,0,1,0,0,5,4,2021,14
2021-04-11,Hospital_B,O_negative,9,11,129,9,0,0,0,1,0,0,6,4,2021,14
2021-04-12,Hospital_B,O_negative,9,5,125,9,0,0,0,0,0,0,0,4,2021,15
2021-04-13,Hospital_B,O_negative,8,9,126,8,0,0,0,0,0,0,1,4,2021,15
2021-04-14,Hospital_B,O_negative,12,11,125,12,0,0,0,0,0,0,2,4,2021,15
2021-04-15,Hospital_B,O_negative,13,7,119,13,0,0,0,0,0,0,3,4,2021,15
2021-04-16,Hospital_B,O_negative,17,19,121,17,0,0,0,0,0,0,4,4,2021,15
2021-04-17,Hospital_B,O_negative,6,8,123,6,0,0,0,1,0,0,5,4,2021,15
2021-04-18,Hospital_B,O_negative,10,13,126,10,0,0,0,1,0,0,6,4,2021,15
2021-04-19,Hospital_B,O_negative,12,12,126,12,0,0,0,0,0,0,0,4,2021,16
2021-04-20,Hospital_B,O_negative,7,7,126,7,0,0,0,0,0,0,1,4,2021,16
2021-04-21,Hospital_B,O_negative,18,20,128,18,0,0,0,0,0,0,2,4,2021,16
2021-04-22,Hospital_B,O_negative,24,23,127,24,0,0,0,0,0,0,3,4,2021,16
2021-04-23,Hospital_B,O_negative,25,25,127,25,0,0,0,0,0,0,4,4,2021,16
2021-04-24,Hospital_B,O_negative,9,10,128,9,0,0,0,1,0,0,5,4,2021,16
2021-04-25,Hospital_B,O_negative,6,10,132,6,0,0,0,1,0,0,6,4,2021,16
2021-04-26,Hospital_B,O_negative,19,19,132,19,0,0,0,0,0,0,0,4,2021,17
2021-04-27,Hospital_B,O_negative,10,7,129,10,0,0,0,0,0,0,1,4,2021,17
2021-04-28,Hospital_B,O_negative,12,15,132,12,0,0,0,0,0,0,2,4,2021,17
2021-04-29,Hospital_B,O_negative,8,6,130,8,0,0,0,0,0,0,3,4,2021,17
2021-04-30,Hospital_B,O_negative,11,12,131,11,0,0,0,0,0,0,4,4,2021,17
2021-05-01,Hospital_B,O_negative,5,3,129,5,0,0,0,1,0,0,5,5,2021,17
2021-05-02,Hospital_B,O_negative,9,12,132,9,0,0,0,1,0,0,6,5,2021,17
2021-05-03,Hospital_B,O_negative,10,6,128,10,0,0,0,0,0,0,0,5,2021,18
2021-05-04,Hospital_B,O_negative,11,9,126,11,0,0,0,0,0,0,1,5,2021,18
2021-05-05,Hospital_B,O_negative,3,5,128,3,0,0,0,0,0,0,2,5,2021,18
2021-05-06,Hospital_B,O_negative,15,11,124,15,0,0,0,0,0,0,3,5,2021,18
2021-05-07,Hospital_B,O_negative,17,25,132,17,0,0,0,0,0,0,4,5,2021,18
2021-05-08,Hospital_B,O_negative,7,6,131,7,0,0,0,1,0,0,5,5,2021,18
2021-05-09,Hospital_B,O_negative,10,22,143,10,0,0,0,1,0,0,6,5,2021,18
2021-05-10,Hospital_B,O_negative,13,11,141,13,0,0,0,0,0,0,0,5,2021,19
2021-05-11,Hospital_B,O_negative,11,10,140,11,0,0,0,0,0,0,1,5,2021,19
2021-05-12,Hospital_B,O_negative,18,13,135,18,0,0,0,0,0,0,2,5,2021,19
2021-05-13,Hospital_B,O_negative,16,27,146,16,0,0,0,0,0,0,3,5,2021,19
2021-05-14,Hospital_B,O_negative,12,18,152,12,0,0,0,0,0,0,4,5,2021,19
2021-05-15,Hospital_B,O_negative,9,14,157,9,0,0,0,1,0,0,5,5,2021,19
2021-05-16,Hospital_B,O_negative,12,12,157,12,0,0,0,1,0,0,6,5,2021,19
2021-05-17,Hospital_B,O_negative,14,13,156,14,0,0,0,0,0,0,0,5,2021,20
2021-05-18,Hospital_B,O_negative,15,24,165,15,0,0,0,0,0,0,1,5,2021,20
2021-05-19,Hospital_B,O_negative,18,20,167,18,0,0,0,0,0,0,2,5,2021,20
2021-05-20,Hospital_B,O_negative,17,23,173,17,0,0,0,0,0,0,3,5,2021,20
2021-05-21,Hospital_B,O_negative,19,17,171,19,0,0,0,0,0,0,4,5,2021,20
2021-05-22,Hospital_B,O_negative,10,9,170,10,0,0,0,1,0,0,5,5,2021,20
2021-05-23,Hospital_B,O_negative,11,7,166,11,0,0,0,1,0,0,6,5,2021,20
2021-05-24,Hospital_B,O_negative,18,19,167,18,0,0,0,0,0,0,0,5,2021,21
2021-05-25,Hospital_B,O_negative,7,9,169,7,0,0,0,0,0,0,1,5,2021,21
2021-05-26,Hospital_B,O_negative,9,8,168,9,0,0,0,0,0,0,2,5,2021,21
2021-05-27,Hospital_B,O_negative,9,8,167,9,0,0,0,0,0,0,3,5,2021,21
2021-05-28,Hospital_B,O_negative,7,7,167,7,0,0,0,0,0,0,4,5,2021,21
2021-05-29,Hospital_B,O_negative,18,26,175,18,0,0,0,1,0,0,5,5,2021,21
2021-05-30,Hospital_B,O_negative,9,13,179,9,0,0,0,1,0,0,6,5,2021,21
2021-05-31,Hospital_B,O_negative,13,21,187,13,0,0,0,0,0,0,0,5,2021,22
2021-06-01,Hospital_B,O_negative,9,12,190,9,0,0,0,0,0,0,1,6,2021,22
2021-06-02,Hospital_B,O_negative,12,19,197,12,0,0,0,0,0,0,2,6,2021,22
2021-06-03,Hospital_B,O_negative,12,16,201,12,0,0,0,0,0,0,3,6,2021,22
2021-06-04,Hospital_B,O_negative,14,17,204,14,0,0,0,0,0,0,4,6,2021,22
2021-06-05,Hospital_B,O_negative,8,6,202,8,0,0,0,1,0,0,5,6,2021,22
2021-06-06,Hospital_B,O_negative,13,12,201,13,0,0,0,1,0,0,6,6,2021,22
2021-06-07,Hospital_B,O_negative,15,18,204,15,0,0,0,0,0,0,0,6,2021,23
2021-06-08,Hospital_B,O_negative,7,5,202,7,0,0,0,0,0,0,1,6,2021,23
2021-06-09,Hospital_B,O_negative,8,8,202,8,0,0,0,0,0,0,2,6,2021,23
2021-06-10,Hospital_B,O_negative,7,7,202,7,0,0,0,0,0,0,3,6,2021,23
2021-06-11,Hospital_B,O_negative,14,22,210,14,0,0,0,0,0,0,4,6,2021,23
2021-06-12,Hospital_B,O_negative,13,9,206,13,0,0,0,1,0,0,5,6,2021,23
2021-06-13,Hospital_B,O_negative,11,10,205,11,0,0,0,1,0,0,6,6,2021,23
2021-06-14,Hospital_B,O_negative,17,15,203,17,0,0,0,0,0,0,0,6,2021,24
2021-06-15,Hospital_B,O_negative,10,6,199,10,0,0,0,0,0,0,1,6,2021,24
2021-06-16,Hospital_B,O_negative,9,7,197,9,0,0,0,0,0,0,2,6,2021,24
2021-06-17,Hospital_B,O_negative,17,17,197,17,0,0,0,0,0,0,3,6,2021,24
2021-06-18,Hospital_B,O_negative,10,10,197,10,0,0,0,0,0,0,4,6,2021,24
2021-06-19,Hospital_B,O_negative,7,10,200,7,0,0,0,1,0,0,5,6,2021,24
2021-06-20,Hospital_B,O_negative,11,12,201,11,0,0,0,1,0,0,6,6,2021,24
2021-06-21,Hospital_B,O_negative,17,22,206,17,0,0,0,0,0,0,0,6,2021,25
2021-06-22,Hospital_B,O_negative,8,13,211,8,0,0,0,0,0,0,1,6,2021,25
2021-06-23,Hospital_B,O_negative,24,20,207,24,0,0,0,0,0,0,2,6,2021,25
2021-06-24,Hospital_B,O_negative,12,7,202,12,0,0,0,0,0,0,3,6,2021,25
2021-06-25,Hospital_B,O_negative,13,15,204,13,0,0,0,0,0,0,4,6,2021,25
2021-06-26,Hospital_B,O_negative,5,9,208,5,0,0,0,1,0,0,5,6,2021,25
2021-06-27,Hospital_B,O_negative,6,10,212,6,0,0,0,1,0,0,6,6,2021,25
2021-06-28,Hospital_B,O_negative,16,13,209,16,0,0,0,0,0,0,0,6,2021,26
2021-06-29,Hospital_B,O_negative,10,16,215,10,0,0,0,0,0,0,1,6,2021,26
2021-06-30,Hospital_B,O_negative,13,10,212,13,0,0,0,0,0,0,2,6,2021,26
2021-07-01,Hospital_B,O_negative,13,21,220,13,0,0,0,0,0,1,3,7,2021,26
2021-07-02,Hospital_B,O_negative,12,22,230,12,0,0,0,0,0,1,4,7,2021,26
2021-07-03,Hospital_B,O_negative,8,5,227,8,0,0,0,1,0,1,5,7,2021,26
2021-07-04,Hospital_B,O_negative,9,15,233,9,0,0,0,1,0,1,6,7,2021,26
2021-07-05,Hospital_B,O_negative,27,38,244,27,0,0,0,0,0,1,0,7,2021,27
2021-07-06,Hospital_B,O_negative,13,13,244,13,0,0,0,0,0,1,1,7,2021,27
2021-07-07,Hospital_B,O_negative,18,20,246,18,0,0,0,0,0,1,2,7,2021,27
2021-07-08,Hospital_B,O_negative,15,10,241,15,0,0,0,0,0,1,3,7,2021,27
2021-07-09,Hospital_B,O_negative,11,10,240,11,0,0,0,0,0,1,4,7,2021,27
2021-07-10,Hospital_B,O_negative,8,11,243,8,0,0,0,1,0,1,5,7,2021,27
2021-07-11,Hospital_B,O_negative,23,24,244,23,0,0,0,1,0,1,6,7,2021,27
2021-07-12,Hospital_B,O_negative,13,10,241,13,0,0,0,0,0,1,0,7,2021,28
2021-07-13,Hospital_B,O_negative,10,10,241,10,0,0,0,0,0,1,1,7,2021,28
2021-07-14,Hospital_B,O_negative,14,17,244,14,0,0,0,0,0,1,2,7,2021,28
2021-07-15,Hospital_B,O_negative,16,13,241,16,0,0,0,0,0,1,3,7,2021,28
2021-07-16,Hospital_B,O_negative,13,15,243,13,0,0,0,0,0,1,4,7,2021,28
2021-07-17,Hospital_B,O_negative,3,5,245,3,0,0,0,1,0,1,5,7,2021,28
2021-07-18,Hospital_B,O_negative,11,15,249,11,0,0,0,1,0,1,6,7,2021,28
2021-07-19,Hospital_B,O_negative,15,15,249,15,0,0,0,0,0,1,0,7,2021,29
2021-07-20,Hospital_B,O_negative,13,19,255,13,0,0,0,0,0,1,1,7,2021,29
2021-07-21,Hospital_B,O_negative,12,9,252,12,0,0,0,0,0,1,2,7,2021,29
2021-07-22,Hospital_B,O_negative,8,12,256,8,0,0,0,0,0,1,3,7,2021,29
2021-07-23,Hospital_B,O_negative,8,5,253,8,0,0,0,0,0,1,4,7,2021,29
2021-07-24,Hospital_B,O_negative,7,5,251,7,0,0,0,1,0,1,5,7,2021,29
2021-07-25,Hospital_B,O_negative,9,16,258,9,0,0,0,1,0,1,6,7,2021,29
2021-07-26,Hospital_B,O_negative,17,16,257,17,0,0,0,0,0,1,0,7,2021,30
2021-07-27,Hospital_B,O_negative,11,13,259,11,0,0,0,0,0,1,1,7,2021,30
2021-07-28,Hospital_B,O_negative,8,10,261,8,0,0,0,0,0,1,2,7,2021,30
2021-07-29,Hospital_B,O_negative,16,20,265,16,0,0,0,0,0,1,3,7,2021,30
2021-07-30,Hospital_B,O_negative,5,8,268,5,0,0,0,0,0,1,4,7,2021,30
2021-07-31,Hospital_B,O_negative,7,11,272,7,0,0,0,1,0,1,5,7,2021,30
2021-08-01,Hospital_B,O_negative,7,4,269,7,0,0,0,1,0,1,6,8,2021,30
2021-08-02,Hospital_B,O_negative,7,4,266,7,0,0,0,0,0,1,0,8,2021,31
2021-08-03,Hospital_B,O_negative,25,27,268,25,0,0,0,0,0,1,1,8,2021,31
2021-08-04,Hospital_B,O_negative,7,7,268,7,0,0,0,0,0,1,2,8,2021,31
2021-08-05,Hospital_B,O_negative,6,6,268,6,0,0,0,0,0,1,3,8,2021,31
2021-08-06,Hospital_B,O_negative,10,12,270,10,0,0,0,0,0,1,4,8,2021,31
2021-08-07,Hospital_B,O_negative,8,6,268,8,0,0,0,1,0,1,5,8,2021,31
2021-08-08,Hospital_B,O_negative,9,9,268,9,0,0,0,1,0,1,6,8,2021,31
2021-08-09,Hospital_B,O_negative,10,12,270,10,0,0,0,0,0,1,0,8,2021,32
2021-08-10,Hospital_B,O_negative,11,14,273,11,0,0,0,0,0,1,1,8,2021,32
2021-08-11,Hospital_B,O_negative,13,19,279,13,0,0,0,0,0,1,2,8,2021,32
2021-08-12,Hospital_B,O_negative,13,16,282,13,0,0,0,0,0,1,3,8,2021,32
2021-08-13,Hospital_B,O_negative,10,10,282,10,0,0,0,0,0,1,4,8,2021,32
2021-08-14,Hospital_B,O_negative,5,5,282,5,0,0,0,1,0,1,5,8,2021,32
2021-08-15,Hospital_B,O_negative,7,9,284,7,0,0,0,1,1,1,6,8,2021,32
2021-08-16,Hospital_B,O_negative,15,17,286,15,0,0,0,0,0,1,0,8,2021,33
2021-08-17,Hospital_B,O_negative,11,9,284,11,0,0,0,0,0,1,1,8,2021,33
2021-08-18,Hospital_B,O_negative,19,27,292,19,0,0,0,0,0,1,2,8,2021,33
2021-08-19,Hospital_B,O_negative,14,16,294,14,0,0,0,0,0,1,3,8,2021,33
2021-08-20,Hospital_B,O_negative,16,13,291,16,0,0,0,0,0,1,4,8,2021,33
2021-08-21,Hospital_B,O_negative,7,6,290,7,0,0,0,1,0,1,5,8,2021,33
2021-08-22,Hospital_B,O_negative,7,5,288,7,0,0,0,1,0,1,6,8,2021,33
2021-08-23,Hospital_B,O_negative,13,14,289,13,0,0,0,0,0,1,0,8,2021,34
2021-08-24,Hospital_B,O_negative,13,16,292,13,0,0,0,0,0,1,1,8,2021,34
2021-08-25,Hospital_B,O_negative,16,18,294,16,0,0,0,0,0,1,2,8,2021,34
2021-08-26,Hospital_B,O_negative,17,18,295,17,0,0,0,0,0,1,3,8,2021,34
2021-08-27,Hospital_B,O_negative,6,9,298,6,0,0,0,0,0,1,4,8,2021,34
2021-08-28,Hospital_B,O_negative,2,5,301,2,0,0,0,1,0,1,5,8,2021,34
2021-08-29,Hospital_B,O_negative,14,14,301,14,0,0,0,1,0,1,6,8,2021,34
2021-08-30,Hospital_B,O_negative,12,15,304,12,0,0,0,0,0,1,0,8,2021,35
2021-08-31,Hospital_B,O_negative,11,8,301,11,0,0,0,0,0,1,1,8,2021,35
2021-09-01,Hospital_B,O_negative,18,23,306,18,0,0,0,0,0,1,2,9,2021,35
2021-09-02,Hospital_B,O_negative,14,14,306,14,0,0,0,0,0,1,3,9,2021,35
2021-09-03,Hospital_B,O_negative,11,7,302,11,0,0,0,0,0,1,4,9,2021,35
2021-09-04,Hospital_B,O_negative,4,7,305,4,0,0,0,1,0,1,5,9,2021,35
2021-09-05,Hospital_B,O_negative,6,5,304,6,0,0,0,1,0,1,6,9,2021,35
2021-09-06,Hospital_B,O_negative,16,25,313,16,0,0,0,0,0,1,0,9,2021,36
2021-09-07,Hospital_B,O_negative,16,16,313,16,0,0,0,0,0,1,1,9,2021,36
2021-09-08,Hospital_B,O_negative,10,16,319,10,0,0,0,0,0,1,2,9,2021,36
2021-09-09,Hospital_B,O_negative,11,12,320,11,0,0,0,0,0,1,3,9,2021,36
2021-09-10,Hospital_B,O_negative,9,15,326,9,0,0,0,0,0,1,4,9,2021,36
2021-09-11,Hospital_B,O_negative,7,8,327,7,0,0,0,1,0,1,5,9,2021,36
2021-09-12,Hospital_B,O_negative,11,16,332,11,0,0,0,1,0,1,6,9,2021,36
2021-09-13,Hospital_B,O_negative,16,25,341,16,0,0,0,0,0,1,0,9,2021,37
2021-09-14,Hospital_B,O_negative,13,17,345,13,0,0,0,0,0,1,1,9,2021,37
2021-09-15,Hospital_B,O_negative,9,10,346,9,0,0,0,0,0,1,2,9,2021,37
2021-09-16,Hospital_B,O_negative,14,16,348,14,0,0,0,0,0,1,3,9,2021,37
2021-09-17,Hospital_B,O_negative,9,12,351,9,0,0,0,0,0,1,4,9,2021,37
2021-09-18,Hospital_B,O_negative,11,12,352,11,0,0,0,1,0,1,5,9,2021,37
2021-09-19,Hospital_B,O_negative,16,26,362,16,0,0,0,1,0,1,6,9,2021,37
2021-09-20,Hospital_B,O_negative,21,21,362,21,0,0,0,0,0,1,0,9,2021,38
2021-09-21,Hospital_B,O_negative,11,8,359,11,0,0,0,0,0,1,1,9,2021,38
2021-09-22,Hospital_B,O_negative,17,18,360,17,0,0,0,0,0,1,2,9,2021,38
2021-09-23,Hospital_B,O_negative,13,17,364,13,0,0,0,0,0,1,3,9,2021,38
2021-09-24,Hospital_B,O_negative,18,14,360,18,0,0,0,0,0,1,4,9,2021,38
2021-09-25,Hospital_B,O_negative,9,14,365,9,0,0,0,1,0,1,5,9,2021,38
2021-09-26,Hospital_B,O_negative,7,4,362,7,0,0,0,1,0,1,6,9,2021,38
2021-09-27,Hospital_B,O_negative,12,13,363,12,0,0,0,0,0,1,0,9,2021,39
2021-09-28,Hospital_B,O_negative,24,30,369,24,0,0,0,0,0,1,1,9,2021,39
2021-09-29,Hospital_B,O_negative,21,22,370,21,0,0,0,0,0,1,2,9,2021,39
2021-09-30,Hospital_B,O_negative,13,13,370,13,0,0,0,0,0,1,3,9,2021,39
2021-10-01,Hospital_B,O_negative,8,7,369,8,0,0,0,0,0,1,4,10,2021,39
2021-10-02,Hospital_B,O_negative,13,20,376,13,0,0,0,1,1,1,5,10,2021,39
2021-10-03,Hospital_B,O_negative,5,9,380,5,0,0,0,1,0,1,6,10,2021,39
2021-10-04,Hospital_B,O_negative,16,15,379,16,0,0,0,0,0,1,0,10,2021,40
2021-10-05,Hospital_B,O_negative,4,2,377,4,0,0,0,0,0,1,1,10,2021,40
2021-10-06,Hospital_B,O_negative,8,6,375,8,0,0,0,0,0,1,2,10,2021,40
2021-10-07,Hospital_B,O_negative,10,9,374,10,0,0,0,0,0,1,3,10,2021,40
2021-10-08,Hospital_B,O_negative,5,7,376,5,0,0,0,0,0,1,4,10,2021,40
2021-10-09,Hospital_B,O_negative,15,22,383,15,0,0,0,1,0,1,5,10,2021,40
2021-10-10,Hospital_B,O_negative,6,5,382,6,0,0,0,1,0,1,6,10,2021,40
2021-10-11,Hospital_B,O_negative,28,28,382,28,0,0,0,0,0,1,0,10,2021,41
2021-10-12,Hospital_B,O_negative,14,22,390,14,0,14,0,0,0,1,1,10,2021,41
2021-10-13,Hospital_B,O_negative,12,18,396,12,0,12,0,0,0,1,2,10,2021,41
2021-10-14,Hospital_B,O_negative,10,12,398,10,0,2,0,0,0,1,3,10,2021,41
2021-10-15,Hospital_B,O_negative,9,12,401,9,0,0,0,0,0,1,4,10,2021,41
2021-10-16,Hospital_B,O_negative,11,13,403,11,0,8,0,1,0,1,5,10,2021,41
2021-10-17,Hospital_B,O_negative,13,9,399,13,0,0,0,1,0,1,6,10,2021,41
2021-10-18,Hospital_B,O_negative,11,14,402,11,0,0,0,0,0,1,0,10,2021,42
2021-10-19,Hospital_B,O_negative,13,10,399,13,0,0,0,0,0,1,1,10,2021,42
2021-10-20,Hospital_B,O_negative,13,9,395,13,0,0,0,0,0,1,2,10,2021,42
2021-10-21,Hospital_B,O_negative,9,4,390,9,0,0,0,0,0,1,3,10,2021,42
2021-10-22,Hospital_B,O_negative,14,17,393,14,0,0,0,0,0,1,4,10,2021,42
2021-10-23,Hospital_B,O_negative,6,11,398,6,0,0,0,1,0,1,5,10,2021,42
2021-10-24,Hospital_B,O_negative,10,8,396,10,0,13,0,1,0,1,6,10,2021,42
2021-10-25,Hospital_B,O_negative,11,11,396,11,0,29,0,0,0,1,0,10,2021,43
2021-10-26,Hospital_B,O_negative,12,8,392,12,0,17,0,0,0,1,1,10,2021,43
2021-10-27,Hospital_B,O_negative,17,26,401,17,0,21,0,0,0,1,2,10,2021,43
2021-10-28,Hospital_B,O_negative,8,5,398,8,0,52,0,0,0,1,3,10,2021,43
2021-10-29,Hospital_B,O_negative,11,13,400,11,0,47,0,0,0,1,4,10,2021,43
2021-10-30,Hospital_B,O_negative,9,13,404,9,0,38,0,1,0,1,5,10,2021,43
2021-10-31,Hospital_B,O_negative,6,5,403,6,0,50,0,1,0,1,6,10,2021,43
2021-11-01,Hospital_B,O_negative,16,9,370,16,26,8,0,0,0,0,0,11,2021,44
2021-11-02,Hospital_B,O_negative,9,9,370,9,0,27,0,0,0,0,1,11,2021,44
2021-11-03,Hospital_B,O_negative,9,6,367,9,0,18,0,0,0,0,2,11,2021,44
2021-11-04,Hospital_B,O_negative,10,8,365,10,0,8,0,0,1,0,3,11,2021,44
2021-11-05,Hospital_B,O_negative,11,9,363,11,0,0,0,0,0,0,4,11,2021,44
2021-11-06,Hospital_B,O_negative,4,5,364,4,0,24,0,1,0,0,5,11,2021,44
2021-11-07,Hospital_B,O_negative,11,12,365,11,0,42,0,1,0,0,6,11,2021,44
2021-11-08,Hospital_B,O_negative,8,6,363,8,0,56,0,0,0,0,0,11,2021,45
2021-11-09,Hospital_B,O_negative,12,13,364,12,0,44,0,0,0,0,1,11,2021,45
2021-11-10,Hospital_B,O_negative,8,11,367,8,0,36,0,0,0,0,2,11,2021,45
2021-11-11,Hospital_B,O_negative,11,9,351,11,14,44,0,0,0,0,3,11,2021,45
2021-11-12,Hospital_B,O_negative,11,13,342,11,11,27,0,0,0,0,4,11,2021,45
2021-11-13,Hospital_B,O_negative,9,12,345,9,0,27,0,1,0,0,5,11,2021,45
2021-11-14,Hospital_B,O_negative,7,7,345,7,0,27,0,1,0,0,6,11,2021,45
2021-11-15,Hospital_B,O_negative,20,14,333,20,6,1,0,0,0,0,0,11,2021,46
2021-11-16,Hospital_B,O_negative,16,15,332,16,0,0,0,0,0,0,1,11,2021,46
2021-11-17,Hospital_B,O_negative,9,6,329,9,0,1,0,0,0,0,2,11,2021,46
2021-11-18,Hospital_B,O_negative,11,16,334,11,0,21,0,0,0,0,3,11,2021,46
2021-11-19,Hospital_B,O_negative,11,5,328,11,0,28,0,0,0,0,4,11,2021,46
2021-11-20,Hospital_B,O_negative,9,7,326,9,0,19,0,1,0,0,5,11,2021,46
2021-11-21,Hospital_B,O_negative,4,3,325,4,0,28,0,1,0,0,6,11,2021,46
2021-11-22,Hospital_B,O_negative,20,23,328,20,0,8,0,0,0,0,0,11,2021,47
2021-11-23,Hospital_B,O_negative,15,13,326,15,0,4,0,0,0,0,1,11,2021,47
2021-11-24,Hospital_B,O_negative,12,13,327,12,0,14,0,0,0,0,2,11,2021,47
2021-11-25,Hospital_B,O_negative,9,9,327,9,0,5,0,0,0,0,3,11,2021,47
2021-11-26,Hospital_B,O_negative,10,7,324,10,0,3,0,0,0,0,4,11,2021,47
2021-11-27,Hospital_B,O_negative,5,8,327,5,0,13,0,1,0,0,5,11,2021,47
2021-11-28,Hospital_B,O_negative,11,12,328,11,0,2,0,1,0,0,6,11,2021,47
2021-11-29,Hospital_B,O_negative,13,15,330,13,0,0,0,0,0,0,0,11,2021,48
2021-11-30,Hospital_B,O_negative,14,11,327,14,0,5,0,0,0,0,1,11,2021,48
2021-12-01,Hospital_B,O_negative,19,21,329,19,0,23,0,0,0,0,2,12,2021,48
2021-12-02,Hospital_B,O_negative,9,11,331,9,0,22,0,0,0,0,3,12,2021,48
2021-12-03,Hospital_B,O_negative,12,12,331,12,0,37,0,0,0,0,4,12,2021,48
2021-12-04,Hospital_B,O_negative,6,4,329,6,0,45,0,1,0,0,5,12,2021,48
2021-12-05,Hospital_B,O_negative,5,8,332,5,0,51,0,1,0,0,6,12,2021,48
2021-12-06,Hospital_B,O_negative,18,17,331,18,0,57,0,0,0,0,0,12,2021,49
2021-12-07,Hospital_B,O_negative,18,22,327,18,8,40,0,0,0,0,1,12,2021,49
2021-12-08,Hospital_B,O_negative,4,6,329,4,0,36,0,0,0,0,2,12,2021,49
2021-12-09,Hospital_B,O_negative,12,21,335,12,3,50,0,0,0,0,3,12,2021,49
2021-12-10,Hospital_B,O_negative,10,11,324,10,12,44,0,0,0,0,4,12,2021,49
2021-12-11,Hospital_B,O_negative,7,14,331,7,0,37,0,1,0,0,5,12,2021,49
2021-12-12,Hospital_B,O_negative,6,5,330,6,0,31,0,1,0,0,6,12,2021,49
2021-12-13,Hospital_B,O_negative,19,18,314,19,15,0,0,0,0,0,0,12,2021,50
2021-12-14,Hospital_B,O_negative,9,14,319,9,0,0,0,0,0,0,1,12,2021,50
2021-12-15,Hospital_B,O_negative,5,6,320,5,0,8,0,0,0,0,2,12,2021,50
2021-12-16,Hospital_B,O_negative,13,11,318,13,0,0,0,0,0,0,3,12,2021,50
2021-12-17,Hospital_B,O_negative,9,7,316,9,0,1,0,0,0,0,4,12,2021,50
2021-12-18,Hospital_B,O_negative,9,8,315,9,0,13,0,1,0,0,5,12,2021,50
2021-12-19,Hospital_B,O_negative,6,5,314,6,0,20,0,1,0,0,6,12,2021,50
2021-12-20,Hospital_B,O_negative,16,18,316,16,0,4,0,0,0,0,0,12,2021,51
2021-12-21,Hospital_B,O_negative,10,14,320,10,0,0,0,0,0,0,1,12,2021,51
2021-12-22,Hospital_B,O_negative,8,6,318,8,0,0,0,0,0,0,2,12,2021,51
2021-12-23,Hospital_B,O_negative,11,18,325,11,0,0,0,0,0,0,3,12,2021,51
2021-12-24,Hospital_B,O_negative,7,6,324,7,0,0,0,0,0,0,4,12,2021,51
2021-12-25,Hospital_B,O_negative,4,11,331,4,0,8,0,1,1,0,5,12,2021,51
2021-12-26,Hospital_B,O_negative,7,8,332,7,0,1,0,1,0,0,6,12,2021,51
2021-12-27,Hospital_B,O_negative,11,11,332,11,0,2,0,0,0,0,0,12,2021,52
2021-12-28,Hospital_B,O_negative,23,19,328,23,0,24,0,0,0,0,1,12,2021,52
2021-12-29,Hospital_B,O_negative,11,13,330,11,0,13,0,0,0,0,2,12,2021,52
2021-12-30,Hospital_B,O_negative,17,18,331,17,0,23,0,0,0,0,3,12,2021,52
2021-12-31,Hospital_B,O_negative,16,14,329,16,0,7,0,0,0,0,4,12,2021,52
2022-01-01,Hospital_B,O_negative,4,6,331,4,0,3,0,1,0,0,5,1,2022,52
2022-01-02,Hospital_B,O_negative,15,19,335,15,0,6,0,1,0,0,6,1,2022,52
2022-01-03,Hospital_B,O_negative,16,7,326,16,0,20,0,0,0,0,0,1,2022,1
2022-01-04,Hospital_B,O_negative,13,8,321,13,0,13,0,0,0,0,1,1,2022,1
2022-01-05,Hospital_B,O_negative,28,32,325,28,0,0,0,0,0,0,2,1,2022,1
2022-01-06,Hospital_B,O_negative,6,6,325,6,0,3,0,0,0,0,3,1,2022,1
2022-01-07,Hospital_B,O_negative,14,11,322,14,0,0,0,0,0,0,4,1,2022,1
2022-01-08,Hospital_B,O_negative,6,5,321,6,0,0,0,1,0,0,5,1,2022,1
2022-01-09,Hospital_B,O_negative,5,4,320,5,0,6,0,1,0,0,6,1,2022,1
2022-01-10,Hospital_B,O_negative,18,25,327,18,0,0,0,0,0,0,0,1,2022,2
2022-01-11,Hospital_B,O_negative,14,12,325,14,0,0,0,0,0,0,1,1,2022,2
2022-01-12,Hospital_B,O_negative,22,22,325,22,0,0,0,0,0,0,2,1,2022,2
2022-01-13,Hospital_B,O_negative,14,15,326,14,0,0,0,0,0,0,3,1,2022,2
2022-01-14,Hospital_B,O_negative,9,3,320,9,0,0,0,0,0,0,4,1,2022,2
2022-01-15,Hospital_B,O_negative,10,7,317,10,0,0,0,1,0,0,5,1,2022,2
2022-01-16,Hospital_B,O_negative,6,6,317,6,0,0,0,1,0,0,6,1,2022,2
2022-01-17,Hospital_B,O_negative,27,32,322,27,0,0,0,0,0,0,0,1,2022,3
2022-01-18,Hospital_B,O_negative,8,7,321,8,0,0,0,0,0,0,1,1,2022,3
2022-01-19,Hospital_B,O_negative,9,12,324,9,0,0,0,0,0,0,2,1,2022,3
2022-01-20,Hospital_B,O_negative,11,12,325,11,0,0,0,0,0,0,3,1,2022,3
2022-01-21,Hospital_B,O_negative,8,14,331,8,0,0,0,0,0,0,4,1,2022,3
2022-01-22,Hospital_B,O_negative,10,10,331,10,0,0,0,1,0,0,5,1,2022,3
2022-01-23,Hospital_B,O_negative,14,12,329,14,0,0,0,1,0,0,6,1,2022,3
2022-01-24,Hospital_B,O_negative,14,16,331,14,0,0,0,0,0,0,0,1,2022,4
2022-01-25,Hospital_B,O_negative,10,5,326,10,0,0,0,0,0,0,1,1,2022,4
2022-01-26,Hospital_B,O_negative,5,6,327,5,0,0,0,0,1,0,2,1,2022,4
2022-01-27,Hospital_B,O_negative,15,20,332,15,0,0,0,0,0,0,3,1,2022,4
2022-01-28,Hospital_B,O_negative,13,13,332,13,0,0,0,0,0,0,4,1,2022,4
2022-01-29,Hospital_B,O_negative,8,14,338,8,0,0,0,1,0,0,5,1,2022,4
2022-01-30,Hospital_B,O_negative,8,5,335,8,0,0,0,1,0,0,6,1,2022,4
2022-01-31,Hospital_B,O_negative,12,12,335,12,0,0,0,0,0,0,0,1,2022,5
2022-02-01,Hospital_B,O_negative,12,18,341,12,0,0,0,0,0,0,1,2,2022,5
2022-02-02,Hospital_B,O_negative,5,7,343,5,0,0,0,0,0,0,2,2,2022,5
2022-02-03,Hospital_B,O_negative,11,12,344,11,0,0,0,0,0,0,3,2,2022,5
2022-02-04,Hospital_B,O_negative,8,7,343,8,0,0,0,0,0,0,4,2,2022,5
2022-02-05,Hospital_B,O_negative,12,10,341,12,0,0,0,1,0,0,5,2,2022,5
2022-02-06,Hospital_B,O_negative,7,7,341,7,0,0,0,1,0,0,6,2,2022,5
2022-02-07,Hospital_B,O_negative,12,10,339,12,0,0,0,0,0,0,0,2,2022,6
2022-02-08,Hospital_B,O_negative,12,14,341,12,0,0,0,0,0,0,1,2,2022,6
2022-02-09,Hospital_B,O_negative,13,18,346,13,0,4,0,0,0,0,2,2,2022,6
2022-02-10,Hospital_B,O_negative,28,51,369,28,0,0,0,0,0,0,3,2,2022,6
2022-02-11,Hospital_B,O_negative,7,4,366,7,0,0,0,0,0,0,4,2,2022,6
2022-02-12,Hospital_B,O_negative,4,4,366,4,0,0,0,1,0,0,5,2,2022,6
2022-02-13,Hospital_B,O_negative,6,5,365,6,0,0,0,1,0,0,6,2,2022,6
2022-02-14,Hospital_B,O_negative,17,15,363,17,0,0,0,0,0,0,0,2,2022,7
2022-02-15,Hospital_B,O_negative,11,10,362,11,0,0,0,0,0,0,1,2,2022,7
2022-02-16,Hospital_B,O_negative,8,7,361,8,0,0,0,0,0,0,2,2,2022,7
2022-02-17,Hospital_B,O_negative,17,20,364,17,0,0,0,0,0,0,3,2,2022,7
2022-02-18,Hospital_B,O_negative,9,12,367,9,0,0,0,0,0,0,4,2,2022,7
2022-02-19,Hospital_B,O_negative,8,5,364,8,0,4,0,1,0,0,5,2,2022,7
2022-02-20,Hospital_B,O_negative,8,5,361,8,0,0,0,1,0,0,6,2,2022,7
2022-02-21,Hospital_B,O_negative,15,17,363,15,0,0,0,0,0,0,0,2,2022,8
2022-02-22,Hospital_B,O_negative,9,11,365,9,0,7,0,0,0,0,1,2,2022,8
2022-02-23,Hospital_B,O_negative,9,13,369,9,0,5,0,0,0,0,2,2,2022,8
2022-02-24,Hospital_B,O_negative,14,13,368,14,0,25,0,0,0,0,3,2,2022,8
2022-02-25,Hospital_B,O_negative,22,20,366,22,0,54,0,0,0,0,4,2,2022,8
2022-02-26,Hospital_B,O_negative,2,0,364,2,0,72,0,1,0,0,5,2,2022,8
2022-02-27,Hospital_B,O_negative,7,4,361,7,0,79,0,1,0,0,6,2,2022,8
2022-02-28,Hospital_B,O_negative,17,18,362,17,0,74,0,0,0,0,0,2,2022,9
2022-03-01,Hospital_B,O_negative,15,25,344,15,28,31,0,0,0,0,1,3,2022,9
2022-03-02,Hospital_B,O_negative,6,10,343,6,5,37,0,0,0,0,2,3,2022,9
2022-03-03,Hospital_B,O_negative,14,18,339,14,8,66,0,0,0,0,3,3,2022,9
2022-03-04,Hospital_B,O_negative,10,12,341,10,0,56,0,0,0,0,4,3,2022,9
2022-03-05,Hospital_B,O_negative,1,0,340,1,0,74,0,1,0,0,5,3,2022,9
2022-03-06,Hospital_B,O_negative,5,7,338,5,4,65,0,1,0,0,6,3,2022,9
2022-03-07,Hospital_B,O_negative,10,8,290,10,46,9,0,0,0,0,0,3,2022,10
2022-03-08,Hospital_B,O_negative,20,21,291,20,0,0,0,0,0,0,1,3,2022,10
2022-03-09,Hospital_B,O_negative,14,12,289,14,0,0,0,0,0,0,2,3,2022,10
2022-03-10,Hospital_B,O_negative,6,10,293,6,0,0,0,0,0,0,3,3,2022,10
2022-03-11,Hospital_B,O_negative,13,11,291,13,0,0,0,0,0,0,4,3,2022,10
2022-03-12,Hospital_B,O_negative,12,12,291,12,0,0,0,1,0,0,5,3,2022,10
2022-03-13,Hospital_B,O_negative,4,4,291,4,0,0,0,1,0,0,6,3,2022,10
2022-03-14,Hospital_B,O_negative,9,12,294,9,0,0,0,0,0,0,0,3,2022,11
2022-03-15,Hospital_B,O_negative,19,28,303,19,0,0,0,0,0,0,1,3,2022,11
2022-03-16,Hospital_B,O_negative,12,12,303,12,0,0,0,0,0,0,2,3,2022,11
2022-03-17,Hospital_B,O_negative,8,8,303,8,0,0,0,0,0,0,3,3,2022,11
2022-03-18,Hospital_B,O_negative,14,17,306,14,0,0,0,0,1,0,4,3,2022,11
2022-03-19,Hospital_B,O_negative,12,10,304,12,0,0,0,1,0,0,5,3,2022,11
2022-03-20,Hospital_B,O_negative,8,4,300,8,0,0,0,1,0,0,6,3,2022,11
2022-03-21,Hospital_B,O_negative,17,16,299,17,0,0,0,0,0,0,0,3,2022,12
2022-03-22,Hospital_B,O_negative,13,9,295,13,0,0,0,0,0,0,1,3,2022,12
2022-03-23,Hospital_B,O_negative,9,8,294,9,0,0,0,0,0,0,2,3,2022,12
2022-03-24,Hospital_B,O_negative,9,8,293,9,0,21,0,0,0,0,3,3,2022,12
2022-03-25,Hospital_B,O_negative,10,14,297,10,0,11,0,0,0,0,4,3,2022,12
2022-03-26,Hospital_B,O_negative,10,7,294,10,0,1,0,1,0,0,5,3,2022,12
2022-03-27,Hospital_B,O_negative,12,16,298,12,0,14,0,1,0,0,6,3,2022,12
2022-03-28,Hospital_B,O_negative,5,14,307,5,0,17,0,0,0,0,0,3,2022,13
2022-03-29,Hospital_B,O_negative,8,8,307,8,0,9,0,0,0,0,1,3,2022,13
2022-03-30,Hospital_B,O_negative,8,9,308,8,0,1,0,0,0,0,2,3,2022,13
2022-03-31,Hospital_B,O_negative,17,22,313,17,0,0,0,0,0,0,3,3,2022,13
2022-04-01,Hospital_B,O_negative,7,8,314,7,0,0,0,0,0,0,4,4,2022,13
2022-04-02,Hospital_B,O_negative,9,6,311,9,0,0,0,1,0,0,5,4,2022,13
2022-04-03,Hospital_B,O_negative,29,24,306,29,0,0,0,1,0,0,6,4,2022,13
2022-04-04,Hospital_B,O_negative,15,17,308,15,0,0,0,0,0,0,0,4,2022,14
2022-04-05,Hospital_B,O_negative,8,15,315,8,0,0,0,0,0,0,1,4,2022,14
2022-04-06,Hospital_B,O_negative,12,14,317,12,0,0,0,0,0,0,2,4,2022,14
2022-04-07,Hospital_B,O_negative,12,14,319,12,0,0,0,0,0,0,3,4,2022,14
2022-04-08,Hospital_B,O_negative,12,16,323,12,0,0,0,0,0,0,4,4,2022,14
2022-04-09,Hospital_B,O_negative,4,7,326,4,0,0,0,1,0,0,5,4,2022,14
2022-04-10,Hospital_B,O_negative,7,11,330,7,0,0,0,1,0,0,6,4,2022,14
2022-04-11,Hospital_B,O_negative,10,10,330,10,0,0,0,0,0,0,0,4,2022,15
2022-04-12,Hospital_B,O_negative,12,15,333,12,0,0,0,0,0,0,1,4,2022,15
2022-04-13,Hospital_B,O_negative,8,8,333,8,0,4,0,0,0,0,2,4,2022,15
2022-04-14,Hospital_B,O_negative,13,12,332,13,0,0,0,0,0,0,3,4,2022,15
2022-04-15,Hospital_B,O_negative,10,12,334,10,0,0,0,0,0,0,4,4,2022,15
2022-04-16,Hospital_B,O_negative,10,14,338,10,0,0,0,1,0,0,5,4,2022,15
2022-04-17,Hospital_B,O_negative,6,13,345,6,0,0,0,1,0,0,6,4,2022,15
2022-04-18,Hospital_B,O_negative,9,8,344,9,0,0,0,0,0,0,0,4,2022,16
2022-04-19,Hospital_B,O_negative,11,7,340,11,0,0,0,0,0,0,1,4,2022,16
2022-04-20,Hospital_B,O_negative,10,7,337,10,0,0,0,0,0,0,2,4,2022,16
2022-04-21,Hospital_B,O_negative,14,14,337,14,0,16,0,0,0,0,3,4,2022,16
2022-04-22,Hospital_B,O_negative,10,11,338,10,0,23,0,0,0,0,4,4,2022,16
2022-04-23,Hospital_B,O_negative,7,8,339,7,0,16,0,1,0,0,5,4,2022,16
2022-04-24,Hospital_B,O_negative,6,6,339,6,0,10,0,1,0,0,6,4,2022,16
2022-04-25,Hospital_B,O_negative,10,13,342,10,0,15,0,0,0,0,0,4,2022,17
2022-04-26,Hospital_B,O_negative,12,18,348,12,0,3,0,0,0,0,1,4,2022,17
2022-04-27,Hospital_B,O_negative,15,16,349,15,0,0,0,0,0,0,2,4,2022,17
2022-04-28,Hospital_B,O_negative,10,8,347,10,0,17,0,0,0,0,3,4,2022,17
2022-04-29,Hospital_B,O_negative,8,10,349,8,0,23,0,0,0,0,4,4,2022,17
2022-04-30,Hospital_B,O_negative,8,12,353,8,0,38,0,1,0,0,5,4,2022,17
2022-05-01,Hospital_B,O_negative,14,12,351,14,0,24,0,1,0,0,6,5,2022,17
2022-05-02,Hospital_B,O_negative,23,22,350,23,0,42,0,0,0,0,0,5,2022,18
2022-05-03,Hospital_B,O_negative,12,11,349,12,0,53,0,0,0,0,1,5,2022,18
2022-05-04,Hospital_B,O_negative,8,8,349,8,0,59,0,0,0,0,2,5,2022,18
2022-05-05,Hospital_B,O_negative,15,23,357,15,0,58,0,0,0,0,3,5,2022,18
2022-05-06,Hospital_B,O_negative,10,4,344,10,7,53,0,0,0,0,4,5,2022,18
2022-05-07,Hospital_B,O_negative,7,6,330,7,13,33,0,1,0,0,5,5,2022,18
2022-05-08,Hospital_B,O_negative,12,19,330,12,7,14,0,1,0,0,6,5,2022,18
2022-05-09,Hospital_B,O_negative,12,10,326,12,2,10,0,0,0,0,0,5,2022,19
2022-05-10,Hospital_B,O_negative,9,8,325,9,0,22,0,0,0,0,1,5,2022,19
2022-05-11,Hospital_B,O_negative,12,16,329,12,0,10,0,0,0,0,2,5,2022,19
2022-05-12,Hospital_B,O_negative,19,19,329,19,0,0,0,0,0,0,3,5,2022,19
2022-05-13,Hospital_B,O_negative,8,9,330,8,0,5,0,0,0,0,4,5,2022,19
2022-05-14,Hospital_B,O_negative,10,15,335,10,0,0,0,1,0,0,5,5,2022,19
2022-05-15,Hospital_B,O_negative,7,9,337,7,0,4,0,1,0,0,6,5,2022,19
2022-05-16,Hospital_B,O_negative,14,14,337,14,0,0,0,0,0,0,0,5,2022,20
2022-05-17,Hospital_B,O_negative,11,14,340,11,0,0,0,0,0,0,1,5,2022,20
2022-05-18,Hospital_B,O_negative,13,13,340,13,0,0,0,0,0,0,2,5,2022,20
2022-05-19,Hospital_B,O_negative,7,7,340,7,0,0,0,0,0,0,3,5,2022,20
2022-05-20,Hospital_B,O_negative,7,9,342,7,0,0,0,0,0,0,4,5,2022,20
2022-05-21,Hospital_B,O_negative,7,3,338,7,0,9,0,1,0,0,5,5,2022,20
2022-05-22,Hospital_B,O_negative,7,4,335,7,0,31,0,1,0,0,6,5,2022,20
2022-05-23,Hospital_B,O_negative,9,10,336,9,0,28,0,0,0,0,0,5,2022,21
2022-05-24,Hospital_B,O_negative,5,5,336,5,0,23,0,0,0,0,1,5,2022,21
2022-05-25,Hospital_B,O_negative,10,9,335,10,0,13,0,0,0,0,2,5,2022,21
2022-05-26,Hospital_B,O_negative,9,12,331,9,7,0,0,0,0,0,3,5,2022,21
2022-05-27,Hospital_B,O_negative,9,9,331,9,0,0,0,0,0,0,4,5,2022,21
2022-05-28,Hospital_B,O_negative,3,3,331,3,0,0,0,1,0,0,5,5,2022,21
2022-05-29,Hospital_B,O_negative,8,1,324,8,0,10,0,1,0,0,6,5,2022,21
2022-05-30,Hospital_B,O_negative,13,17,328,13,0,0,0,0,0,0,0,5,2022,22
2022-05-31,Hospital_B,O_negative,11,12,329,11,0,0,0,0,0,0,1,5,2022,22
2022-06-01,Hospital_B,O_negative,24,30,335,24,0,1,0,0,0,0,2,6,2022,22
2022-06-02,Hospital_B,O_negative,11,13,337,11,0,16,0,0,0,0,3,6,2022,22
2022-06-03,Hospital_B,O_negative,14,17,340,14,0,34,0,0,0,0,4,6,2022,22
2022-06-04,Hospital_B,O_negative,4,3,339,4,0,30,0,1,0,0,5,6,2022,22
2022-06-05,Hospital_B,O_negative,2,1,338,2,0,41,0,1,0,0,6,6,2022,22
2022-06-06,Hospital_B,O_negative,5,8,341,5,0,70,0,0,0,0,0,6,2022,23
2022-06-07,Hospital_B,O_negative,9,10,319,9,23,50,0,0,0,0,1,6,2022,23
2022-06-08,Hospital_B,O_negative,13,10,316,13,0,63,0,0,0,0,2,6,2022,23
2022-06-09,Hospital_B,O_negative,11,14,319,11,0,77,0,0,0,0,3,6,2022,23
2022-06-10,Hospital_B,O_negative,9,13,309,9,14,64,0,0,0,0,4,6,2022,23
2022-06-11,Hospital_B,O_negative,8,20,318,8,3,53,0,1,0,0,5,6,2022,23
2022-06-12,Hospital_B,O_negative,8,6,298,8,18,27,0,1,0,0,6,6,2022,23
2022-06-13,Hospital_B,O_negative,25,37,293,25,17,0,0,0,0,0,0,6,2022,24
2022-06-14,Hospital_B,O_negative,11,15,297,11,0,0,0,0,0,0,1,6,2022,24
2022-06-15,Hospital_B,O_negative,8,10,299,8,0,0,0,0,0,0,2,6,2022,24
2022-06-16,Hospital_B,O_negative,15,18,302,15,0,0,0,0,0,0,3,6,2022,24
2022-06-17,Hospital_B,O_negative,9,9,302,9,0,0,0,0,0,0,4,6,2022,24
2022-06-18,Hospital_B,O_negative,6,8,304,6,0,0,0,1,0,0,5,6,2022,24
2022-06-19,Hospital_B,O_negative,4,4,304,4,0,0,0,1,0,0,6,6,2022,24
2022-06-20,Hospital_B,O_negative,12,12,304,12,0,9,0,0,0,0,0,6,2022,25
2022-06-21,Hospital_B,O_negative,13,14,305,13,0,0,0,0,0,0,1,6,2022,25
2022-06-22,Hospital_B,O_negative,8,13,310,8,0,0,0,0,0,0,2,6,2022,25
2022-06-23,Hospital_B,O_negative,15,22,317,15,0,6,0,0,0,0,3,6,2022,25
2022-06-24,Hospital_B,O_negative,12,13,318,12,0,0,0,0,0,0,4,6,2022,25
2022-06-25,Hospital_B,O_negative,9,9,318,9,0,0,0,1,0,0,5,6,2022,25
2022-06-26,Hospital_B,O_negative,21,28,325,21,0,0,0,1,0,0,6,6,2022,25
2022-06-27,Hospital_B,O_negative,10,13,328,10,0,0,0,0,0,0,0,6,2022,26
2022-06-28,Hospital_B,O_negative,14,11,325,14,0,0,0,0,0,0,1,6,2022,26
2022-06-29,Hospital_B,O_negative,15,13,323,15,0,0,0,0,0,0,2,6,2022,26
2022-06-30,Hospital_B,O_negative,7,9,325,7,0,0,0,0,0,0,3,6,2022,26
2022-07-01,Hospital_B,O_negative,13,11,323,13,0,0,0,0,0,1,4,7,2022,26
2022-07-02,Hospital_B,O_negative,4,4,323,4,0,35,0,1,0,1,5,7,2022,26
2022-07-03,Hospital_B,O_negative,6,4,321,6,0,29,0,1,0,1,6,7,2022,26
2022-07-04,Hospital_B,O_negative,17,12,316,17,0,12,0,0,0,1,0,7,2022,27
2022-07-05,Hospital_B,O_negative,8,7,315,8,0,27,0,0,0,1,1,7,2022,27
2022-07-06,Hospital_B,O_negative,7,7,311,7,4,20,0,0,0,1,2,7,2022,27
2022-07-07,Hospital_B,O_negative,15,15,311,15,0,5,0,0,0,1,3,7,2022,27
2022-07-08,Hospital_B,O_negative,10,18,319,10,0,0,0,0,0,1,4,7,2022,27
2022-07-09,Hospital_B,O_negative,7,6,318,7,0,0,0,1,0,1,5,7,2022,27
2022-07-10,Hospital_B,O_negative,6,7,319,6,0,37,0,1,0,1,6,7,2022,27
2022-07-11,Hospital_B,O_negative,15,18,322,15,0,67,0,0,0,1,0,7,2022,28
2022-07-12,Hospital_B,O_negative,10,6,318,10,0,70,0,0,0,1,1,7,2022,28
2022-07-13,Hospital_B,O_negative,14,14,318,14,0,56,0,0,0,1,2,7,2022,28
2022-07-14,Hospital_B,O_negative,20,10,308,20,0,42,0,0,0,1,3,7,2022,28
2022-07-15,Hospital_B,O_negative,9,13,289,9,23,10,0,0,0,1,4,7,2022,28
2022-07-16,Hospital_B,O_negative,5,3,283,5,4,1,0,1,0,1,5,7,2022,28
2022-07-17,Hospital_B,O_negative,6,3,280,6,0,4,0,1,0,1,6,7,2022,28
2022-07-18,Hospital_B,O_negative,14,10,276,14,0,0,0,0,0,1,0,7,2022,29
2022-07-19,Hospital_B,O_negative,12,12,276,12,0,0,0,0,0,1,1,7,2022,29
2022-07-20,Hospital_B,O_negative,14,10,272,14,0,0,0,0,0,1,2,7,2022,29
2022-07-21,Hospital_B,O_negative,10,11,273,10,0,0,0,0,0,1,3,7,2022,29
2022-07-22,Hospital_B,O_negative,21,21,273,21,0,0,0,0,0,1,4,7,2022,29
2022-07-23,Hospital_B,O_negative,8,14,279,8,0,4,0,1,0,1,5,7,2022,29
2022-07-24,Hospital_B,O_negative,8,10,281,8,0,9,0,1,0,1,6,7,2022,29
2022-07-25,Hospital_B,O_negative,13,19,287,13,0,22,0,0,0,1,0,7,2022,30
2022-07-26,Hospital_B,O_negative,9,11,289,9,0,22,0,0,0,1,1,7,2022,30
2022-07-27,Hospital_B,O_negative,12,18,295,12,0,10,0,0,0,1,2,7,2022,30
2022-07-28,Hospital_B,O_negative,10,14,299,10,0,7,0,0,0,1,3,7,2022,30
2022-07-29,Hospital_B,O_negative,11,12,300,11,0,0,0,0,0,1,4,7,2022,30
2022-07-30,Hospital_B,O_negative,8,6,298,8,0,0,0,1,0,1,5,7,2022,30
2022-07-31,Hospital_B,O_negative,6,5,297,6,0,0,0,1,0,1,6,7,2022,30
2022-08-01,Hospital_B,O_negative,4,7,300,4,0,0,0,0,0,1,0,8,2022,31
2022-08-02,Hospital_B,O_negative,9,14,305,9,0,0,0,0,0,1,1,8,2022,31
2022-08-03,Hospital_B,O_negative,13,15,307,13,0,2,0,0,0,1,2,8,2022,31
2022-08-04,Hospital_B,O_negative,15,20,312,15,0,0,0,0,0,1,3,8,2022,31
2022-08-05,Hospital_B,O_negative,12,11,311,12,0,0,0,0,0,1,4,8,2022,31
2022-08-06,Hospital_B,O_negative,11,12,312,11,0,0,0,1,0,1,5,8,2022,31
2022-08-07,Hospital_B,O_negative,6,6,312,6,0,0,0,1,0,1,6,8,2022,31
2022-08-08,Hospital_B,O_negative,10,9,311,10,0,0,0,0,0,1,0,8,2022,32
2022-08-09,Hospital_B,O_negative,8,9,312,8,0,0,0,0,0,1,1,8,2022,32
2022-08-10,Hospital_B,O_negative,18,17,311,18,0,0,0,0,0,1,2,8,2022,32
2022-08-11,Hospital_B,O_negative,7,8,312,7,0,0,0,0,0,1,3,8,2022,32
2022-08-12,Hospital_B,O_negative,17,15,310,17,0,0,0,0,0,1,4,8,2022,32
2022-08-13,Hospital_B,O_negative,8,11,313,8,0,0,0,1,0,1,5,8,2022,32
2022-08-14,Hospital_B,O_negative,10,10,313,10,0,0,0,1,0,1,6,8,2022,32
2022-08-15,Hospital_B,O_negative,5,4,312,5,0,0,0,0,1,1,0,8,2022,33
2022-08-16,Hospital_B,O_negative,9,16,319,9,0,0,0,0,0,1,1,8,2022,33
2022-08-17,Hospital_B,O_negative,15,17,321,15,0,0,0,0,0,1,2,8,2022,33
2022-08-18,Hospital_B,O_negative,5,3,319,5,0,0,0,0,0,1,3,8,2022,33
2022-08-19,Hospital_B,O_negative,19,21,321,19,0,0,0,0,0,1,4,8,2022,33
2022-08-20,Hospital_B,O_negative,3,2,320,3,0,0,0,1,0,1,5,8,2022,33
2022-08-21,Hospital_B,O_negative,7,5,318,7,0,0,0,1,0,1,6,8,2022,33
2022-08-22,Hospital_B,O_negative,15,15,318,15,0,0,0,0,0,1,0,8,2022,34
2022-08-23,Hospital_B,O_negative,10,7,315,10,0,0,0,0,0,1,1,8,2022,34
2022-08-24,Hospital_B,O_negative,6,2,311,6,0,0,0,0,0,1,2,8,2022,34
2022-08-25,Hospital_B,O_negative,14,21,318,14,0,0,0,0,0,1,3,8,2022,34
2022-08-26,Hospital_B,O_negative,15,18,321,15,0,0,0,0,0,1,4,8,2022,34
2022-08-27,Hospital_B,O_negative,7,7,321,7,0,0,0,1,0,1,5,8,2022,34
2022-08-28,Hospital_B,O_negative,7,5,319,7,0,0,0,1,0,1,6,8,2022,34
2022-08-29,Hospital_B,O_negative,9,11,321,9,0,0,0,0,0,1,0,8,2022,35
2022-08-30,Hospital_B,O_negative,13,15,323,13,0,0,0,0,0,1,1,8,2022,35
2022-08-31,Hospital_B,O_negative,8,10,325,8,0,0,0,0,0,1,2,8,2022,35
2022-09-01,Hospital_B,O_negative,8,6,323,8,0,0,0,0,0,1,3,9,2022,35
2022-09-02,Hospital_B,O_negative,6,5,322,6,0,13,0,0,0,1,4,9,2022,35
2022-09-03,Hospital_B,O_negative,15,23,330,15,0,0,0,1,0,1,5,9,2022,35
2022-09-04,Hospital_B,O_negative,6,6,330,6,0,0,0,1,0,1,6,9,2022,35
2022-09-05,Hospital_B,O_negative,12,16,334,12,0,0,0,0,0,1,0,9,2022,36
2022-09-06,Hospital_B,O_negative,12,15,337,12,0,0,0,0,0,1,1,9,2022,36
2022-09-07,Hospital_B,O_negative,15,17,339,15,0,1,0,0,0,1,2,9,2022,36
2022-09-08,Hospital_B,O_negative,15,20,344,15,0,0,0,0,0,1,3,9,2022,36
2022-09-09,Hospital_B,O_negative,12,11,343,12,0,0,0,0,0,1,4,9,2022,36
2022-09-10,Hospital_B,O_negative,6,3,340,6,0,0,0,1,0,1,5,9,2022,36
2022-09-11,Hospital_B,O_negative,10,12,342,10,0,10,0,1,0,1,6,9,2022,36
2022-09-12,Hospital_B,O_negative,23,25,344,23,0,13,0,0,0,1,0,9,2022,37
2022-09-13,Hospital_B,O_negative,13,15,346,13,0,0,0,0,0,1,1,9,2022,37
2022-09-14,Hospital_B,O_negative,16,15,345,16,0,0,0,0,0,1,2,9,2022,37
2022-09-15,Hospital_B,O_negative,8,8,345,8,0,25,0,0,0,1,3,9,2022,37
2022-09-16,Hospital_B,O_negative,13,18,350,13,0,12,0,0,0,1,4,9,2022,37
2022-09-17,Hospital_B,O_negative,7,8,351,7,0,25,0,1,0,1,5,9,2022,37
2022-09-18,Hospital_B,O_negative,10,5,346,10,0,15,0,1,0,1,6,9,2022,37
2022-09-19,Hospital_B,O_negative,16,19,349,16,0,4,0,0,0,1,0,9,2022,38
2022-09-20,Hospital_B,O_negative,7,5,347,7,0,13,0,0,0,1,1,9,2022,38
2022-09-21,Hospital_B,O_negative,12,10,345,12,0,26,0,0,0,1,2,9,2022,38
2022-09-22,Hospital_B,O_negative,7,14,352,7,0,36,0,0,0,1,3,9,2022,38
2022-09-23,Hospital_B,O_negative,4,3,351,4,0,32,0,0,0,1,4,9,2022,38
2022-09-24,Hospital_B,O_negative,4,5,352,4,0,28,0,1,0,1,5,9,2022,38
2022-09-25,Hospital_B,O_negative,13,10,338,13,11,36,0,1,0,1,6,9,2022,38
2022-09-26,Hospital_B,O_negative,16,17,335,16,4,34,0,0,0,1,0,9,2022,39
2022-09-27,Hospital_B,O_negative,12,9,332,12,0,27,0,0,0,1,1,9,2022,39
2022-09-28,Hospital_B,O_negative,11,13,334,11,0,31,0,0,0,1,2,9,2022,39
2022-09-29,Hospital_B,O_negative,13,14,335,13,0,20,0,0,0,1,3,9,2022,39
2022-09-30,Hospital_B,O_negative,24,26,337,24,0,11,0,0,0,1,4,9,2022,39
2022-10-01,Hospital_B,O_negative,9,9,337,9,0,2,0,1,0,1,5,10,2022,39
2022-10-02,Hospital_B,O_negative,2,1,336,2,0,0,0,1,1,1,6,10,2022,39
2022-10-03,Hospital_B,O_negative,13,17,340,13,0,51,0,0,0,1,0,10,2022,40
2022-10-04,Hospital_B,O_negative,8,10,342,8,0,67,0,0,0,1,1,10,2022,40
2022-10-05,Hospital_B,O_negative,10,14,346,10,0,57,0,0,0,1,2,10,2022,40
2022-10-06,Hospital_B,O_negative,8,7,345,8,0,49,0,0,0,1,3,10,2022,40
2022-10-07,Hospital_B,O_negative,6,5,319,6,25,18,0,0,0,1,4,10,2022,40
2022-10-08,Hospital_B,O_negative,6,10,305,6,18,12,0,1,0,1,5,10,2022,40
2022-10-09,Hospital_B,O_negative,4,2,303,4,0,33,0,1,0,1,6,10,2022,40
2022-10-10,Hospital_B,O_negative,10,11,304,10,0,37,0,0,0,1,0,10,2022,41
2022-10-11,Hospital_B,O_negative,13,15,306,13,0,24,0,0,0,1,1,10,2022,41
2022-10-12,Hospital_B,O_negative,14,13,305,14,0,15,0,0,0,1,2,10,2022,41
2022-10-13,Hospital_B,O_negative,14,11,302,14,0,29,0,0,0,1,3,10,2022,41
2022-10-14,Hospital_B,O_negative,6,4,300,6,0,45,0,0,0,1,4,10,2022,41
2022-10-15,Hospital_B,O_negative,2,0,298,2,0,55,0,1,0,1,5,10,2022,41
2022-10-16,Hospital_B,O_negative,10,11,299,10,0,56,0,1,0,1,6,10,2022,41
2022-10-17,Hospital_B,O_negative,12,8,284,12,11,41,0,0,0,1,0,10,2022,42
2022-10-18,Hospital_B,O_negative,9,10,275,9,10,22,0,0,0,1,1,10,2022,42
2022-10-19,Hospital_B,O_negative,6,5,271,6,3,13,0,0,0,1,2,10,2022,42
2022-10-20,Hospital_B,O_negative,10,13,269,10,5,13,0,0,0,1,3,10,2022,42
2022-10-21,Hospital_B,O_negative,9,11,271,9,0,22,0,0,0,1,4,10,2022,42
2022-10-22,Hospital_B,O_negative,6,8,273,6,0,30,0,1,0,1,5,10,2022,42
2022-10-23,Hospital_B,O_negative,8,9,274,8,0,32,0,1,0,1,6,10,2022,42
2022-10-24,Hospital_B,O_negative,10,10,274,10,0,36,0,0,1,1,0,10,2022,43
2022-10-25,Hospital_B,O_negative,12,14,276,12,0,46,0,0,0,1,1,10,2022,43
2022-10-26,Hospital_B,O_negative,9,18,285,9,0,37,0,0,0,1,2,10,2022,43
2022-10-27,Hospital_B,O_negative,12,16,288,12,1,24,0,0,0,1,3,10,2022,43
2022-10-28,Hospital_B,O_negative,5,6,287,5,2,26,0,0,0,1,4,10,2022,43
2022-10-29,Hospital_B,O_negative,7,9,272,7,17,2,0,1,0,1,5,10,2022,43
2022-10-30,Hospital_B,O_negative,6,4,270,6,0,11,0,1,0,1,6,10,2022,43
2022-10-31,Hospital_B,O_negative,6,12,276,6,0,21,0,0,0,1,0,10,2022,44
2022-11-01,Hospital_B,O_negative,5,5,276,5,0,16,0,0,0,0,1,11,2022,44
2022-11-02,Hospital_B,O_negative,14,16,278,14,0,2,0,0,0,0,2,11,2022,44
2022-11-03,Hospital_B,O_negative,13,15,280,13,0,26,0,0,0,0,3,11,2022,44
2022-11-04,Hospital_B,O_negative,10,10,280,10,0,16,0,0,0,0,4,11,2022,44
2022-11-05,Hospital_B,O_negative,6,8,282,6,0,10,0,1,0,0,5,11,2022,44
2022-11-06,Hospital_B,O_negative,7,6,281,7,0,25,0,1,0,0,6,11,2022,44
2022-11-07,Hospital_B,O_negative,17,26,287,17,3,5,0,0,0,0,0,11,2022,45
2022-11-08,Hospital_B,O_negative,13,14,288,13,0,5,0,0,0,0,1,11,2022,45
2022-11-09,Hospital_B,O_negative,8,8,288,8,0,0,0,0,0,0,2,11,2022,45
2022-11-10,Hospital_B,O_negative,6,4,286,6,0,0,0,0,0,0,3,11,2022,45
2022-11-11,Hospital_B,O_negative,11,20,295,11,0,17,0,0,0,0,4,11,2022,45
2022-11-12,Hospital_B,O_negative,15,20,300,15,0,11,0,1,0,0,5,11,2022,45
2022-11-13,Hospital_B,O_negative,10,15,305,10,0,1,0,1,0,0,6,11,2022,45
2022-11-14,Hospital_B,O_negative,7,7,305,7,0,0,0,0,0,0,0,11,2022,46
2022-11-15,Hospital_B,O_negative,9,11,307,9,0,0,0,0,0,0,1,11,2022,46
2022-11-16,Hospital_B,O_negative,9,8,306,9,0,0,0,0,0,0,2,11,2022,46
2022-11-17,Hospital_B,O_negative,13,14,307,13,0,0,0,0,0,0,3,11,2022,46
2022-11-18,Hospital_B,O_negative,13,12,306,13,0,0,0,0,0,0,4,11,2022,46
2022-11-19,Hospital_B,O_negative,10,5,301,10,0,0,0,1,0,0,5,11,2022,46
2022-11-20,Hospital_B,O_negative,6,8,303,6,0,0,0,1,0,0,6,11,2022,46
2022-11-21,Hospital_B,O_negative,15,11,299,15,0,0,0,0,0,0,0,11,2022,47
2022-11-22,Hospital_B,O_negative,10,7,296,10,0,0,0,0,0,0,1,11,2022,47
2022-11-23,Hospital_B,O_negative,18,25,303,18,0,0,0,0,0,0,2,11,2022,47
2022-11-24,Hospital_B,O_negative,7,4,300,7,0,0,0,0,0,0,3,11,2022,47
2022-11-25,Hospital_B,O_negative,12,8,296,12,0,0,0,0,0,0,4,11,2022,47
2022-11-26,Hospital_B,O_negative,17,13,292,17,0,0,0,1,0,0,5,11,2022,47
2022-11-27,Hospital_B,O_negative,13,11,290,13,0,0,0,1,0,0,6,11,2022,47
2022-11-28,Hospital_B,O_negative,21,22,291,21,0,0,0,0,0,0,0,11,2022,48
2022-11-29,Hospital_B,O_negative,12,8,287,12,0,0,0,0,0,0,1,11,2022,48
2022-11-30,Hospital_B,O_negative,8,9,288,8,0,0,0,0,0,0,2,11,2022,48
2022-12-01,Hospital_B,O_negative,10,14,292,10,0,0,0,0,0,0,3,12,2022,48
2022-12-02,Hospital_B,O_negative,12,10,290,12,0,0,0,0,0,0,4,12,2022,48
2022-12-03,Hospital_B,O_negative,22,19,287,22,0,0,0,1,0,0,5,12,2022,48
2022-12-04,Hospital_B,O_negative,6,6,287,6,0,0,0,1,0,0,6,12,2022,48
2022-12-05,Hospital_B,O_negative,21,24,290,21,0,0,0,0,0,0,0,12,2022,49
2022-12-06,Hospital_B,O_negative,10,18,298,10,0,0,0,0,0,0,1,12,2022,49
2022-12-07,Hospital_B,O_negative,11,16,303,11,0,0,0,0,0,0,2,12,2022,49
2022-12-08,Hospital_B,O_negative,9,13,307,9,0,0,0,0,0,0,3,12,2022,49
2022-12-09,Hospital_B,O_negative,11,12,308,11,0,0,0,0,0,0,4,12,2022,49
2022-12-10,Hospital_B,O_negative,8,7,307,8,0,0,0,1,0,0,5,12,2022,49
2022-12-11,Hospital_B,O_negative,6,7,308,6,0,0,0,1,0,0,6,12,2022,49
2022-12-12,Hospital_B,O_negative,8,4,304,8,0,0,0,0,0,0,0,12,2022,50
2022-12-13,Hospital_B,O_negative,17,20,307,17,0,0,0,0,0,0,1,12,2022,50
2022-12-14,Hospital_B,O_negative,7,11,311,7,0,0,0,0,0,0,2,12,2022,50
2022-12-15,Hospital_B,O_negative,13,16,314,13,0,0,0,0,0,0,3,12,2022,50
2022-12-16,Hospital_B,O_negative,7,8,315,7,0,0,0,0,0,0,4,12,2022,50
2022-12-17,Hospital_B,O_negative,11,15,319,11,0,0,0,1,0,0,5,12,2022,50
2022-12-18,Hospital_B,O_negative,10,14,323,10,0,0,0,1,0,0,6,12,2022,50
2022-12-19,Hospital_B,O_negative,11,17,329,11,0,2,0,0,0,0,0,12,2022,51
2022-12-20,Hospital_B,O_negative,12,9,326,12,0,0,0,0,0,0,1,12,2022,51
2022-12-21,Hospital_B,O_negative,8,8,326,8,0,0,0,0,0,0,2,12,2022,51
2022-12-22,Hospital_B,O_negative,23,16,319,23,0,0,0,0,0,0,3,12,2022,51
2022-12-23,Hospital_B,O_negative,14,22,327,14,0,0,0,0,0,0,4,12,2022,51
2022-12-24,Hospital_B,O_negative,11,7,323,11,0,0,0,1,0,0,5,12,2022,51
2022-12-25,Hospital_B,O_negative,5,3,321,5,0,0,0,1,1,0,6,12,2022,51
2022-12-26,Hospital_B,O_negative,18,24,327,18,0,0,0,0,0,0,0,12,2022,52
2022-12-27,Hospital_B,O_negative,10,14,331,10,0,0,0,0,0,0,1,12,2022,52
2022-12-28,Hospital_B,O_negative,14,9,326,14,0,0,0,0,0,0,2,12,2022,52
2022-12-29,Hospital_B,O_negative,19,23,330,19,0,0,0,0,0,0,3,12,2022,52
2022-12-30,Hospital_B,O_negative,7,8,331,7,0,0,0,0,0,0,4,12,2022,52
2022-12-31,Hospital_B,O_negative,12,14,333,12,0,0,0,1,0,0,5,12,2022,52
2023-01-01,Hospital_B,O_negative,5,4,332,5,0,0,0,1,0,0,6,1,2023,52
2023-01-02,Hospital_B,O_negative,14,23,341,14,0,0,0,0,0,0,0,1,2023,1
2023-01-03,Hospital_B,O_negative,14,17,344,14,0,6,0,0,0,0,1,1,2023,1
2023-01-04,Hospital_B,O_negative,12,10,342,12,0,0,0,0,0,0,2,1,2023,1
2023-01-05,Hospital_B,O_negative,16,18,344,16,0,0,0,0,0,0,3,1,2023,1
2023-01-06,Hospital_B,O_negative,13,16,347,13,0,0,0,0,0,0,4,1,2023,1
2023-01-07,Hospital_B,O_negative,5,6,348,5,0,0,0,1,0,0,5,1,2023,1
2023-01-08,Hospital_B,O_negative,9,9,348,9,0,2,0,1,0,0,6,1,2023,1
2023-01-09,Hospital_B,O_negative,12,20,356,12,0,0,0,0,0,0,0,1,2023,2
2023-01-10,Hospital_B,O_negative,17,19,358,17,0,33,0,0,0,0,1,1,2023,2
2023-01-11,Hospital_B,O_negative,11,14,361,11,0,22,0,0,0,0,2,1,2023,2
2023-01-12,Hospital_B,O_negative,13,9,357,13,0,13,0,0,0,0,3,1,2023,2
2023-01-13,Hospital_B,O_negative,9,14,362,9,0,30,0,0,0,0,4,1,2023,2
2023-01-14,Hospital_B,O_negative,9,10,363,9,0,24,0,1,0,0,5,1,2023,2
2023-01-15,Hospital_B,O_negative,8,12,367,8,0,23,0,1,0,0,6,1,2023,2
2023-01-16,Hospital_B,O_negative,15,13,365,15,0,8,0,0,0,0,0,1,2023,3
2023-01-17,Hospital_B,O_negative,6,7,366,6,0,25,0,0,0,0,1,1,2023,3
2023-01-18,Hospital_B,O_negative,14,8,360,14,0,26,0,0,0,0,2,1,2023,3
2023-01-19,Hospital_B,O_negative,16,10,354,16,0,10,0,0,0,0,3,1,2023,3
2023-01-20,Hospital_B,O_negative,12,10,352,12,0,0,0,0,0,0,4,1,2023,3
2023-01-21,Hospital_B,O_negative,5,7,354,5,0,8,0,1,0,0,5,1,2023,3
2023-01-22,Hospital_B,O_negative,7,6,353,7,0,10,0,1,0,0,6,1,2023,3
2023-01-23,Hospital_B,O_negative,15,16,354,15,0,0,0,0,0,0,0,1,2023,4
2023-01-24,Hospital_B,O_negative,8,13,359,8,0,9,0,0,0,0,1,1,2023,4
2023-01-25,Hospital_B,O_negative,12,14,361,12,0,37,0,0,0,0,2,1,2023,4
2023-01-26,Hospital_B,O_negative,12,7,356,12,0,31,0,0,1,0,3,1,2023,4
2023-01-27,Hospital_B,O_negative,11,14,359,11,0,20,0,0,0,0,4,1,2023,4
2023-01-28,Hospital_B,O_negative,13,7,353,13,0,7,0,1,0,0,5,1,2023,4
2023-01-29,Hospital_B,O_negative,11,9,350,11,1,9,0,1,0,0,6,1,2023,4
2023-01-30,Hospital_B,O_negative,8,7,349,8,0,1,0,0,0,0,0,1,2023,5
2023-01-31,Hospital_B,O_negative,7,8,350,7,0,0,0,0,0,0,1,1,2023,5
2023-02-01,Hospital_B,O_negative,12,18,356,12,0,5,0,0,0,0,2,2,2023,5
2023-02-02,Hospital_B,O_negative,27,28,357,27,0,0,0,0,0,0,3,2,2023,5
2023-02-03,Hospital_B,O_negative,10,12,359,10,0,0,0,0,0,0,4,2,2023,5
2023-02-04,Hospital_B,O_negative,0,0,359,0,0,15,0,1,0,0,5,2,2023,5
2023-02-05,Hospital_B,O_negative,4,6,361,4,0,29,0,1,0,0,6,2,2023,5
2023-02-06,Hospital_B,O_negative,20,20,361,20,0,42,0,0,0,0,0,2,2023,6
2023-02-07,Hospital_B,O_negative,11,14,364,11,0,31,0,0,0,0,1,2,2023,6
2023-02-08,Hospital_B,O_negative,11,16,369,11,0,37,0,0,0,0,2,2,2023,6
2023-02-09,Hospital_B,O_negative,9,8,368,9,0,38,0,0,0,0,3,2,2023,6
2023-02-10,Hospital_B,O_negative,25,31,363,25,11,2,0,0,0,0,4,2,2023,6
2023-02-11,Hospital_B,O_negative,7,9,365,7,0,9,0,1,0,0,5,2,2023,6
2023-02-12,Hospital_B,O_negative,9,16,372,9,0,0,0,1,0,0,6,2,2023,6
2023-02-13,Hospital_B,O_negative,12,15,375,12,0,23,0,0,0,0,0,2,2023,7
2023-02-14,Hospital_B,O_negative,16,25,384,16,0,7,0,0,0,0,1,2,2023,7
2023-02-15,Hospital_B,O_negative,10,10,384,10,0,7,0,0,0,0,2,2,2023,7
2023-02-16,Hospital_B,O_negative,9,15,390,9,0,26,0,0,0,0,3,2,2023,7
2023-02-17,Hospital_B,O_negative,25,19,384,25,0,1,0,0,0,0,4,2,2023,7
2023-02-18,Hospital_B,O_negative,4,5,385,4,0,10,0,1,0,0,5,2,2023,7
2023-02-19,Hospital_B,O_negative,15,15,385,15,0,4,0,1,0,0,6,2,2023,7
2023-02-20,Hospital_B,O_negative,18,16,383,18,0,0,0,0,0,0,0,2,2023,8
2023-02-21,Hospital_B,O_negative,13,14,384,13,0,0,0,0,0,0,1,2,2023,8
2023-02-22,Hospital_B,O_negative,10,8,382,10,0,0,0,0,0,0,2,2,2023,8
2023-02-23,Hospital_B,O_negative,18,25,389,18,0,0,0,0,0,0,3,2,2023,8
2023-02-24,Hospital_B,O_negative,16,20,393,16,0,0,0,0,0,0,4,2,2023,8
2023-02-25,Hospital_B,O_negative,6,8,395,6,0,20,0,1,0,0,5,2,2023,8
2023-02-26,Hospital_B,O_negative,5,6,396,5,0,22,0,1,0,0,6,2,2023,8
2023-02-27,Hospital_B,O_negative,18,20,398,18,0,4,0,0,0,0,0,2,2023,9
2023-02-28,Hospital_B,O_negative,7,11,402,7,0,49,0,0,0,0,1,2,2023,9
2023-03-01,Hospital_B,O_negative,12,18,408,12,0,60,0,0,0,0,2,3,2023,9
2023-03-02,Hospital_B,O_negative,9,15,414,9,0,51,0,0,0,0,3,3,2023,9
2023-03-03,Hospital_B,O_negative,8,6,412,8,0,84,0,0,0,0,4,3,2023,9
2023-03-04,Hospital_B,O_negative,9,11,394,9,20,73,0,1,0,0,5,3,2023,9
2023-03-05,Hospital_B,O_negative,11,12,381,11,14,48,0,1,0,0,6,3,2023,9
2023-03-06,Hospital_B,O_negative,12,15,384,12,0,36,0,0,0,0,0,3,2023,10
2023-03-07,Hospital_B,O_negative,13,11,364,13,18,35,0,0,0,0,1,3,2023,10
2023-03-08,Hospital_B,O_negative,4,1,356,4,5,26,0,0,1,0,2,3,2023,10
2023-03-09,Hospital_B,O_negative,10,5,351,10,0,24,0,0,0,0,3,3,2023,10
2023-03-10,Hospital_B,O_negative,7,6,350,7,0,17,0,0,0,0,4,3,2023,10
2023-03-11,Hospital_B,O_negative,6,7,342,6,9,7,0,1,0,0,5,3,2023,10
2023-03-12,Hospital_B,O_negative,3,4,343,3,0,10,0,1,0,0,6,3,2023,10
2023-03-13,Hospital_B,O_negative,9,8,342,9,0,20,0,0,0,0,0,3,2023,11
2023-03-14,Hospital_B,O_negative,10,15,347,10,0,20,0,0,0,0,1,3,2023,11
2023-03-15,Hospital_B,O_negative,18,20,349,18,0,2,0,0,0,0,2,3,2023,11
2023-03-16,Hospital_B,O_negative,12,14,351,12,0,0,0,0,0,0,3,3,2023,11
2023-03-17,Hospital_B,O_negative,12,13,352,12,0,49,0,0,0,0,4,3,2023,11
2023-03-18,Hospital_B,O_negative,7,8,353,7,0,42,0,1,0,0,5,3,2023,11
2023-03-19,Hospital_B,O_negative,6,6,353,6,0,47,0,1,0,0,6,3,2023,11
2023-03-20,Hospital_B,O_negative,15,17,355,15,0,41,0,0,0,0,0,3,2023,12
2023-03-21,Hospital_B,O_negative,12,10,332,12,21,43,0,0,0,0,1,3,2023,12
2023-03-22,Hospital_B,O_negative,18,21,335,18,0,43,0,0,0,0,2,3,2023,12
2023-03-23,Hospital_B,O_negative,13,18,340,13,0,30,0,0,0,0,3,3,2023,12
2023-03-24,Hospital_B,O_negative,4,4,340,4,0,26,0,0,0,0,4,3,2023,12
2023-03-25,Hospital_B,O_negative,8,6,330,8,8,31,0,1,0,0,5,3,2023,12
2023-03-26,Hospital_B,O_negative,10,17,327,10,10,11,0,1,0,0,6,3,2023,12
2023-03-27,Hospital_B,O_negative,16,17,328,16,0,6,0,0,0,0,0,3,2023,13
2023-03-28,Hospital_B,O_negative,11,7,324,11,0,0,0,0,0,0,1,3,2023,13
2023-03-29,Hospital_B,O_negative,8,3,319,8,0,0,0,0,0,0,2,3,2023,13
2023-03-30,Hospital_B,O_negative,11,16,324,11,0,0,0,0,0,0,3,3,2023,13
2023-03-31,Hospital_B,O_negative,15,16,325,15,0,0,0,0,0,0,4,3,2023,13
2023-04-01,Hospital_B,O_negative,5,6,326,5,0,9,0,1,0,0,5,4,2023,13
2023-04-02,Hospital_B,O_negative,5,2,323,5,0,24,0,1,0,0,6,4,2023,13
2023-04-03,Hospital_B,O_negative,12,12,323,12,0,19,0,0,0,0,0,4,2023,14
2023-04-04,Hospital_B,O_negative,12,8,319,12,0,28,0,0,0,0,1,4,2023,14
2023-04-05,Hospital_B,O_negative,13,16,322,13,0,23,0,0,0,0,2,4,2023,14
2023-04-06,Hospital_B,O_negative,22,26,326,22,0,1,0,0,0,0,3,4,2023,14
2023-04-07,Hospital_B,O_negative,7,11,330,7,0,18,0,0,0,0,4,4,2023,14
2023-04-08,Hospital_B,O_negative,11,5,324,11,0,18,0,1,0,0,5,4,2023,14
2023-04-09,Hospital_B,O_negative,8,6,322,8,0,16,0,1,0,0,6,4,2023,14
2023-04-10,Hospital_B,O_negative,17,13,318,17,0,5,0,0,0,0,0,4,2023,15
2023-04-11,Hospital_B,O_negative,11,9,316,11,0,0,0,0,0,0,1,4,2023,15
2023-04-12,Hospital_B,O_negative,16,16,316,16,0,0,0,0,0,0,2,4,2023,15
2023-04-13,Hospital_B,O_negative,30,32,318,30,0,0,0,0,0,0,3,4,2023,15
2023-04-14,Hospital_B,O_negative,8,15,325,8,0,0,0,0,0,0,4,4,2023,15
2023-04-15,Hospital_B,O_negative,4,1,322,4,0,0,0,1,0,0,5,4,2023,15
2023-04-16,Hospital_B,O_negative,18,19,323,18,0,0,0,1,0,0,6,4,2023,15
2023-04-17,Hospital_B,O_negative,12,14,325,12,0,0,0,0,0,0,0,4,2023,16
2023-04-18,Hospital_B,O_negative,10,15,330,10,0,0,0,0,0,0,1,4,2023,16
2023-04-19,Hospital_B,O_negative,11,11,330,11,0,0,0,0,0,0,2,4,2023,16
2023-04-20,Hospital_B,O_negative,10,10,330,10,0,0,0,0,0,0,3,4,2023,16
2023-04-21,Hospital_B,O_negative,8,13,335,8,0,6,0,0,0,0,4,4,2023,16
2023-04-22,Hospital_B,O_negative,9,11,337,9,0,10,0,1,0,0,5,4,2023,16
2023-04-23,Hospital_B,O_negative,4,2,335,4,0,6,0,1,0,0,6,4,2023,16
2023-04-24,Hospital_B,O_negative,28,38,345,28,0,0,0,0,0,0,0,4,2023,17
2023-04-25,Hospital_B,O_negative,9,11,347,9,0,0,0,0,0,0,1,4,2023,17
2023-04-26,Hospital_B,O_negative,17,15,345,17,0,0,0,0,0,0,2,4,2023,17
2023-04-27,Hospital_B,O_negative,12,10,343,12,0,0,0,0,0,0,3,4,2023,17
2023-04-28,Hospital_B,O_negative,16,21,348,16,0,0,0,0,0,0,4,4,2023,17
2023-04-29,Hospital_B,O_negative,7,7,348,7,0,0,0,1,0,0,5,4,2023,17
2023-04-30,Hospital_B,O_negative,12,9,345,12,0,0,0,1,0,0,6,4,2023,17
2023-05-01,Hospital_B,O_negative,14,14,345,14,0,3,0,0,0,0,0,5,2023,18
2023-05-02,Hospital_B,O_negative,21,27,351,21,0,0,0,0,0,0,1,5,2023,18
2023-05-03,Hospital_B,O_negative,18,22,355,18,0,0,0,0,0,0,2,5,2023,18
2023-05-04,Hospital_B,O_negative,8,10,357,8,0,0,0,0,0,0,3,5,2023,18
2023-05-05,Hospital_B,O_negative,12,10,355,12,0,0,0,0,0,0,4,5,2023,18
2023-05-06,Hospital_B,O_negative,8,6,353,8,0,0,0,1,0,0,5,5,2023,18
2023-05-07,Hospital_B,O_negative,8,6,351,8,0,0,0,1,0,0,6,5,2023,18
2023-05-08,Hospital_B,O_negative,15,15,351,15,0,0,0,0,0,0,0,5,2023,19
2023-05-09,Hospital_B,O_negative,8,8,351,8,0,0,0,0,0,0,1,5,2023,19
2023-05-10,Hospital_B,O_negative,7,8,352,7,0,0,0,0,0,0,2,5,2023,19
2023-05-11,Hospital_B,O_negative,13,16,355,13,0,0,0,0,0,0,3,5,2023,19
2023-05-12,Hospital_B,O_negative,8,12,359,8,0,0,0,0,0,0,4,5,2023,19
2023-05-13,Hospital_B,O_negative,10,12,361,10,0,0,0,1,0,0,5,5,2023,19
2023-05-14,Hospital_B,O_negative,8,15,368,8,0,0,0,1,0,0,6,5,2023,19
2023-05-15,Hospital_B,O_negative,11,13,370,11,0,0,0,0,0,0,0,5,2023,20
2023-05-16,Hospital_B,O_negative,16,16,370,16,0,0,0,0,0,0,1,5,2023,20
2023-05-17,Hospital_B,O_negative,10,20,380,10,0,0,0,0,0,0,2,5,2023,20
2023-05-18,Hospital_B,O_negative,8,7,379,8,0,0,0,0,0,0,3,5,2023,20
2023-05-19,Hospital_B,O_negative,11,12,380,11,0,0,0,0,0,0,4,5,2023,20
2023-05-20,Hospital_B,O_negative,11,15,384,11,0,0,0,1,0,0,5,5,2023,20
2023-05-21,Hospital_B,O_negative,22,20,382,22,0,0,0,1,0,0,6,5,2023,20
2023-05-22,Hospital_B,O_negative,7,11,386,7,0,0,0,0,0,0,0,5,2023,21
2023-05-23,Hospital_B,O_negative,6,13,393,6,0,0,0,0,0,0,1,5,2023,21
2023-05-24,Hospital_B,O_negative,11,12,394,11,0,0,0,0,0,0,2,5,2023,21
2023-05-25,Hospital_B,O_negative,8,7,393,8,0,44,0,0,0,0,3,5,2023,21
2023-05-26,Hospital_B,O_negative,28,29,394,28,0,26,0,0,0,0,4,5,2023,21
2023-05-27,Hospital_B,O_negative,12,24,406,12,0,29,0,1,0,0,5,5,2023,21
2023-05-28,Hospital_B,O_negative,9,13,410,9,0,20,0,1,0,0,6,5,2023,21
2023-05-29,Hospital_B,O_negative,14,20,416,14,0,8,0,0,0,0,0,5,2023,22
2023-05-30,Hospital_B,O_negative,13,7,410,13,0,9,0,0,0,0,1,5,2023,22
2023-05-31,Hospital_B,O_negative,4,6,412,4,0,22,0,0,0,0,2,5,2023,22
2023-06-01,Hospital_B,O_negative,16,15,411,16,0,18,0,0,0,0,3,6,2023,22
2023-06-02,Hospital_B,O_negative,15,21,417,15,0,3,0,0,0,0,4,6,2023,22
2023-06-03,Hospital_B,O_negative,3,4,418,3,0,38,0,1,0,0,5,6,2023,22
2023-06-04,Hospital_B,O_negative,6,4,416,6,0,47,0,1,0,0,6,6,2023,22
2023-06-05,Hospital_B,O_negative,12,14,418,12,0,56,0,0,0,0,0,6,2023,23
2023-06-06,Hospital_B,O_negative,13,11,416,13,0,51,0,0,0,0,1,6,2023,23
2023-06-07,Hospital_B,O_negative,2,0,407,2,7,42,0,0,0,0,2,6,2023,23
2023-06-08,Hospital_B,O_negative,7,5,392,7,13,28,0,0,0,0,3,6,2023,23
2023-06-09,Hospital_B,O_negative,13,11,376,13,14,1,0,0,0,0,4,6,2023,23
2023-06-10,Hospital_B,O_negative,4,4,376,4,0,19,0,1,0,0,5,6,2023,23
2023-06-11,Hospital_B,O_negative,8,10,378,8,0,19,0,1,0,0,6,6,2023,23
2023-06-12,Hospital_B,O_negative,27,39,390,27,0,3,0,0,0,0,0,6,2023,24
2023-06-13,Hospital_B,O_negative,13,10,387,13,0,0,0,0,0,0,1,6,2023,24
2023-06-14,Hospital_B,O_negative,9,7,385,9,0,0,0,0,0,0,2,6,2023,24
2023-06-15,Hospital_B,O_negative,8,10,387,8,0,0,0,0,0,0,3,6,2023,24
2023-06-16,Hospital_B,O_negative,14,9,382,14,0,1,0,0,0,0,4,6,2023,24
2023-06-17,Hospital_B,O_negative,7,9,384,7,0,0,0,1,0,0,5,6,2023,24
2023-06-18,Hospital_B,O_negative,10,13,387,10,0,20,0,1,0,0,6,6,2023,24
2023-06-19,Hospital_B,O_negative,12,15,390,12,0,8,0,0,0,0,0,6,2023,25
2023-06-20,Hospital_B,O_negative,11,17,396,11,0,31,0,0,0,0,1,6,2023,25
2023-06-21,Hospital_B,O_negative,9,13,400,9,0,49,0,0,0,0,2,6,2023,25
2023-06-22,Hospital_B,O_negative,9,10,401,9,0,86,0,0,0,0,3,6,2023,25
2023-06-23,Hospital_B,O_negative,12,15,404,12,0,100,0,0,0,0,4,6,2023,25
2023-06-24,Hospital_B,O_negative,3,7,407,3,1,96,0,1,0,0,5,6,2023,25
2023-06-25,Hospital_B,O_negative,15,20,388,15,24,86,0,1,0,0,6,6,2023,25
2023-06-26,Hospital_B,O_negative,12,8,353,12,31,43,0,0,0,0,0,6,2023,26
2023-06-27,Hospital_B,O_negative,14,15,340,14,14,15,0,0,0,0,1,6,2023,26
2023-06-28,Hospital_B,O_negative,8,6,338,8,0,51,0,0,0,0,2,6,2023,26
2023-06-29,Hospital_B,O_negative,12,9,328,12,7,42,0,0,0,0,3,6,2023,26
2023-06-30,Hospital_B,O_negative,8,11,331,8,0,34,0,0,0,0,4,6,2023,26
2023-07-01,Hospital_B,O_negative,5,6,332,5,0,40,0,1,0,1,5,7,2023,26
2023-07-02,Hospital_B,O_negative,1,0,312,1,19,20,0,1,0,1,6,7,2023,26
2023-07-03,Hospital_B,O_negative,16,17,304,16,9,0,0,0,0,1,0,7,2023,27
2023-07-04,Hospital_B,O_negative,23,22,303,23,0,0,0,0,0,1,1,7,2023,27
2023-07-05,Hospital_B,O_negative,13,19,309,13,0,0,0,0,0,1,2,7,2023,27
2023-07-06,Hospital_B,O_negative,11,13,311,11,0,0,0,0,0,1,3,7,2023,27
2023-07-07,Hospital_B,O_negative,10,8,309,10,0,0,0,0,0,1,4,7,2023,27
2023-07-08,Hospital_B,O_negative,4,5,310,4,0,0,0,1,0,1,5,7,2023,27
2023-07-09,Hospital_B,O_negative,11,15,314,11,0,0,0,1,0,1,6,7,2023,27
2023-07-10,Hospital_B,O_negative,13,12,313,13,0,0,0,0,0,1,0,7,2023,28
2023-07-11,Hospital_B,O_negative,12,8,309,12,0,0,0,0,0,1,1,7,2023,28
2023-07-12,Hospital_B,O_negative,9,12,312,9,0,0,0,0,0,1,2,7,2023,28
2023-07-13,Hospital_B,O_negative,13,15,314,13,0,0,0,0,0,1,3,7,2023,28
2023-07-14,Hospital_B,O_negative,11,17,320,11,0,0,0,0,0,1,4,7,2023,28
2023-07-15,Hospital_B,O_negative,8,7,319,8,0,0,0,1,0,1,5,7,2023,28
2023-07-16,Hospital_B,O_negative,6,6,319,6,0,0,0,1,0,1,6,7,2023,28
2023-07-17,Hospital_B,O_negative,14,23,328,14,0,0,0,0,0,1,0,7,2023,29
2023-07-18,Hospital_B,O_negative,13,14,329,13,0,0,0,0,0,1,1,7,2023,29
2023-07-19,Hospital_B,O_negative,7,7,329,7,0,20,0,0,0,1,2,7,2023,29
2023-07-20,Hospital_B,O_negative,6,6,329,6,0,14,0,0,0,1,3,7,2023,29
2023-07-21,Hospital_B,O_negative,9,9,329,9,0,20,0,0,0,1,4,7,2023,29
2023-07-22,Hospital_B,O_negative,20,21,330,20,0,9,0,1,0,1,5,7,2023,29
2023-07-23,Hospital_B,O_negative,20,17,327,20,0,0,0,1,0,1,6,7,2023,29
2023-07-24,Hospital_B,O_negative,16,9,320,16,0,0,0,0,0,1,0,7,2023,30
2023-07-25,Hospital_B,O_negative,12,8,316,12,0,0,0,0,0,1,1,7,2023,30
2023-07-26,Hospital_B,O_negative,10,12,318,10,0,0,0,0,0,1,2,7,2023,30
2023-07-27,Hospital_B,O_negative,13,11,316,13,0,0,0,0,0,1,3,7,2023,30
2023-07-28,Hospital_B,O_negative,12,8,312,12,0,0,0,0,0,1,4,7,2023,30
2023-07-29,Hospital_B,O_negative,8,11,315,8,0,0,0,1,0,1,5,7,2023,30
2023-07-30,Hospital_B,O_negative,11,8,312,11,0,0,0,1,0,1,6,7,2023,30
2023-07-31,Hospital_B,O_negative,22,19,309,22,0,0,0,0,0,1,0,7,2023,31
2023-08-01,Hospital_B,O_negative,14,17,312,14,0,0,0,0,0,1,1,8,2023,31
2023-08-02,Hospital_B,O_negative,10,14,316,10,0,0,0,0,0,1,2,8,2023,31
2023-08-03,Hospital_B,O_negative,11,16,321,11,0,0,0,0,0,1,3,8,2023,31
2023-08-04,Hospital_B,O_negative,10,17,328,10,0,0,0,0,0,1,4,8,2023,31
2023-08-05,Hospital_B,O_negative,7,7,328,7,0,0,0,1,0,1,5,8,2023,31
2023-08-06,Hospital_B,O_negative,8,10,330,8,0,0,0,1,0,1,6,8,2023,31
2023-08-07,Hospital_B,O_negative,16,23,337,16,0,0,0,0,0,1,0,8,2023,32
2023-08-08,Hospital_B,O_negative,8,5,334,8,0,0,0,0,0,1,1,8,2023,32
2023-08-09,Hospital_B,O_negative,12,9,331,12,0,0,0,0,0,1,2,8,2023,32
2023-08-10,Hospital_B,O_negative,13,17,335,13,0,0,0,0,0,1,3,8,2023,32
2023-08-11,Hospital_B,O_negative,16,14,333,16,0,0,0,0,0,1,4,8,2023,32
2023-08-12,Hospital_B,O_negative,6,8,335,6,0,0,0,1,0,1,5,8,2023,32
2023-08-13,Hospital_B,O_negative,4,3,334,4,0,0,0,1,0,1,6,8,2023,32
2023-08-14,Hospital_B,O_negative,8,7,333,8,0,8,0,0,0,1,0,8,2023,33
2023-08-15,Hospital_B,O_negative,6,6,333,6,0,2,0,0,1,1,1,8,2023,33
2023-08-16,Hospital_B,O_negative,17,25,341,17,0,0,0,0,0,1,2,8,2023,33
2023-08-17,Hospital_B,O_negative,5,5,341,5,0,10,0,0,0,1,3,8,2023,33
2023-08-18,Hospital_B,O_negative,11,9,339,11,0,0,0,0,0,1,4,8,2023,33
2023-08-19,Hospital_B,O_negative,19,15,335,19,0,23,0,1,0,1,5,8,2023,33
2023-08-20,Hospital_B,O_negative,5,3,333,5,0,30,0,1,0,1,6,8,2023,33
2023-08-21,Hospital_B,O_negative,12,11,332,12,0,18,0,0,0,1,0,8,2023,34
2023-08-22,Hospital_B,O_negative,6,6,332,6,0,12,0,0,0,1,1,8,2023,34
2023-08-23,Hospital_B,O_negative,10,8,330,10,0,14,0,0,0,1,2,8,2023,34
2023-08-24,Hospital_B,O_negative,15,13,326,15,2,55,0,0,0,1,3,8,2023,34
2023-08-25,Hospital_B,O_negative,9,17,334,9,0,55,0,0,0,1,4,8,2023,34
2023-08-26,Hospital_B,O_negative,7,7,334,7,0,59,0,1,0,1,5,8,2023,34
2023-08-27,Hospital_B,O_negative,9,16,341,9,0,50,0,1,0,1,6,8,2023,34
2023-08-28,Hospital_B,O_negative,6,7,312,6,30,14,0,0,0,1,0,8,2023,35
2023-08-29,Hospital_B,O_negative,3,5,311,3,3,18,0,0,0,1,1,8,2023,35
2023-08-30,Hospital_B,O_negative,7,7,303,7,8,19,0,0,0,1,2,8,2023,35
2023-08-31,Hospital_B,O_negative,18,18,303,18,0,1,0,0,0,1,3,8,2023,35
2023-09-01,Hospital_B,O_negative,7,6,302,7,0,1,0,0,0,1,4,9,2023,35
2023-09-02,Hospital_B,O_negative,16,14,300,16,0,0,0,1,0,1,5,9,2023,35
2023-09-03,Hospital_B,O_negative,7,5,298,7,0,0,0,1,0,1,6,9,2023,35
2023-09-04,Hospital_B,O_negative,12,16,302,12,0,0,0,0,0,1,0,9,2023,36
2023-09-05,Hospital_B,O_negative,12,8,298,12,0,0,0,0,0,1,1,9,2023,36
2023-09-06,Hospital_B,O_negative,11,17,304,11,0,0,0,0,0,1,2,9,2023,36
2023-09-07,Hospital_B,O_negative,7,4,301,7,0,0,0,0,0,1,3,9,2023,36
2023-09-08,Hospital_B,O_negative,15,20,306,15,0,0,0,0,0,1,4,9,2023,36
2023-09-09,Hospital_B,O_negative,11,15,310,11,0,0,0,1,0,1,5,9,2023,36
2023-09-10,Hospital_B,O_negative,8,14,316,8,0,0,0,1,0,1,6,9,2023,36
2023-09-11,Hospital_B,O_negative,19,12,309,19,0,0,0,0,0,1,0,9,2023,37
2023-09-12,Hospital_B,O_negative,11,6,304,11,0,0,0,0,0,1,1,9,2023,37
2023-09-13,Hospital_B,O_negative,11,7,300,11,0,0,0,0,0,1,2,9,2023,37
2023-09-14,Hospital_B,O_negative,16,21,305,16,0,0,0,0,0,1,3,9,2023,37
2023-09-15,Hospital_B,O_negative,10,12,307,10,0,55,0,0,0,1,4,9,2023,37
2023-09-16,Hospital_B,O_negative,10,8,305,10,0,45,0,1,0,1,5,9,2023,37
2023-09-17,Hospital_B,O_negative,8,8,305,8,0,42,0,1,0,1,6,9,2023,37
2023-09-18,Hospital_B,O_negative,13,15,307,13,0,35,0,0,0,1,0,9,2023,38
2023-09-19,Hospital_B,O_negative,16,22,289,16,24,0,0,0,0,1,1,9,2023,38
2023-09-20,Hospital_B,O_negative,10,14,293,10,0,0,0,0,0,1,2,9,2023,38
2023-09-21,Hospital_B,O_negative,18,18,293,18,0,0,0,0,0,1,3,9,2023,38
2023-09-22,Hospital_B,O_negative,14,16,295,14,0,0,0,0,0,1,4,9,2023,38
2023-09-23,Hospital_B,O_negative,9,8,294,9,0,0,0,1,0,1,5,9,2023,38
2023-09-24,Hospital_B,O_negative,7,7,294,7,0,0,0,1,0,1,6,9,2023,38
2023-09-25,Hospital_B,O_negative,8,9,295,8,0,5,0,0,0,1,0,9,2023,39
2023-09-26,Hospital_B,O_negative,11,10,294,11,0,0,0,0,0,1,1,9,2023,39
2023-09-27,Hospital_B,O_negative,15,14,293,15,0,0,0,0,0,1,2,9,2023,39
2023-09-28,Hospital_B,O_negative,14,10,289,14,0,0,0,0,0,1,3,9,2023,39
2023-09-29,Hospital_B,O_negative,11,14,292,11,0,0,0,0,0,1,4,9,2023,39
2023-09-30,Hospital_B,O_negative,13,13,292,13,0,0,0,1,0,1,5,9,2023,39
2023-10-01,Hospital_B,O_negative,7,12,297,7,0,0,0,1,0,1,6,10,2023,39
2023-10-02,Hospital_B,O_negative,12,14,299,12,0,0,0,0,1,1,0,10,2023,40
2023-10-03,Hospital_B,O_negative,16,23,306,16,0,0,0,0,0,1,1,10,2023,40
2023-10-04,Hospital_B,O_negative,8,7,305,8,0,0,0,0,0,1,2,10,2023,40
2023-10-05,Hospital_B,O_negative,8,8,305,8,0,0,0,0,0,1,3,10,2023,40
2023-10-06,Hospital_B,O_negative,6,6,305,6,0,0,0,0,0,1,4,10,2023,40
2023-10-07,Hospital_B,O_negative,14,15,306,14,0,0,0,1,0,1,5,10,2023,40
2023-10-08,Hospital_B,O_negative,6,7,307,6,0,0,0,1,0,1,6,10,2023,40
2023-10-09,Hospital_B,O_negative,7,7,307,7,0,0,0,0,0,1,0,10,2023,41
2023-10-10,Hospital_B,O_negative,14,18,311,14,0,0,0,0,0,1,1,10,2023,41
2023-10-11,Hospital_B,O_negative,13,12,310,13,0,0,0,0,0,1,2,10,2023,41
2023-10-12,Hospital_B,O_negative,9,11,312,9,0,0,0,0,0,1,3,10,2023,41
2023-10-13,Hospital_B,O_negative,14,19,317,14,0,0,0,0,0,1,4,10,2023,41
2023-10-14,Hospital_B,O_negative,11,8,314,11,0,0,0,1,0,1,5,10,2023,41
2023-10-15,Hospital_B,O_negative,5,11,320,5,0,0,0,1,0,1,6,10,2023,41
2023-10-16,Hospital_B,O_negative,19,13,314,19,0,0,0,0,0,1,0,10,2023,42
2023-10-17,Hospital_B,O_negative,20,18,312,20,0,0,0,0,0,1,1,10,2023,42
2023-10-18,Hospital_B,O_negative,27,32,317,27,0,0,0,0,0,1,2,10,2023,42
2023-10-19,Hospital_B,O_negative,13,16,320,13,0,0,0,0,0,1,3,10,2023,42
2023-10-20,Hospital_B,O_negative,12,17,325,12,0,0,0,0,0,1,4,10,2023,42
2023-10-21,Hospital_B,O_negative,14,12,323,14,0,0,0,1,0,1,5,10,2023,42
2023-10-22,Hospital_B,O_negative,8,11,326,8,0,0,0,1,0,1,6,10,2023,42
2023-10-23,Hospital_B,O_negative,15,15,326,15,0,0,0,0,0,1,0,10,2023,43
2023-10-24,Hospital_B,O_negative,13,17,330,13,0,0,0,0,0,1,1,10,2023,43
2023-10-25,Hospital_B,O_negative,14,14,330,14,0,0,0,0,0,1,2,10,2023,43
2023-10-26,Hospital_B,O_negative,10,10,330,10,0,12,0,0,0,1,3,10,2023,43
2023-10-27,Hospital_B,O_negative,7,11,334,7,0,5,0,0,0,1,4,10,2023,43
2023-10-28,Hospital_B,O_negative,7,11,338,7,0,0,0,1,0,1,5,10,2023,43
2023-10-29,Hospital_B,O_negative,4,7,341,4,0,8,0,1,0,1,6,10,2023,43
2023-10-30,Hospital_B,O_negative,19,24,346,19,0,1,0,0,0,1,0,10,2023,44
2023-10-31,Hospital_B,O_negative,8,13,351,8,0,5,0,0,0,1,1,10,2023,44
2023-11-01,Hospital_B,O_negative,19,17,349,19,0,0,0,0,0,0,2,11,2023,44
2023-11-02,Hospital_B,O_negative,11,14,352,11,0,0,0,0,0,0,3,11,2023,44
2023-11-03,Hospital_B,O_negative,15,16,353,15,0,9,0,0,0,0,4,11,2023,44
2023-11-04,Hospital_B,O_negative,8,15,360,8,0,1,0,1,0,0,5,11,2023,44
2023-11-05,Hospital_B,O_negative,6,8,362,6,0,0,0,1,0,0,6,11,2023,44
2023-11-06,Hospital_B,O_negative,7,7,362,7,0,0,0,0,0,0,0,11,2023,45
2023-11-07,Hospital_B,O_negative,7,7,362,7,0,0,0,0,0,0,1,11,2023,45
2023-11-08,Hospital_B,O_negative,11,17,368,11,0,0,0,0,0,0,2,11,2023,45
2023-11-09,Hospital_B,O_negative,6,6,368,6,0,6,0,0,0,0,3,11,2023,45
2023-11-10,Hospital_B,O_negative,12,12,368,12,0,1,0,0,0,0,4,11,2023,45
2023-11-11,Hospital_B,O_negative,6,6,368,6,0,0,0,1,0,0,5,11,2023,45
2023-11-12,Hospital_B,O_negative,7,7,368,7,0,16,0,1,1,0,6,11,2023,45
2023-11-13,Hospital_B,O_negative,11,11,368,11,0,5,0,0,0,0,0,11,2023,46
2023-11-14,Hospital_B,O_negative,24,25,369,24,0,0,0,0,0,0,1,11,2023,46
2023-11-15,Hospital_B,O_negative,37,53,385,37,0,0,0,0,0,0,2,11,2023,46
2023-11-16,Hospital_B,O_negative,9,11,387,9,0,0,0,0,0,0,3,11,2023,46
2023-11-17,Hospital_B,O_negative,23,27,391,23,0,0,0,0,0,0,4,11,2023,46
2023-11-18,Hospital_B,O_negative,7,10,394,7,0,0,0,1,0,0,5,11,2023,46
2023-11-19,Hospital_B,O_negative,7,10,397,7,0,0,0,1,0,0,6,11,2023,46
2023-11-20,Hospital_B,O_negative,14,13,396,14,0,0,0,0,0,0,0,11,2023,47
2023-11-21,Hospital_B,O_negative,9,14,401,9,0,0,0,0,0,0,1,11,2023,47
2023-11-22,Hospital_B,O_negative,9,9,401,9,0,19,0,0,0,0,2,11,2023,47
2023-11-23,Hospital_B,O_negative,14,12,399,14,0,5,0,0,0,0,3,11,2023,47
2023-11-24,Hospital_B,O_negative,13,17,403,13,0,23,0,0,0,0,4,11,2023,47
2023-11-25,Hospital_B,O_negative,8,10,405,8,0,46,0,1,0,0,5,11,2023,47
2023-11-26,Hospital_B,O_negative,5,7,407,5,0,41,0,1,0,0,6,11,2023,47
2023-11-27,Hospital_B,O_negative,12,14,409,12,0,29,0,0,0,0,0,11,2023,48
2023-11-28,Hospital_B,O_negative,7,7,409,7,0,42,0,0,0,0,1,11,2023,48
2023-11-29,Hospital_B,O_negative,14,15,388,14,22,6,0,0,0,0,2,11,2023,48
2023-11-30,Hospital_B,O_negative,22,19,385,22,0,2,0,0,0,0,3,11,2023,48
2023-12-01,Hospital_B,O_negative,9,4,380,9,0,8,0,0,0,0,4,12,2023,48
2023-12-02,Hospital_B,O_negative,23,23,380,23,0,0,0,1,0,0,5,12,2023,48
2023-12-03,Hospital_B,O_negative,10,18,388,10,0,0,0,1,0,0,6,12,2023,48
2023-12-04,Hospital_B,O_negative,13,11,386,13,0,0,0,0,0,0,0,12,2023,49
2023-12-05,Hospital_B,O_negative,16,22,392,16,0,0,0,0,0,0,1,12,2023,49
2023-12-06,Hospital_B,O_negative,10,12,394,10,0,0,0,0,0,0,2,12,2023,49
2023-12-07,Hospital_B,O_negative,15,19,398,15,0,0,0,0,0,0,3,12,2023,49
2023-12-08,Hospital_B,O_negative,7,3,394,7,0,0,0,0,0,0,4,12,2023,49
2023-12-09,Hospital_B,O_negative,9,15,400,9,0,0,0,1,0,0,5,12,2023,49
2023-12-10,Hospital_B,O_negative,5,10,405,5,0,0,0,1,0,0,6,12,2023,49
2023-12-11,Hospital_B,O_negative,10,13,408,10,0,0,0,0,0,0,0,12,2023,50
2023-12-12,Hospital_B,O_negative,9,12,411,9,0,0,0,0,0,0,1,12,2023,50
2023-12-13,Hospital_B,O_negative,12,12,411,12,0,0,0,0,0,0,2,12,2023,50
2023-12-14,Hospital_B,O_negative,15,18,414,15,0,0,0,0,0,0,3,12,2023,50
2023-12-15,Hospital_B,O_negative,20,22,416,20,0,0,0,0,0,0,4,12,2023,50
2023-12-16,Hospital_B,O_negative,4,6,418,4,0,0,0,1,0,0,5,12,2023,50
2023-12-17,Hospital_B,O_negative,10,8,416,10,0,17,0,1,0,0,6,12,2023,50
2023-12-18,Hospital_B,O_negative,11,23,428,11,0,6,0,0,0,0,0,12,2023,51
2023-12-19,Hospital_B,O_negative,8,10,430,8,0,10,0,0,0,0,1,12,2023,51
2023-12-20,Hospital_B,O_negative,7,11,434,7,0,3,0,0,0,0,2,12,2023,51
2023-12-21,Hospital_B,O_negative,11,11,434,11,0,52,0,0,0,0,3,12,2023,51
2023-12-22,Hospital_B,O_negative,12,12,434,12,0,63,0,0,0,0,4,12,2023,51
2023-12-23,Hospital_B,O_negative,13,9,430,13,0,68,0,1,0,0,5,12,2023,51
2023-12-24,Hospital_B,O_negative,6,9,433,6,0,69,0,1,0,0,6,12,2023,51
2023-12-25,Hospital_B,O_negative,8,12,416,8,21,79,0,0,1,0,0,12,2023,52
2023-12-26,Hospital_B,O_negative,10,14,405,10,15,68,0,0,0,0,1,12,2023,52
2023-12-27,Hospital_B,O_negative,24,32,405,24,8,36,0,0,0,0,2,12,2023,52
2023-12-28,Hospital_B,O_negative,12,12,405,12,0,67,0,0,0,0,3,12,2023,52
2023-12-29,Hospital_B,O_negative,12,12,395,12,10,76,0,0,0,0,4,12,2023,52
2023-12-30,Hospital_B,O_negative,9,10,394,9,2,79,0,1,0,0,5,12,2023,52
2023-12-31,Hospital_B,O_negative,7,9,396,7,0,72,0,1,0,0,6,12,2023,52
2021-01-01,Hospital_C,O_positive,14,12,193,14,0,0,0,0,0,0,4,1,2021,53
2021-01-02,Hospital_C,O_positive,10,15,198,10,0,0,0,1,0,0,5,1,2021,53
2021-01-03,Hospital_C,O_positive,8,8,198,8,0,0,0,1,0,0,6,1,2021,53
2021-01-04,Hospital_C,O_positive,11,9,196,11,0,0,0,0,0,0,0,1,2021,1
2021-01-05,Hospital_C,O_positive,16,12,192,16,0,0,0,0,0,0,1,1,2021,1
2021-01-06,Hospital_C,O_positive,11,19,200,11,0,0,0,0,0,0,2,1,2021,1
2021-01-07,Hospital_C,O_positive,9,6,197,9,0,0,0,0,0,0,3,1,2021,1
2021-01-08,Hospital_C,O_positive,12,14,199,12,0,0,0,0,0,0,4,1,2021,1
2021-01-09,Hospital_C,O_positive,20,23,202,20,0,0,0,1,0,0,5,1,2021,1
2021-01-10,Hospital_C,O_positive,10,8,200,10,0,0,0,1,0,0,6,1,2021,1
2021-01-11,Hospital_C,O_positive,21,23,202,21,0,0,0,0,0,0,0,1,2021,2
2021-01-12,Hospital_C,O_positive,22,23,203,22,0,0,0,0,0,0,1,1,2021,2
2021-01-13,Hospital_C,O_positive,17,14,200,17,0,0,0,0,0,0,2,1,2021,2
2021-01-14,Hospital_C,O_positive,12,13,201,12,0,0,0,0,0,0,3,1,2021,2
2021-01-15,Hospital_C,O_positive,30,36,207,30,0,0,0,0,0,0,4,1,2021,2
2021-01-16,Hospital_C,O_positive,10,13,210,10,0,0,0,1,0,0,5,1,2021,2
2021-01-17,Hospital_C,O_positive,9,11,212,9,0,0,0,1,0,0,6,1,2021,2
2021-01-18,Hospital_C,O_positive,10,9,211,10,0,0,0,0,0,0,0,1,2021,3
2021-01-19,Hospital_C,O_positive,17,10,204,17,0,0,0,0,0,0,1,1,2021,3
2021-01-20,Hospital_C,O_positive,13,17,208,13,0,0,0,0,0,0,2,1,2021,3
2021-01-21,Hospital_C,O_positive,21,20,207,21,0,0,0,0,0,0,3,1,2021,3
2021-01-22,Hospital_C,O_positive,16,16,207,16,0,0,0,0,0,0,4,1,2021,3
2021-01-23,Hospital_C,O_positive,9,7,205,9,0,0,0,1,0,0,5,1,2021,3
2021-01-24,Hospital_C,O_positive,5,3,203,5,0,0,0,1,0,0,6,1,2021,3
2021-01-25,Hospital_C,O_positive,18,18,203,18,0,0,0,0,0,0,0,1,2021,4
2021-01-26,Hospital_C,O_positive,9,11,205,9,0,0,0,0,1,0,1,1,2021,4
2021-01-27,Hospital_C,O_positive,13,9,201,13,0,0,0,0,0,0,2,1,2021,4
2021-01-28,Hospital_C,O_positive,8,9,202,8,0,0,0,0,0,0,3,1,2021,4
2021-01-29,Hospital_C,O_positive,21,19,200,21,0,0,0,0,0,0,4,1,2021,4
2021-01-30,Hospital_C,O_positive,7,10,203,7,0,0,0,1,0,0,5,1,2021,4
2021-01-31,Hospital_C,O_positive,8,12,207,8,0,0,0,1,0,0,6,1,2021,4
2021-02-01,Hospital_C,O_positive,22,28,213,22,0,0,0,0,0,0,0,2,2021,5
2021-02-02,Hospital_C,O_positive,12,16,217,12,0,0,0,0,0,0,1,2,2021,5
2021-02-03,Hospital_C,O_positive,14,18,221,14,0,0,0,0,0,0,2,2,2021,5
2021-02-04,Hospital_C,O_positive,8,12,225,8,0,0,0,0,0,0,3,2,2021,5
2021-02-05,Hospital_C,O_positive,14,19,230,14,0,0,0,0,0,0,4,2,2021,5
2021-02-06,Hospital_C,O_positive,7,5,228,7,0,0,0,1,0,0,5,2,2021,5
2021-02-07,Hospital_C,O_positive,5,10,233,5,0,0,0,1,0,0,6,2,2021,5
2021-02-08,Hospital_C,O_positive,16,21,238,16,0,0,0,0,0,0,0,2,2021,6
2021-02-09,Hospital_C,O_positive,18,15,235,18,0,0,0,0,0,0,1,2,2021,6
2021-02-10,Hospital_C,O_positive,18,25,242,18,0,0,0,0,0,0,2,2,2021,6
2021-02-11,Hospital_C,O_positive,20,20,242,20,0,0,0,0,0,0,3,2,2021,6
2021-02-12,Hospital_C,O_positive,14,22,250,14,0,0,0,0,0,0,4,2,2021,6
2021-02-13,Hospital_C,O_positive,9,9,250,9,0,0,0,1,0,0,5,2,2021,6
2021-02-14,Hospital_C,O_positive,9,8,249,9,0,0,0,1,0,0,6,2,2021,6
2021-02-15,Hospital_C,O_positive,27,22,244,27,0,0,0,0,0,0,0,2,2021,7
2021-02-16,Hospital_C,O_positive,20,31,255,20,0,0,0,0,0,0,1,2,2021,7
2021-02-17,Hospital_C,O_positive,17,17,255,17,0,0,0,0,0,0,2,2,2021,7
2021-02-18,Hospital_C,O_positive,20,26,261,20,0,0,0,0,0,0,3,2,2021,7
2021-02-19,Hospital_C,O_positive,19,30,272,19,0,0,0,0,0,0,4,2,2021,7
2021-02-20,Hospital_C,O_positive,11,14,275,11,0,0,0,1,0,0,5,2,2021,7
2021-02-21,Hospital_C,O_positive,9,14,280,9,0,0,0,1,0,0,6,2,2021,7
2021-02-22,Hospital_C,O_positive,15,16,281,15,0,0,0,0,0,0,0,2,2021,8
2021-02-23,Hospital_C,O_positive,9,13,285,9,0,0,0,0,0,0,1,2,2021,8
2021-02-24,Hospital_C,O_positive,12,19,292,12,0,0,0,0,0,0,2,2,2021,8
2021-02-25,Hospital_C,O_positive,11,12,293,11,0,0,0,0,0,0,3,2,2021,8
2021-02-26,Hospital_C,O_positive,12,13,294,12,0,0,0,0,0,0,4,2,2021,8
2021-02-27,Hospital_C,O_positive,5,4,293,5,0,0,0,1,0,0,5,2,2021,8
2021-02-28,Hospital_C,O_positive,15,19,297,15,0,0,0,1,0,0,6,2,2021,8
2021-03-01,Hospital_C,O_positive,24,26,299,24,0,0,0,0,0,0,0,3,2021,9
2021-03-02,Hospital_C,O_positive,18,21,302,18,0,0,0,0,0,0,1,3,2021,9
2021-03-03,Hospital_C,O_positive,9,13,306,9,0,0,0,0,0,0,2,3,2021,9
2021-03-04,Hospital_C,O_positive,11,9,304,11,0,0,0,0,0,0,3,3,2021,9
2021-03-05,Hospital_C,O_positive,20,18,302,20,0,0,0,0,0,0,4,3,2021,9
2021-03-06,Hospital_C,O_positive,7,9,304,7,0,0,0,1,0,0,5,3,2021,9
2021-03-07,Hospital_C,O_positive,10,9,303,10,0,0,0,1,0,0,6,3,2021,9
2021-03-08,Hospital_C,O_positive,21,12,294,21,0,0,0,0,0,0,0,3,2021,10
2021-03-09,Hospital_C,O_positive,12,18,300,12,0,0,0,0,0,0,1,3,2021,10
2021-03-10,Hospital_C,O_positive,19,19,300,19,0,0,0,0,0,0,2,3,2021,10
2021-03-11,Hospital_C,O_positive,15,21,306,15,0,0,0,0,0,0,3,3,2021,10
2021-03-12,Hospital_C,O_positive,14,17,309,14,0,0,0,0,0,0,4,3,2021,10
2021-03-13,Hospital_C,O_positive,12,22,319,12,0,0,0,1,0,0,5,3,2021,10
2021-03-14,Hospital_C,O_positive,17,25,327,17,0,0,0,1,0,0,6,3,2021,10
2021-03-15,Hospital_C,O_positive,16,20,331,16,0,0,0,0,0,0,0,3,2021,11
2021-03-16,Hospital_C,O_positive,11,11,331,11,0,0,0,0,0,0,1,3,2021,11
2021-03-17,Hospital_C,O_positive,23,30,338,23,0,0,0,0,0,0,2,3,2021,11
2021-03-18,Hospital_C,O_positive,23,22,337,23,0,0,0,0,0,0,3,3,2021,11
2021-03-19,Hospital_C,O_positive,19,19,337,19,0,0,0,0,0,0,4,3,2021,11
2021-03-20,Hospital_C,O_positive,14,19,342,14,0,0,0,1,0,0,5,3,2021,11
2021-03-21,Hospital_C,O_positive,10,11,343,10,0,0,0,1,0,0,6,3,2021,11
2021-03-22,Hospital_C,O_positive,17,17,343,17,0,0,0,0,0,0,0,3,2021,12
2021-03-23,Hospital_C,O_positive,13,15,345,13,0,0,0,0,0,0,1,3,2021,12
2021-03-24,Hospital_C,O_positive,15,17,347,15,0,0,0,0,0,0,2,3,2021,12
2021-03-25,Hospital_C,O_positive,21,17,343,21,0,0,0,0,0,0,3,3,2021,12
2021-03-26,Hospital_C,O_positive,18,11,336,18,0,0,0,0,0,0,4,3,2021,12
2021-03-27,Hospital_C,O_positive,11,15,340,11,0,0,0,1,0,0,5,3,2021,12
2021-03-28,Hospital_C,O_positive,11,21,350,11,0,0,0,1,0,0,6,3,2021,12
2021-03-29,Hospital_C,O_positive,7,10,353,7,0,0,0,0,1,0,0,3,2021,13
2021-03-30,Hospital_C,O_positive,15,16,354,15,0,0,0,0,0,0,1,3,2021,13
2021-03-31,Hospital_C,O_positive,12,14,356,12,0,0,0,0,0,0,2,3,2021,13
2021-04-01,Hospital_C,O_positive,20,28,364,20,0,0,0,0,0,0,3,4,2021,13
2021-04-02,Hospital_C,O_positive,10,7,361,10,0,0,0,0,0,0,4,4,2021,13
2021-04-03,Hospital_C,O_positive,6,4,359,6,0,0,0,1,0,0,5,4,2021,13
2021-04-04,Hospital_C,O_positive,7,12,364,7,0,0,0,1,0,0,6,4,2021,13
2021-04-05,Hospital_C,O_positive,17,19,366,17,0,0,0,0,0,0,0,4,2021,14
2021-04-06,Hospital_C,O_positive,13,13,366,13,0,0,0,0,0,0,1,4,2021,14
2021-04-07,Hospital_C,O_positive,18,28,376,18,0,0,0,0,0,0,2,4,2021,14
2021-04-08,Hospital_C,O_positive,11,18,383,11,0,0,0,0,0,0,3,4,2021,14
2021-04-09,Hospital_C,O_positive,12,11,382,12,0,0,0,0,0,0,4,4,2021,14
2021-04-10,Hospital_C,O_positive,21,13,374,21,0,0,0,1,0,0,5,4,2021,14
2021-04-11,Hospital_C,O_positive,11,14,377,11,0,0,0,1,0,0,6,4,2021,14
2021-04-12,Hospital_C,O_positive,21,31,387,21,0,0,0,0,0,0,0,4,2021,15
2021-04-13,Hospital_C,O_positive,10,9,386,10,0,0,0,0,0,0,1,4,2021,15
2021-04-14,Hospital_C,O_positive,11,10,385,11,0,0,0,0,0,0,2,4,2021,15
2021-04-15,Hospital_C,O_positive,13,16,388,13,0,0,0,0,0,0,3,4,2021,15
2021-04-16,Hospital_C,O_positive,14,15,389,14,0,0,0,0,0,0,4,4,2021,15
2021-04-17,Hospital_C,O_positive,11,8,386,11,0,0,0,1,0,0,5,4,2021,15
2021-04-18,Hospital_C,O_positive,4,1,383,4,0,4,0,1,0,0,6,4,2021,15
2021-04-19,Hospital_C,O_positive,20,23,386,20,0,6,0,0,0,0,0,4,2021,16
2021-04-20,Hospital_C,O_positive,18,13,381,18,0,0,0,0,0,0,1,4,2021,16
2021-04-21,Hospital_C,O_positive,11,15,385,11,0,7,0,0,0,0,2,4,2021,16
2021-04-22,Hospital_C,O_positive,22,24,387,22,0,0,0,0,0,0,3,4,2021,16
2021-04-23,Hospital_C,O_positive,15,22,394,15,0,0,0,0,0,0,4,4,2021,16
2021-04-24,Hospital_C,O_positive,8,11,397,8,0,0,0,1,0,0,5,4,2021,16
2021-04-25,Hospital_C,O_positive,14,11,394,14,0,0,0,1,0,0,6,4,2021,16
2021-04-26,Hospital_C,O_positive,20,23,397,20,0,0,0,0,0,0,0,4,2021,17
2021-04-27,Hospital_C,O_positive,11,14,400,11,0,0,0,0,0,0,1,4,2021,17
2021-04-28,Hospital_C,O_positive,13,11,398,13,0,0,0,0,0,0,2,4,2021,17
2021-04-29,Hospital_C,O_positive,16,26,408,16,0,0,0,0,0,0,3,4,2021,17
2021-04-30,Hospital_C,O_positive,16,17,409,16,0,0,0,0,0,0,4,4,2021,17
2021-05-01,Hospital_C,O_positive,9,8,408,9,0,0,0,1,0,0,5,5,2021,17
2021-05-02,Hospital_C,O_positive,10,10,408,10,0,0,0,1,0,0,6,5,2021,17
2021-05-03,Hospital_C,O_positive,17,16,407,17,0,0,0,0,0,0,0,5,2021,18
2021-05-04,Hospital_C,O_positive,13,22,416,13,0,7,0,0,0,0,1,5,2021,18
2021-05-05,Hospital_C,O_positive,11,12,417,11,0,0,0,0,0,0,2,5,2021,18
2021-05-06,Hospital_C,O_positive,15,16,418,15,0,21,0,0,0,0,3,5,2021,18
2021-05-07,Hospital_C,O_positive,15,15,418,15,0,6,0,0,0,0,4,5,2021,18
2021-05-08,Hospital_C,O_positive,6,7,419,6,0,0,0,1,0,0,5,5,2021,18
2021-05-09,Hospital_C,O_positive,9,7,417,9,0,0,0,1,0,0,6,5,2021,18
2021-05-10,Hospital_C,O_positive,14,20,423,14,0,0,0,0,0,0,0,5,2021,19
2021-05-11,Hospital_C,O_positive,20,17,420,20,0,0,0,0,0,0,1,5,2021,19
2021-05-12,Hospital_C,O_positive,15,16,421,15,0,0,0,0,0,0,2,5,2021,19
2021-05-13,Hospital_C,O_positive,13,7,415,13,0,0,0,0,0,0,3,5,2021,19
2021-05-14,Hospital_C,O_positive,9,9,415,9,0,0,0,0,0,0,4,5,2021,19
2021-05-15,Hospital_C,O_positive,6,2,411,6,0,0,0,1,0,0,5,5,2021,19
2021-05-16,Hospital_C,O_positive,14,17,414,14,0,0,0,1,0,0,6,5,2021,19
2021-05-17,Hospital_C,O_positive,18,17,413,18,0,45,0,0,0,0,0,5,2021,20
2021-05-18,Hospital_C,O_positive,17,25,421,17,0,69,0,0,0,0,1,5,2021,20
2021-05-19,Hospital_C,O_positive,12,18,427,12,0,95,0,0,0,0,2,5,2021,20
2021-05-20,Hospital_C,O_positive,18,26,435,18,0,77,0,0,0,0,3,5,2021,20
2021-05-21,Hospital_C,O_positive,14,14,435,14,0,63,0,0,0,0,4,5,2021,20
2021-05-22,Hospital_C,O_positive,7,4,407,7,25,48,0,1,0,0,5,5,2021,20
2021-05-23,Hospital_C,O_positive,10,8,374,10,31,45,0,1,0,0,6,5,2021,20
2021-05-24,Hospital_C,O_positive,11,8,371,11,0,34,0,0,0,0,0,5,2021,21
2021-05-25,Hospital_C,O_positive,7,7,371,7,0,43,0,0,0,0,1,5,2021,21
2021-05-26,Hospital_C,O_positive,16,17,372,16,0,27,0,0,0,0,2,5,2021,21
2021-05-27,Hospital_C,O_positive,22,22,361,22,11,0,0,0,0,0,3,5,2021,21
2021-05-28,Hospital_C,O_positive,10,10,361,10,0,0,0,0,0,0,4,5,2021,21
2021-05-29,Hospital_C,O_positive,15,20,366,15,0,0,0,1,0,0,5,5,2021,21
2021-05-30,Hospital_C,O_positive,13,15,368,13,0,0,0,1,0,0,6,5,2021,21
2021-05-31,Hospital_C,O_positive,11,9,366,11,0,7,0,0,0,0,0,5,2021,22
2021-06-01,Hospital_C,O_positive,20,20,366,20,0,9,0,0,0,0,1,6,2021,22
2021-06-02,Hospital_C,O_positive,6,8,368,6,0,3,0,0,0,0,2,6,2021,22
2021-06-03,Hospital_C,O_positive,8,7,367,8,0,0,0,0,0,0,3,6,2021,22
2021-06-04,Hospital_C,O_positive,14,17,370,14,0,0,0,0,0,0,4,6,2021,22
2021-06-05,Hospital_C,O_positive,9,11,372,9,0,0,0,1,0,0,5,6,2021,22
2021-06-06,Hospital_C,O_positive,12,15,375,12,0,0,0,1,0,0,6,6,2021,22
2021-06-07,Hospital_C,O_positive,20,13,368,20,0,0,0,0,0,0,0,6,2021,23
2021-06-08,Hospital_C,O_positive,19,26,375,19,0,6,0,0,0,0,1,6,2021,23
2021-06-09,Hospital_C,O_positive,16,13,372,16,0,4,0,0,0,0,2,6,2021,23
2021-06-10,Hospital_C,O_positive,14,17,375,14,0,14,0,0,0,0,3,6,2021,23
2021-06-11,Hospital_C,O_positive,16,12,371,16,0,0,0,0,0,0,4,6,2021,23
2021-06-12,Hospital_C,O_positive,14,11,368,14,0,2,0,1,0,0,5,6,2021,23
2021-06-13,Hospital_C,O_positive,5,5,368,5,0,22,0,1,0,0,6,6,2021,23
2021-06-14,Hospital_C,O_positive,7,10,371,7,0,25,0,0,0,0,0,6,2021,24
2021-06-15,Hospital_C,O_positive,12,8,367,12,0,13,0,0,0,0,1,6,2021,24
2021-06-16,Hospital_C,O_positive,7,10,370,7,0,6,0,0,0,0,2,6,2021,24
2021-06-17,Hospital_C,O_positive,12,14,372,12,0,0,0,0,0,0,3,6,2021,24
2021-06-18,Hospital_C,O_positive,17,10,365,17,0,0,0,0,0,0,4,6,2021,24
2021-06-19,Hospital_C,O_positive,14,14,365,14,0,0,0,1,0,0,5,6,2021,24
2021-06-20,Hospital_C,O_positive,10,10,365,10,0,14,0,1,0,0,6,6,2021,24
2021-06-21,Hospital_C,O_positive,14,11,362,14,0,0,0,0,0,0,0,6,2021,25
2021-06-22,Hospital_C,O_positive,11,12,363,11,0,45,0,0,0,0,1,6,2021,25
2021-06-23,Hospital_C,O_positive,14,13,362,14,0,31,0,0,0,0,2,6,2021,25
2021-06-24,Hospital_C,O_positive,14,27,375,14,0,29,0,0,0,0,3,6,2021,25
2021-06-25,Hospital_C,O_positive,33,30,372,33,0,29,0,0,0,0,4,6,2021,25
2021-06-26,Hospital_C,O_positive,9,13,376,9,0,20,0,1,0,0,5,6,2021,25
2021-06-27,Hospital_C,O_positive,10,8,374,10,0,10,0,1,0,0,6,6,2021,25
2021-06-28,Hospital_C,O_positive,19,22,377,19,0,0,0,0,0,0,0,6,2021,26
2021-06-29,Hospital_C,O_positive,13,21,385,13,0,0,0,0,0,0,1,6,2021,26
2021-06-30,Hospital_C,O_positive,20,20,385,20,0,7,0,0,0,0,2,6,2021,26
2021-07-01,Hospital_C,O_positive,38,51,398,38,0,0,0,0,0,1,3,7,2021,26
2021-07-02,Hospital_C,O_positive,20,27,405,20,0,0,0,0,0,1,4,7,2021,26
2021-07-03,Hospital_C,O_positive,17,22,410,17,0,0,0,1,0,1,5,7,2021,26
2021-07-04,Hospital_C,O_positive,18,16,408,18,0,0,0,1,0,1,6,7,2021,26
2021-07-05,Hospital_C,O_positive,13,10,405,13,0,0,0,0,0,1,0,7,2021,27
2021-07-06,Hospital_C,O_positive,25,33,413,25,0,0,0,0,0,1,1,7,2021,27
2021-07-07,Hospital_C,O_positive,23,34,424,23,0,0,0,0,0,1,2,7,2021,27
2021-07-08,Hospital_C,O_positive,23,29,430,23,0,0,0,0,0,1,3,7,2021,27
2021-07-09,Hospital_C,O_positive,28,38,440,28,0,0,0,0,0,1,4,7,2021,27
2021-07-10,Hospital_C,O_positive,16,11,435,16,0,0,0,1,0,1,5,7,2021,27
2021-07-11,Hospital_C,O_positive,20,26,441,20,0,0,0,1,0,1,6,7,2021,27
2021-07-12,Hospital_C,O_positive,31,29,439,31,0,0,0,0,0,1,0,7,2021,28
2021-07-13,Hospital_C,O_positive,21,23,441,21,0,0,0,0,0,1,1,7,2021,28
2021-07-14,Hospital_C,O_positive,26,30,445,26,0,0,0,0,0,1,2,7,2021,28
2021-07-15,Hospital_C,O_positive,13,10,442,13,0,0,0,0,0,1,3,7,2021,28
2021-07-16,Hospital_C,O_positive,17,16,441,17,0,0,0,0,0,1,4,7,2021,28
2021-07-17,Hospital_C,O_positive,9,11,443,9,0,0,0,1,0,1,5,7,2021,28
2021-07-18,Hospital_C,O_positive,19,18,442,19,0,0,0,1,0,1,6,7,2021,28
2021-07-19,Hospital_C,O_positive,23,18,437,23,0,0,0,0,0,1,0,7,2021,29
2021-07-20,Hospital_C,O_positive,33,35,439,33,0,0,0,0,0,1,1,7,2021,29
2021-07-21,Hospital_C,O_positive,28,34,445,28,0,0,0,0,0,1,2,7,2021,29
2021-07-22,Hospital_C,O_positive,16,16,445,16,0,0,0,0,0,1,3,7,2021,29
2021-07-23,Hospital_C,O_positive,25,24,444,25,0,0,0,0,0,1,4,7,2021,29
2021-07-24,Hospital_C,O_positive,8,12,448,8,0,0,0,1,0,1,5,7,2021,29
2021-07-25,Hospital_C,O_positive,33,27,442,33,0,0,0,1,0,1,6,7,2021,29
2021-07-26,Hospital_C,O_positive,39,40,443,39,0,0,0,0,0,1,0,7,2021,30
2021-07-27,Hospital_C,O_positive,17,17,443,17,0,0,0,0,0,1,1,7,2021,30
2021-07-28,Hospital_C,O_positive,35,41,449,35,0,0,0,0,0,1,2,7,2021,30
2021-07-29,Hospital_C,O_positive,32,28,445,32,0,0,0,0,0,1,3,7,2021,30
2021-07-30,Hospital_C,O_positive,25,27,447,25,0,0,0,0,0,1,4,7,2021,30
2021-07-31,Hospital_C,O_positive,23,24,448,23,0,0,0,1,0,1,5,7,2021,30
2021-08-01,Hospital_C,O_positive,12,11,447,12,0,0,0,1,0,1,6,8,2021,30
2021-08-02,Hospital_C,O_positive,24,26,449,24,0,0,0,0,0,1,0,8,2021,31
2021-08-03,Hospital_C,O_positive,23,26,452,23,0,0,0,0,0,1,1,8,2021,31
2021-08-04,Hospital_C,O_positive,24,29,457,24,0,0,0,0,0,1,2,8,2021,31
2021-08-05,Hospital_C,O_positive,19,17,455,19,0,0,0,0,0,1,3,8,2021,31
2021-08-06,Hospital_C,O_positive,27,36,464,27,0,0,0,0,0,1,4,8,2021,31
2021-08-07,Hospital_C,O_positive,12,20,472,12,0,0,0,1,0,1,5,8,2021,31
2021-08-08,Hospital_C,O_positive,26,31,477,26,0,0,0,1,0,1,6,8,2021,31
2021-08-09,Hospital_C,O_positive,21,23,479,21,0,0,0,0,0,1,0,8,2021,32
2021-08-10,Hospital_C,O_positive,37,35,477,37,0,0,0,0,0,1,1,8,2021,32
2021-08-11,Hospital_C,O_positive,27,26,476,27,0,0,0,0,0,1,2,8,2021,32
2021-08-12,Hospital_C,O_positive,28,33,481,28,0,0,0,0,0,1,3,8,2021,32
2021-08-13,Hospital_C,O_positive,13,13,481,13,0,0,0,0,0,1,4,8,2021,32
2021-08-14,Hospital_C,O_positive,16,13,478,16,0,0,0,1,0,1,5,8,2021,32
2021-08-15,Hospital_C,O_positive,15,12,475,15,0,0,0,1,1,1,6,8,2021,32
2021-08-16,Hospital_C,O_positive,27,30,478,27,0,0,0,0,0,1,0,8,2021,33
2021-08-17,Hospital_C,O_positive,22,28,484,22,0,0,0,0,0,1,1,8,2021,33
2021-08-18,Hospital_C,O_positive,35,40,489,35,0,0,0,0,0,1,2,8,2021,33
2021-08-19,Hospital_C,O_positive,21,21,489,21,0,0,0,0,0,1,3,8,2021,33
2021-08-20,Hospital_C,O_positive,27,27,489,27,0,0,0,0,0,1,4,8,2021,33
2021-08-21,Hospital_C,O_positive,15,19,493,15,0,0,0,1,0,1,5,8,2021,33
2021-08-22,Hospital_C,O_positive,17,13,489,17,0,0,0,1,0,1,6,8,2021,33
2021-08-23,Hospital_C,O_positive,15,17,491,15,0,0,0,0,0,1,0,8,2021,34
2021-08-24,Hospital_C,O_positive,35,34,490,35,0,0,0,0,0,1,1,8,2021,34
2021-08-25,Hospital_C,O_positive,18,20,492,18,0,0,0,0,0,1,2,8,2021,34
2021-08-26,Hospital_C,O_positive,16,19,495,16,0,0,0,0,0,1,3,8,2021,34
2021-08-27,Hospital_C,O_positive,41,45,499,41,0,0,0,0,0,1,4,8,2021,34
2021-08-28,Hospital_C,O_positive,18,29,510,18,0,0,0,1,0,1,5,8,2021,34
2021-08-29,Hospital_C,O_positive,17,26,519,17,0,0,0,1,0,1,6,8,2021,34
2021-08-30,Hospital_C,O_positive,22,22,519,22,0,0,0,0,0,1,0,8,2021,35
2021-08-31,Hospital_C,O_positive,20,24,523,20,0,0,0,0,0,1,1,8,2021,35
2021-09-01,Hospital_C,O_positive,26,29,526,26,0,0,0,0,0,1,2,9,2021,35
2021-09-02,Hospital_C,O_positive,16,19,529,16,0,0,0,0,0,1,3,9,2021,35
2021-09-03,Hospital_C,O_positive,25,28,532,25,0,0,0,0,0,1,4,9,2021,35
2021-09-04,Hospital_C,O_positive,22,25,535,22,0,0,0,1,0,1,5,9,2021,35
2021-09-05,Hospital_C,O_positive,18,24,541,18,0,0,0,1,0,1,6,9,2021,35
2021-09-06,Hospital_C,O_positive,22,26,545,22,0,0,0,0,0,1,0,9,2021,36
2021-09-07,Hospital_C,O_positive,23,24,546,23,0,0,0,0,0,1,1,9,2021,36
2021-09-08,Hospital_C,O_positive,22,19,543,22,0,0,0,0,0,1,2,9,2021,36
2021-09-09,Hospital_C,O_positive,17,19,545,17,0,0,0,0,0,1,3,9,2021,36
2021-09-10,Hospital_C,O_positive,16,21,550,16,0,0,0,0,0,1,4,9,2021,36
2021-09-11,Hospital_C,O_positive,32,34,552,32,0,0,0,1,0,1,5,9,2021,36
2021-09-12,Hospital_C,O_positive,18,21,555,18,0,0,0,1,0,1,6,9,2021,36
2021-09-13,Hospital_C,O_positive,29,42,568,29,0,0,0,0,0,1,0,9,2021,37
2021-09-14,Hospital_C,O_positive,24,29,573,24,0,0,0,0,0,1,1,9,2021,37
2021-09-15,Hospital_C,O_positive,23,27,577,23,0,0,0,0,0,1,2,9,2021,37
2021-09-16,Hospital_C,O_positive,23,20,574,23,0,0,0,0,0,1,3,9,2021,37
2021-09-17,Hospital_C,O_positive,38,32,568,38,0,0,0,0,0,1,4,9,2021,37
2021-09-18,Hospital_C,O_positive,15,13,566,15,0,0,0,1,0,1,5,9,2021,37
2021-09-19,Hospital_C,O_positive,19,26,573,19,0,0,0,1,0,1,6,9,2021,37
2021-09-20,Hospital_C,O_positive,24,25,574,24,0,0,0,0,0,1,0,9,2021,38
2021-09-21,Hospital_C,O_positive,34,36,576,34,0,0,0,0,0,1,1,9,2021,38
2021-09-22,Hospital_C,O_positive,25,22,573,25,0,0,0,0,0,1,2,9,2021,38
2021-09-23,Hospital_C,O_positive,16,15,572,16,0,0,0,0,0,1,3,9,2021,38
2021-09-24,Hospital_C,O_positive,30,34,576,30,0,0,0,0,0,1,4,9,2021,38
2021-09-25,Hospital_C,O_positive,12,16,580,12,0,0,0,1,0,1,5,9,2021,38
2021-09-26,Hospital_C,O_positive,14,12,578,14,0,0,0,1,0,1,6,9,2021,38
2021-09-27,Hospital_C,O_positive,27,41,592,27,0,0,0,0,0,1,0,9,2021,39
2021-09-28,Hospital_C,O_positive,15,18,595,15,0,0,0,0,0,1,1,9,2021,39
2021-09-29,Hospital_C,O_positive,34,36,597,34,0,0,0,0,0,1,2,9,2021,39
2021-09-30,Hospital_C,O_positive,28,35,604,28,0,0,0,0,0,1,3,9,2021,39
2021-10-01,Hospital_C,O_positive,30,33,607,30,0,0,0,0,0,1,4,10,2021,39
2021-10-02,Hospital_C,O_positive,11,12,608,11,0,0,0,1,1,1,5,10,2021,39
2021-10-03,Hospital_C,O_positive,18,20,610,18,0,0,0,1,0,1,6,10,2021,39
2021-10-04,Hospital_C,O_positive,19,21,612,19,0,0,0,0,0,1,0,10,2021,40
2021-10-05,Hospital_C,O_positive,27,30,615,27,0,0,0,0,0,1,1,10,2021,40
2021-10-06,Hospital_C,O_positive,26,24,613,26,0,0,0,0,0,1,2,10,2021,40
2021-10-07,Hospital_C,O_positive,27,36,622,27,0,0,0,0,0,1,3,10,2021,40
2021-10-08,Hospital_C,O_positive,19,20,623,19,0,0,0,0,0,1,4,10,2021,40
2021-10-09,Hospital_C,O_positive,20,25,628,20,0,0,0,1,0,1,5,10,2021,40
2021-10-10,Hospital_C,O_positive,11,10,627,11,0,0,0,1,0,1,6,10,2021,40
2021-10-11,Hospital_C,O_positive,44,41,624,44,0,0,0,0,0,1,0,10,2021,41
2021-10-12,Hospital_C,O_positive,17,23,630,17,0,0,0,0,0,1,1,10,2021,41
2021-10-13,Hospital_C,O_positive,27,30,633,27,0,0,0,0,0,1,2,10,2021,41
2021-10-14,Hospital_C,O_positive,21,19,631,21,0,0,0,0,0,1,3,10,2021,41
2021-10-15,Hospital_C,O_positive,19,18,630,19,0,0,0,0,0,1,4,10,2021,41
2021-10-16,Hospital_C,O_positive,18,17,629,18,0,0,0,1,0,1,5,10,2021,41
2021-10-17,Hospital_C,O_positive,22,12,619,22,0,0,0,1,0,1,6,10,2021,41
2021-10-18,Hospital_C,O_positive,34,28,613,34,0,0,0,0,0,1,0,10,2021,42
2021-10-19,Hospital_C,O_positive,24,32,621,24,0,0,0,0,0,1,1,10,2021,42
2021-10-20,Hospital_C,O_positive,21,17,617,21,0,0,0,0,0,1,2,10,2021,42
2021-10-21,Hospital_C,O_positive,25,26,618,25,0,0,0,0,0,1,3,10,2021,42
2021-10-22,Hospital_C,O_positive,17,16,617,17,0,0,0,0,0,1,4,10,2021,42
2021-10-23,Hospital_C,O_positive,16,18,619,16,0,0,0,1,0,1,5,10,2021,42
2021-10-24,Hospital_C,O_positive,12,20,627,12,0,0,0,1,0,1,6,10,2021,42
2021-10-25,Hospital_C,O_positive,22,30,635,22,0,0,0,0,0,1,0,10,2021,43
2021-10-26,Hospital_C,O_positive,23,22,634,23,0,1,0,0,0,1,1,10,2021,43
2021-10-27,Hospital_C,O_positive,21,23,636,21,0,5,0,0,0,1,2,10,2021,43
2021-10-28,Hospital_C,O_positive,18,19,637,18,0,28,0,0,0,1,3,10,2021,43
2021-10-29,Hospital_C,O_positive,24,37,650,24,0,83,0,0,0,1,4,10,2021,43
2021-10-30,Hospital_C,O_positive,14,14,650,14,0,99,0,1,0,1,5,10,2021,43
2021-10-31,Hospital_C,O_positive,20,24,654,20,0,94,0,1,0,1,6,10,2021,43
2021-11-01,Hospital_C,O_positive,17,18,655,17,0,93,0,0,0,0,0,11,2021,44
2021-11-02,Hospital_C,O_positive,14,8,617,14,32,109,0,0,0,0,1,11,2021,44
2021-11-03,Hospital_C,O_positive,13,15,603,13,16,99,0,0,0,0,2,11,2021,44
2021-11-04,Hospital_C,O_positive,9,8,600,9,2,116,0,0,1,0,3,11,2021,44
2021-11-05,Hospital_C,O_positive,24,22,591,24,7,133,0,0,0,0,4,11,2021,44
2021-11-06,Hospital_C,O_positive,9,12,556,9,38,86,0,1,0,0,5,11,2021,44
2021-11-07,Hospital_C,O_positive,4,6,548,4,10,108,0,1,0,0,6,11,2021,44
2021-11-08,Hospital_C,O_positive,20,30,534,20,24,64,0,0,0,0,0,11,2021,45
2021-11-09,Hospital_C,O_positive,16,20,510,16,28,20,0,0,0,0,1,11,2021,45
2021-11-10,Hospital_C,O_positive,19,19,510,19,0,1,0,0,0,0,2,11,2021,45
2021-11-11,Hospital_C,O_positive,13,13,509,13,1,0,0,0,0,0,3,11,2021,45
2021-11-12,Hospital_C,O_positive,10,8,507,10,0,0,0,0,0,0,4,11,2021,45
2021-11-13,Hospital_C,O_positive,26,31,512,26,0,0,0,1,0,0,5,11,2021,45
2021-11-14,Hospital_C,O_positive,11,13,514,11,0,0,0,1,0,0,6,11,2021,45
2021-11-15,Hospital_C,O_positive,16,23,521,16,0,0,0,0,0,0,0,11,2021,46
2021-11-16,Hospital_C,O_positive,20,19,520,20,0,0,0,0,0,0,1,11,2021,46
2021-11-17,Hospital_C,O_positive,14,14,520,14,0,6,0,0,0,0,2,11,2021,46
2021-11-18,Hospital_C,O_positive,17,17,520,17,0,1,0,0,0,0,3,11,2021,46
2021-11-19,Hospital_C,O_positive,10,11,521,10,0,7,0,0,0,0,4,11,2021,46
2021-11-20,Hospital_C,O_positive,11,14,524,11,0,10,0,1,0,0,5,11,2021,46
2021-11-21,Hospital_C,O_positive,8,9,525,8,0,2,0,1,0,0,6,11,2021,46
2021-11-22,Hospital_C,O_positive,17,19,527,17,0,0,0,0,0,0,0,11,2021,47
2021-11-23,Hospital_C,O_positive,11,15,531,11,0,0,0,0,0,0,1,11,2021,47
2021-11-24,Hospital_C,O_positive,16,16,531,16,0,0,0,0,0,0,2,11,2021,47
2021-11-25,Hospital_C,O_positive,18,16,529,18,0,0,0,0,0,0,3,11,2021,47
2021-11-26,Hospital_C,O_positive,14,18,533,14,0,0,0,0,0,0,4,11,2021,47
2021-11-27,Hospital_C,O_positive,7,7,533,7,0,0,0,1,0,0,5,11,2021,47
2021-11-28,Hospital_C,O_positive,9,10,534,9,0,0,0,1,0,0,6,11,2021,47
2021-11-29,Hospital_C,O_positive,21,15,528,21,0,0,0,0,0,0,0,11,2021,48
2021-11-30,Hospital_C,O_positive,14,17,531,14,0,1,0,0,0,0,1,11,2021,48
2021-12-01,Hospital_C,O_positive,12,20,539,12,0,19,0,0,0,0,2,12,2021,48
2021-12-02,Hospital_C,O_positive,20,19,538,20,0,0,0,0,0,0,3,12,2021,48
2021-12-03,Hospital_C,O_positive,19,23,542,19,0,43,0,0,0,0,4,12,2021,48
2021-12-04,Hospital_C,O_positive,9,4,537,9,0,34,0,1,0,0,5,12,2021,48
2021-12-05,Hospital_C,O_positive,12,17,542,12,0,73,0,1,0,0,6,12,2021,48
2021-12-06,Hospital_C,O_positive,20,15,537,20,0,53,0,0,0,0,0,12,2021,49
2021-12-07,Hospital_C,O_positive,14,13,534,14,2,61,0,0,0,0,1,12,2021,49
2021-12-08,Hospital_C,O_positive,28,27,533,28,0,33,0,0,0,0,2,12,2021,49
2021-12-09,Hospital_C,O_positive,12,15,527,12,9,51,0,0,0,0,3,12,2021,49
2021-12-10,Hospital_C,O_positive,10,10,527,10,0,64,0,0,0,0,4,12,2021,49
2021-12-11,Hospital_C,O_positive,12,12,525,12,2,50,0,1,0,0,5,12,2021,49
2021-12-12,Hospital_C,O_positive,14,19,530,14,0,55,0,1,0,0,6,12,2021,49
2021-12-13,Hospital_C,O_positive,14,11,514,14,13,59,0,0,0,0,0,12,2021,50
2021-12-14,Hospital_C,O_positive,10,14,509,10,9,59,0,0,0,0,1,12,2021,50
2021-12-15,Hospital_C,O_positive,21,22,510,21,0,46,0,0,0,0,2,12,2021,50
2021-12-16,Hospital_C,O_positive,21,23,512,21,0,74,0,0,0,0,3,12,2021,50
2021-12-17,Hospital_C,O_positive,13,17,516,13,0,80,0,0,0,0,4,12,2021,50
2021-12-18,Hospital_C,O_positive,18,22,516,18,4,58,0,1,0,0,5,12,2021,50
2021-12-19,Hospital_C,O_positive,9,18,525,9,0,66,0,1,0,0,6,12,2021,50
2021-12-20,Hospital_C,O_positive,19,15,491,19,30,17,0,0,0,0,0,12,2021,51
2021-12-21,Hospital_C,O_positive,18,22,495,18,0,0,0,0,0,0,1,12,2021,51
2021-12-22,Hospital_C,O_positive,15,12,492,15,0,41,0,0,0,0,2,12,2021,51
2021-12-23,Hospital_C,O_positive,22,22,492,22,0,37,0,0,0,0,3,12,2021,51
2021-12-24,Hospital_C,O_positive,14,13,491,14,0,23,0,0,0,0,4,12,2021,51
2021-12-25,Hospital_C,O_positive,0,0,491,0,0,50,0,1,1,0,5,12,2021,51
2021-12-26,Hospital_C,O_positive,10,8,484,10,5,58,0,1,0,0,6,12,2021,51
2021-12-27,Hospital_C,O_positive,16,26,486,16,8,34,0,0,0,0,0,12,2021,52
2021-12-28,Hospital_C,O_positive,29,32,489,29,0,31,0,0,0,0,1,12,2021,52
2021-12-29,Hospital_C,O_positive,11,16,494,11,0,37,0,0,0,0,2,12,2021,52
2021-12-30,Hospital_C,O_positive,15,15,494,15,0,37,0,0,0,0,3,12,2021,52
2021-12-31,Hospital_C,O_positive,22,28,500,22,0,59,0,0,0,0,4,12,2021,52
2022-01-01,Hospital_C,O_positive,12,12,500,12,0,63,0,1,0,0,5,1,2022,52
2022-01-02,Hospital_C,O_positive,11,12,501,11,0,52,0,1,0,0,6,1,2022,52
2022-01-03,Hospital_C,O_positive,15,19,505,15,0,37,0,0,0,0,0,1,2022,1
2022-01-04,Hospital_C,O_positive,10,11,485,10,21,25,0,0,0,0,1,1,2022,1
2022-01-05,Hospital_C,O_positive,7,9,481,7,6,12,0,0,0,0,2,1,2022,1
2022-01-06,Hospital_C,O_positive,14,10,477,14,0,19,0,0,0,0,3,1,2022,1
2022-01-07,Hospital_C,O_positive,19,26,484,19,0,4,0,0,0,0,4,1,2022,1
2022-01-08,Hospital_C,O_positive,8,10,486,8,0,0,0,1,0,0,5,1,2022,1
2022-01-09,Hospital_C,O_positive,9,13,490,9,0,33,0,1,0,0,6,1,2022,1
2022-01-10,Hospital_C,O_positive,18,25,497,18,0,57,0,0,0,0,0,1,2022,2
2022-01-11,Hospital_C,O_positive,10,13,500,10,0,69,0,0,0,0,1,1,2022,2
2022-01-12,Hospital_C,O_positive,11,15,504,11,0,80,0,0,0,0,2,1,2022,2
2022-01-13,Hospital_C,O_positive,25,25,504,25,0,82,0,0,0,0,3,1,2022,2
2022-01-14,Hospital_C,O_positive,13,10,490,13,11,58,0,0,0,0,4,1,2022,2
2022-01-15,Hospital_C,O_positive,7,7,481,7,9,42,0,1,0,0,5,1,2022,2
2022-01-16,Hospital_C,O_positive,8,8,466,8,15,32,0,1,0,0,6,1,2022,2
2022-01-17,Hospital_C,O_positive,31,33,449,31,19,0,0,0,0,0,0,1,2022,3
2022-01-18,Hospital_C,O_positive,11,10,448,11,0,0,0,0,0,0,1,1,2022,3
2022-01-19,Hospital_C,O_positive,8,11,451,8,0,0,0,0,0,0,2,1,2022,3
2022-01-20,Hospital_C,O_positive,15,22,458,15,0,0,0,0,0,0,3,1,2022,3
2022-01-21,Hospital_C,O_positive,25,32,465,25,0,0,0,0,0,0,4,1,2022,3
2022-01-22,Hospital_C,O_positive,9,11,467,9,0,0,0,1,0,0,5,1,2022,3
2022-01-23,Hospital_C,O_positive,11,12,468,11,0,5,0,1,0,0,6,1,2022,3
2022-01-24,Hospital_C,O_positive,19,21,470,19,0,0,0,0,0,0,0,1,2022,4
2022-01-25,Hospital_C,O_positive,12,14,472,12,0,4,0,0,0,0,1,1,2022,4
2022-01-26,Hospital_C,O_positive,8,10,474,8,0,23,0,0,1,0,2,1,2022,4
2022-01-27,Hospital_C,O_positive,15,17,476,15,0,8,0,0,0,0,3,1,2022,4
2022-01-28,Hospital_C,O_positive,13,10,473,13,0,5,0,0,0,0,4,1,2022,4
2022-01-29,Hospital_C,O_positive,11,12,474,11,0,7,0,1,0,0,5,1,2022,4
2022-01-30,Hospital_C,O_positive,9,10,475,9,0,0,0,1,0,0,6,1,2022,4
2022-01-31,Hospital_C,O_positive,21,25,479,21,0,0,0,0,0,0,0,1,2022,5
2022-02-01,Hospital_C,O_positive,11,17,485,11,0,0,0,0,0,0,1,2,2022,5
2022-02-02,Hospital_C,O_positive,21,35,499,21,0,0,0,0,0,0,2,2,2022,5
2022-02-03,Hospital_C,O_positive,13,14,500,13,0,0,0,0,0,0,3,2,2022,5
2022-02-04,Hospital_C,O_positive,20,22,502,20,0,8,0,0,0,0,4,2,2022,5
2022-02-05,Hospital_C,O_positive,12,14,504,12,0,0,0,1,0,0,5,2,2022,5
2022-02-06,Hospital_C,O_positive,9,9,504,9,0,40,0,1,0,0,6,2,2022,5
2022-02-07,Hospital_C,O_positive,16,13,501,16,0,62,0,0,0,0,0,2,2022,6
2022-02-08,Hospital_C,O_positive,15,15,501,15,0,47,0,0,0,0,1,2,2022,6
2022-02-09,Hospital_C,O_positive,10,11,502,10,0,59,0,0,0,0,2,2,2022,6
2022-02-10,Hospital_C,O_positive,14,7,495,14,0,45,0,0,0,0,3,2,2022,6
2022-02-11,Hospital_C,O_positive,20,18,470,20,23,25,0,0,0,0,4,2,2022,6
2022-02-12,Hospital_C,O_positive,15,21,476,15,0,10,0,1,0,0,5,2,2022,6
2022-02-13,Hospital_C,O_positive,14,14,476,14,0,31,0,1,0,0,6,2,2022,6
2022-02-14,Hospital_C,O_positive,21,17,472,21,0,20,0,0,0,0,0,2,2022,7
2022-02-15,Hospital_C,O_positive,18,19,473,18,0,12,0,0,0,0,1,2,2022,7
2022-02-16,Hospital_C,O_positive,15,17,475,15,0,0,0,0,0,0,2,2,2022,7
2022-02-17,Hospital_C,O_positive,19,19,475,19,0,8,0,0,0,0,3,2,2022,7
2022-02-18,Hospital_C,O_positive,13,16,478,13,0,39,0,0,0,0,4,2,2022,7
2022-02-19,Hospital_C,O_positive,8,10,480,8,0,41,0,1,0,0,5,2,2022,7
2022-02-20,Hospital_C,O_positive,13,13,480,13,0,28,0,1,0,0,6,2,2022,7
2022-02-21,Hospital_C,O_positive,20,34,494,20,0,8,0,0,0,0,0,2,2022,8
2022-02-22,Hospital_C,O_positive,13,17,498,13,0,9,0,0,0,0,1,2,2022,8
2022-02-23,Hospital_C,O_positive,16,13,495,16,0,0,0,0,0,0,2,2,2022,8
2022-02-24,Hospital_C,O_positive,17,24,502,17,0,8,0,0,0,0,3,2,2022,8
2022-02-25,Hospital_C,O_positive,14,14,502,14,0,11,0,0,0,0,4,2,2022,8
2022-02-26,Hospital_C,O_positive,11,12,503,11,0,23,0,1,0,0,5,2,2022,8
2022-02-27,Hospital_C,O_positive,10,10,503,10,0,13,0,1,0,0,6,2,2022,8
2022-02-28,Hospital_C,O_positive,19,17,501,19,0,25,0,0,0,0,0,2,2022,9
2022-03-01,Hospital_C,O_positive,8,13,506,8,0,38,0,0,0,0,1,3,2022,9
2022-03-02,Hospital_C,O_positive,11,6,501,11,0,27,0,0,0,0,2,3,2022,9
2022-03-03,Hospital_C,O_positive,12,22,511,12,0,37,0,0,0,0,3,3,2022,9
2022-03-04,Hospital_C,O_positive,11,11,511,11,0,26,0,0,0,0,4,3,2022,9
2022-03-05,Hospital_C,O_positive,17,21,511,17,4,38,0,1,0,0,5,3,2022,9
2022-03-06,Hospital_C,O_positive,8,9,512,8,0,53,0,1,0,0,6,3,2022,9
2022-03-07,Hospital_C,O_positive,10,7,509,10,0,75,0,0,0,0,0,3,2022,10
2022-03-08,Hospital_C,O_positive,14,25,520,14,0,61,0,0,0,0,1,3,2022,10
2022-03-09,Hospital_C,O_positive,11,12,515,11,6,60,0,0,0,0,2,3,2022,10
2022-03-10,Hospital_C,O_positive,15,23,511,15,12,58,0,0,0,0,3,3,2022,10
2022-03-11,Hospital_C,O_positive,10,8,492,10,17,83,0,0,0,0,4,3,2022,10
2022-03-12,Hospital_C,O_positive,5,6,493,5,0,93,0,1,0,0,5,3,2022,10
2022-03-13,Hospital_C,O_positive,7,9,494,7,1,95,0,1,0,0,6,3,2022,10
2022-03-14,Hospital_C,O_positive,18,27,485,18,18,83,0,0,0,0,0,3,2022,11
2022-03-15,Hospital_C,O_positive,9,8,450,9,34,47,0,0,0,0,1,3,2022,11
2022-03-16,Hospital_C,O_positive,13,13,444,13,6,28,0,0,0,0,2,3,2022,11
2022-03-17,Hospital_C,O_positive,13,16,447,13,0,15,0,0,0,0,3,3,2022,11
2022-03-18,Hospital_C,O_positive,9,13,443,9,8,0,0,0,1,0,4,3,2022,11
2022-03-19,Hospital_C,O_positive,8,9,444,8,0,18,0,1,0,0,5,3,2022,11
2022-03-20,Hospital_C,O_positive,14,15,445,14,0,16,0,1,0,0,6,3,2022,11
2022-03-21,Hospital_C,O_positive,15,20,450,15,0,35,0,0,0,0,0,3,2022,12
2022-03-22,Hospital_C,O_positive,8,10,452,8,0,44,0,0,0,0,1,3,2022,12
2022-03-23,Hospital_C,O_positive,9,11,454,9,0,35,0,0,0,0,2,3,2022,12
2022-03-24,Hospital_C,O_positive,13,13,454,13,0,47,0,0,0,0,3,3,2022,12
2022-03-25,Hospital_C,O_positive,16,16,449,16,5,45,0,0,0,0,4,3,2022,12
2022-03-26,Hospital_C,O_positive,8,12,452,8,1,46,0,1,0,0,5,3,2022,12
2022-03-27,Hospital_C,O_positive,13,12,451,13,0,54,0,1,0,0,6,3,2022,12
2022-03-28,Hospital_C,O_positive,15,18,450,15,4,61,0,0,0,0,0,3,2022,13
2022-03-29,Hospital_C,O_positive,14,15,447,14,4,69,0,0,0,0,1,3,2022,13
2022-03-30,Hospital_C,O_positive,7,6,446,7,0,73,0,0,0,0,2,3,2022,13
2022-03-31,Hospital_C,O_positive,22,24,438,22,10,41,0,0,0,0,3,3,2022,13
2022-04-01,Hospital_C,O_positive,15,14,433,15,4,53,0,0,0,0,4,4,2022,13
2022-04-02,Hospital_C,O_positive,4,3,421,4,11,76,0,1,0,0,5,4,2022,13
2022-04-03,Hospital_C,O_positive,11,11,414,11,7,58,0,1,0,0,6,4,2022,13
2022-04-04,Hospital_C,O_positive,23,30,421,23,0,35,0,0,0,0,0,4,2022,14
2022-04-05,Hospital_C,O_positive,19,16,418,19,0,29,0,0,0,0,1,4,2022,14
2022-04-06,Hospital_C,O_positive,21,19,400,21,16,0,0,0,0,0,2,4,2022,14
2022-04-07,Hospital_C,O_positive,22,26,404,22,0,0,0,0,0,0,3,4,2022,14
2022-04-08,Hospital_C,O_positive,14,17,407,14,0,0,0,0,0,0,4,4,2022,14
2022-04-09,Hospital_C,O_positive,7,5,405,7,0,0,0,1,0,0,5,4,2022,14
2022-04-10,Hospital_C,O_positive,15,18,408,15,0,0,0,1,0,0,6,4,2022,14
2022-04-11,Hospital_C,O_positive,15,20,413,15,0,0,0,0,0,0,0,4,2022,15
2022-04-12,Hospital_C,O_positive,17,21,417,17,0,0,0,0,0,0,1,4,2022,15
2022-04-13,Hospital_C,O_positive,8,9,418,8,0,0,0,0,0,0,2,4,2022,15
2022-04-14,Hospital_C,O_positive,13,16,421,13,0,0,0,0,0,0,3,4,2022,15
2022-04-15,Hospital_C,O_positive,15,20,426,15,0,0,0,0,0,0,4,4,2022,15
2022-04-16,Hospital_C,O_positive,10,10,426,10,0,0,0,1,0,0,5,4,2022,15
2022-04-17,Hospital_C,O_positive,6,6,426,6,0,0,0,1,0,0,6,4,2022,15
2022-04-18,Hospital_C,O_positive,16,14,424,16,0,0,0,0,0,0,0,4,2022,16
2022-04-19,Hospital_C,O_positive,15,18,427,15,0,0,0,0,0,0,1,4,2022,16
2022-04-20,Hospital_C,O_positive,17,23,433,17,0,0,0,0,0,0,2,4,2022,16
2022-04-21,Hospital_C,O_positive,11,16,438,11,0,0,0,0,0,0,3,4,2022,16
2022-04-22,Hospital_C,O_positive,16,14,436,16,0,0,0,0,0,0,4,4,2022,16
2022-04-23,Hospital_C,O_positive,11,18,443,11,0,0,0,1,0,0,5,4,2022,16
2022-04-24,Hospital_C,O_positive,9,11,445,9,0,0,0,1,0,0,6,4,2022,16
2022-04-25,Hospital_C,O_positive,24,31,452,24,0,0,0,0,0,0,0,4,2022,17
2022-04-26,Hospital_C,O_positive,12,7,447,12,0,0,0,0,0,0,1,4,2022,17
2022-04-27,Hospital_C,O_positive,22,27,452,22,0,0,0,0,0,0,2,4,2022,17
2022-04-28,Hospital_C,O_positive,14,17,455,14,0,0,0,0,0,0,3,4,2022,17
2022-04-29,Hospital_C,O_positive,14,11,452,14,0,0,0,0,0,0,4,4,2022,17
2022-04-30,Hospital_C,O_positive,7,4,449,7,0,0,0,1,0,0,5,4,2022,17
2022-05-01,Hospital_C,O_positive,7,3,445,7,0,0,0,1,0,0,6,5,2022,17
2022-05-02,Hospital_C,O_positive,16,14,443,16,0,0,0,0,0,0,0,5,2022,18
2022-05-03,Hospital_C,O_positive,12,13,444,12,0,0,0,0,0,0,1,5,2022,18
2022-05-04,Hospital_C,O_positive,17,17,444,17,0,23,0,0,0,0,2,5,2022,18
2022-05-05,Hospital_C,O_positive,12,17,449,12,0,11,0,0,0,0,3,5,2022,18
2022-05-06,Hospital_C,O_positive,9,9,449,9,0,12,0,0,0,0,4,5,2022,18
2022-05-07,Hospital_C,O_positive,6,3,446,6,0,6,0,1,0,0,5,5,2022,18
2022-05-08,Hospital_C,O_positive,11,12,447,11,0,0,0,1,0,0,6,5,2022,18
2022-05-09,Hospital_C,O_positive,21,20,446,21,0,0,0,0,0,0,0,5,2022,19
2022-05-10,Hospital_C,O_positive,10,7,443,10,0,3,0,0,0,0,1,5,2022,19
2022-05-11,Hospital_C,O_positive,16,12,439,16,0,0,0,0,0,0,2,5,2022,19
2022-05-12,Hospital_C,O_positive,15,15,439,15,0,0,0,0,0,0,3,5,2022,19
2022-05-13,Hospital_C,O_positive,11,14,442,11,0,0,0,0,0,0,4,5,2022,19
2022-05-14,Hospital_C,O_positive,10,16,448,10,0,0,0,1,0,0,5,5,2022,19
2022-05-15,Hospital_C,O_positive,14,15,449,14,0,0,0,1,0,0,6,5,2022,19
2022-05-16,Hospital_C,O_positive,12,10,447,12,0,1,0,0,0,0,0,5,2022,20
2022-05-17,Hospital_C,O_positive,16,19,450,16,0,92,0,0,0,0,1,5,2022,20
2022-05-18,Hospital_C,O_positive,9,11,452,9,0,99,0,0,0,0,2,5,2022,20
2022-05-19,Hospital_C,O_positive,16,15,451,16,0,149,0,0,0,0,3,5,2022,20
2022-05-20,Hospital_C,O_positive,14,16,453,14,0,146,0,0,0,0,4,5,2022,20
2022-05-21,Hospital_C,O_positive,11,15,404,11,53,82,0,1,0,0,5,5,2022,20
2022-05-22,Hospital_C,O_positive,7,6,398,7,5,101,0,1,0,0,6,5,2022,20
2022-05-23,Hospital_C,O_positive,13,14,340,13,59,29,0,0,0,0,0,5,2022,21
2022-05-24,Hospital_C,O_positive,18,18,340,18,0,42,0,0,0,0,1,5,2022,21
2022-05-25,Hospital_C,O_positive,21,19,338,21,0,27,0,0,0,0,2,5,2022,21
2022-05-26,Hospital_C,O_positive,15,23,346,15,0,12,0,0,0,0,3,5,2022,21
2022-05-27,Hospital_C,O_positive,19,30,357,19,0,6,0,0,0,0,4,5,2022,21
2022-05-28,Hospital_C,O_positive,6,9,360,6,0,0,0,1,0,0,5,5,2022,21
2022-05-29,Hospital_C,O_positive,11,6,355,11,0,1,0,1,0,0,6,5,2022,21
2022-05-30,Hospital_C,O_positive,27,22,350,27,0,0,0,0,0,0,0,5,2022,22
2022-05-31,Hospital_C,O_positive,13,11,348,13,0,0,0,0,0,0,1,5,2022,22
2022-06-01,Hospital_C,O_positive,19,21,350,19,0,0,0,0,0,0,2,6,2022,22
2022-06-02,Hospital_C,O_positive,19,19,350,19,0,0,0,0,0,0,3,6,2022,22
2022-06-03,Hospital_C,O_positive,16,22,356,16,0,0,0,0,0,0,4,6,2022,22
2022-06-04,Hospital_C,O_positive,12,12,356,12,0,0,0,1,0,0,5,6,2022,22
2022-06-05,Hospital_C,O_positive,7,4,353,7,0,0,0,1,0,0,6,6,2022,22
2022-06-06,Hospital_C,O_positive,20,16,349,20,0,0,0,0,0,0,0,6,2022,23
2022-06-07,Hospital_C,O_positive,10,18,357,10,0,0,0,0,0,0,1,6,2022,23
2022-06-08,Hospital_C,O_positive,23,27,361,23,0,0,0,0,0,0,2,6,2022,23
2022-06-09,Hospital_C,O_positive,12,13,362,12,0,0,0,0,0,0,3,6,2022,23
2022-06-10,Hospital_C,O_positive,16,17,363,16,0,0,0,0,0,0,4,6,2022,23
2022-06-11,Hospital_C,O_positive,10,9,362,10,0,0,0,1,0,0,5,6,2022,23
2022-06-12,Hospital_C,O_positive,7,13,368,7,0,0,0,1,0,0,6,6,2022,23
2022-06-13,Hospital_C,O_positive,14,26,380,14,0,0,0,0,0,0,0,6,2022,24
2022-06-14,Hospital_C,O_positive,15,13,378,15,0,0,0,0,0,0,1,6,2022,24
2022-06-15,Hospital_C,O_positive,8,13,383,8,0,1,0,0,0,0,2,6,2022,24
2022-06-16,Hospital_C,O_positive,18,19,384,18,0,0,0,0,0,0,3,6,2022,24
2022-06-17,Hospital_C,O_positive,14,8,378,14,0,0,0,0,0,0,4,6,2022,24
2022-06-18,Hospital_C,O_positive,12,16,382,12,0,0,0,1,0,0,5,6,2022,24
2022-06-19,Hospital_C,O_positive,5,9,386,5,0,0,0,1,0,0,6,6,2022,24
2022-06-20,Hospital_C,O_positive,19,15,382,19,0,0,0,0,0,0,0,6,2022,25
2022-06-21,Hospital_C,O_positive,31,38,389,31,0,0,0,0,0,0,1,6,2022,25
2022-06-22,Hospital_C,O_positive,9,12,392,9,0,0,0,0,0,0,2,6,2022,25
2022-06-23,Hospital_C,O_positive,11,14,395,11,0,0,0,0,0,0,3,6,2022,25
2022-06-24,Hospital_C,O_positive,22,16,389,22,0,6,0,0,0,0,4,6,2022,25
2022-06-25,Hospital_C,O_positive,5,5,389,5,0,16,0,1,0,0,5,6,2022,25
2022-06-26,Hospital_C,O_positive,10,8,387,10,0,6,0,1,0,0,6,6,2022,25
2022-06-27,Hospital_C,O_positive,25,21,383,25,0,0,0,0,0,0,0,6,2022,26
2022-06-28,Hospital_C,O_positive,17,19,385,17,0,0,0,0,0,0,1,6,2022,26
2022-06-29,Hospital_C,O_positive,13,8,380,13,0,0,0,0,0,0,2,6,2022,26
2022-06-30,Hospital_C,O_positive,14,25,391,14,0,0,0,0,0,0,3,6,2022,26
2022-07-01,Hospital_C,O_positive,24,23,390,24,0,0,0,0,0,1,4,7,2022,26
2022-07-02,Hospital_C,O_positive,12,9,387,12,0,0,0,1,0,1,5,7,2022,26
2022-07-03,Hospital_C,O_positive,12,12,387,12,0,0,0,1,0,1,6,7,2022,26
2022-07-04,Hospital_C,O_positive,24,20,383,24,0,0,0,0,0,1,0,7,2022,27
2022-07-05,Hospital_C,O_positive,17,15,381,17,0,0,0,0,0,1,1,7,2022,27
2022-07-06,Hospital_C,O_positive,36,37,382,36,0,0,0,0,0,1,2,7,2022,27
2022-07-07,Hospital_C,O_positive,19,18,381,19,0,0,0,0,0,1,3,7,2022,27
2022-07-08,Hospital_C,O_positive,33,39,387,33,0,0,0,0,0,1,4,7,2022,27
2022-07-09,Hospital_C,O_positive,14,17,390,14,0,0,0,1,0,1,5,7,2022,27
2022-07-10,Hospital_C,O_positive,12,12,390,12,0,0,0,1,0,1,6,7,2022,27
2022-07-11,Hospital_C,O_positive,25,26,391,25,0,0,0,0,0,1,0,7,2022,28
2022-07-12,Hospital_C,O_positive,21,19,389,21,0,0,0,0,0,1,1,7,2022,28
2022-07-13,Hospital_C,O_positive,18,20,391,18,0,0,0,0,0,1,2,7,2022,28
2022-07-14,Hospital_C,O_positive,18,20,393,18,0,0,0,0,0,1,3,7,2022,28
2022-07-15,Hospital_C,O_positive,15,13,391,15,0,0,0,0,0,1,4,7,2022,28
2022-07-16,Hospital_C,O_positive,17,15,389,17,0,0,0,1,0,1,5,7,2022,28
2022-07-17,Hospital_C,O_positive,19,18,388,19,0,0,0,1,0,1,6,7,2022,28
2022-07-18,Hospital_C,O_positive,36,45,397,36,0,0,0,0,0,1,0,7,2022,29
2022-07-19,Hospital_C,O_positive,24,27,400,24,0,0,0,0,0,1,1,7,2022,29
2022-07-20,Hospital_C,O_positive,19,13,394,19,0,0,0,0,0,1,2,7,2022,29
2022-07-21,Hospital_C,O_positive,24,29,399,24,0,0,0,0,0,1,3,7,2022,29
2022-07-22,Hospital_C,O_positive,18,14,395,18,0,0,0,0,0,1,4,7,2022,29
2022-07-23,Hospital_C,O_positive,23,21,393,23,0,0,0,1,0,1,5,7,2022,29
2022-07-24,Hospital_C,O_positive,13,8,388,13,0,0,0,1,0,1,6,7,2022,29
2022-07-25,Hospital_C,O_positive,22,20,386,22,0,0,0,0,0,1,0,7,2022,30
2022-07-26,Hospital_C,O_positive,18,21,389,18,0,0,0,0,0,1,1,7,2022,30
2022-07-27,Hospital_C,O_positive,17,26,398,17,0,0,0,0,0,1,2,7,2022,30
2022-07-28,Hospital_C,O_positive,20,19,397,20,0,0,0,0,0,1,3,7,2022,30
2022-07-29,Hospital_C,O_positive,25,21,393,25,0,0,0,0,0,1,4,7,2022,30
2022-07-30,Hospital_C,O_positive,20,19,392,20,0,0,0,1,0,1,5,7,2022,30
2022-07-31,Hospital_C,O_positive,21,18,389,21,0,0,0,1,0,1,6,7,2022,30
2022-08-01,Hospital_C,O_positive,24,21,386,24,0,0,0,0,0,1,0,8,2022,31
2022-08-02,Hospital_C,O_positive,23,17,380,23,0,0,0,0,0,1,1,8,2022,31
2022-08-03,Hospital_C,O_positive,21,25,384,21,0,0,0,0,0,1,2,8,2022,31
2022-08-04,Hospital_C,O_positive,20,24,388,20,0,0,0,0,0,1,3,8,2022,31
2022-08-05,Hospital_C,O_positive,20,21,389,20,0,0,0,0,0,1,4,8,2022,31
2022-08-06,Hospital_C,O_positive,25,26,390,25,0,0,0,1,0,1,5,8,2022,31
2022-08-07,Hospital_C,O_positive,16,16,390,16,0,0,0,1,0,1,6,8,2022,31
2022-08-08,Hospital_C,O_positive,31,38,397,31,0,0,0,0,0,1,0,8,2022,32
2022-08-09,Hospital_C,O_positive,28,40,409,28,0,0,0,0,0,1,1,8,2022,32
2022-08-10,Hospital_C,O_positive,17,17,409,17,0,0,0,0,0,1,2,8,2022,32
2022-08-11,Hospital_C,O_positive,24,31,416,24,0,0,0,0,0,1,3,8,2022,32
2022-08-12,Hospital_C,O_positive,21,16,411,21,0,0,0,0,0,1,4,8,2022,32
2022-08-13,Hospital_C,O_positive,24,20,407,24,0,0,0,1,0,1,5,8,2022,32
2022-08-14,Hospital_C,O_positive,15,14,406,15,0,0,0,1,0,1,6,8,2022,32
2022-08-15,Hospital_C,O_positive,30,30,406,30,0,0,0,0,1,1,0,8,2022,33
2022-08-16,Hospital_C,O_positive,21,26,411,21,0,0,0,0,0,1,1,8,2022,33
2022-08-17,Hospital_C,O_positive,23,26,414,23,0,0,0,0,0,1,2,8,2022,33
2022-08-18,Hospital_C,O_positive,22,35,427,22,0,0,0,0,0,1,3,8,2022,33
2022-08-19,Hospital_C,O_positive,27,28,428,27,0,0,0,0,0,1,4,8,2022,33
2022-08-20,Hospital_C,O_positive,16,14,426,16,0,0,0,1,0,1,5,8,2022,33
2022-08-21,Hospital_C,O_positive,15,12,423,15,0,0,0,1,0,1,6,8,2022,33
2022-08-22,Hospital_C,O_positive,25,24,422,25,0,0,0,0,0,1,0,8,2022,34
2022-08-23,Hospital_C,O_positive,18,16,420,18,0,0,0,0,0,1,1,8,2022,34
2022-08-24,Hospital_C,O_positive,27,32,425,27,0,0,0,0,0,1,2,8,2022,34
2022-08-25,Hospital_C,O_positive,28,37,434,28,0,0,0,0,0,1,3,8,2022,34
2022-08-26,Hospital_C,O_positive,32,29,431,32,0,0,0,0,0,1,4,8,2022,34
2022-08-27,Hospital_C,O_positive,17,14,428,17,0,0,0,1,0,1,5,8,2022,34
2022-08-28,Hospital_C,O_positive,18,20,430,18,0,0,0,1,0,1,6,8,2022,34
2022-08-29,Hospital_C,O_positive,31,36,435,31,0,0,0,0,0,1,0,8,2022,35
2022-08-30,Hospital_C,O_positive,26,21,430,26,0,0,0,0,0,1,1,8,2022,35
2022-08-31,Hospital_C,O_positive,19,10,421,19,0,0,0,0,0,1,2,8,2022,35
2022-09-01,Hospital_C,O_positive,29,33,425,29,0,0,0,0,0,1,3,9,2022,35
2022-09-02,Hospital_C,O_positive,19,11,417,19,0,0,0,0,0,1,4,9,2022,35
2022-09-03,Hospital_C,O_positive,16,12,413,16,0,0,0,1,0,1,5,9,2022,35
2022-09-04,Hospital_C,O_positive,17,20,416,17,0,0,0,1,0,1,6,9,2022,35
2022-09-05,Hospital_C,O_positive,25,35,426,25,0,0,0,0,0,1,0,9,2022,36
2022-09-06,Hospital_C,O_positive,20,27,433,20,0,0,0,0,0,1,1,9,2022,36
2022-09-07,Hospital_C,O_positive,21,18,430,21,0,0,0,0,0,1,2,9,2022,36
2022-09-08,Hospital_C,O_positive,17,22,435,17,0,0,0,0,0,1,3,9,2022,36
2022-09-09,Hospital_C,O_positive,30,27,432,30,0,0,0,0,0,1,4,9,2022,36
2022-09-10,Hospital_C,O_positive,20,29,441,20,0,0,0,1,0,1,5,9,2022,36
2022-09-11,Hospital_C,O_positive,14,7,434,14,0,0,0,1,0,1,6,9,2022,36
2022-09-12,Hospital_C,O_positive,22,20,432,22,0,0,0,0,0,1,0,9,2022,37
2022-09-13,Hospital_C,O_positive,19,19,432,19,0,0,0,0,0,1,1,9,2022,37
2022-09-14,Hospital_C,O_positive,20,25,437,20,0,0,0,0,0,1,2,9,2022,37
2022-09-15,Hospital_C,O_positive,18,19,438,18,0,0,0,0,0,1,3,9,2022,37
2022-09-16,Hospital_C,O_positive,24,19,433,24,0,0,0,0,0,1,4,9,2022,37
2022-09-17,Hospital_C,O_positive,9,10,434,9,0,0,0,1,0,1,5,9,2022,37
2022-09-18,Hospital_C,O_positive,19,26,441,19,0,0,0,1,0,1,6,9,2022,37
2022-09-19,Hospital_C,O_positive,26,24,439,26,0,0,0,0,0,1,0,9,2022,38
2022-09-20,Hospital_C,O_positive,18,21,442,18,0,0,0,0,0,1,1,9,2022,38
2022-09-21,Hospital_C,O_positive,21,25,446,21,0,0,0,0,0,1,2,9,2022,38
2022-09-22,Hospital_C,O_positive,19,15,442,19,0,0,0,0,0,1,3,9,2022,38
2022-09-23,Hospital_C,O_positive,31,30,441,31,0,0,0,0,0,1,4,9,2022,38
2022-09-24,Hospital_C,O_positive,19,14,436,19,0,0,0,1,0,1,5,9,2022,38
2022-09-25,Hospital_C,O_positive,17,17,436,17,0,0,0,1,0,1,6,9,2022,38
2022-09-26,Hospital_C,O_positive,21,16,431,21,0,0,0,0,0,1,0,9,2022,39
2022-09-27,Hospital_C,O_positive,30,23,424,30,0,0,0,0,0,1,1,9,2022,39
2022-09-28,Hospital_C,O_positive,18,27,433,18,0,0,0,0,0,1,2,9,2022,39
2022-09-29,Hospital_C,O_positive,25,28,436,25,0,0,0,0,0,1,3,9,2022,39
2022-09-30,Hospital_C,O_positive,16,18,438,16,0,0,0,0,0,1,4,9,2022,39
2022-10-01,Hospital_C,O_positive,28,22,432,28,0,0,0,1,0,1,5,10,2022,39
2022-10-02,Hospital_C,O_positive,31,29,430,31,0,0,0,1,1,1,6,10,2022,39
2022-10-03,Hospital_C,O_positive,22,25,433,22,0,0,0,0,0,1,0,10,2022,40
2022-10-04,Hospital_C,O_positive,42,48,439,42,0,0,0,0,0,1,1,10,2022,40
2022-10-05,Hospital_C,O_positive,20,20,439,20,0,0,0,0,0,1,2,10,2022,40
2022-10-06,Hospital_C,O_positive,26,27,440,26,0,0,0,0,0,1,3,10,2022,40
2022-10-07,Hospital_C,O_positive,22,16,434,22,0,0,0,0,0,1,4,10,2022,40
2022-10-08,Hospital_C,O_positive,17,20,437,17,0,0,0,1,0,1,5,10,2022,40
2022-10-09,Hospital_C,O_positive,16,24,445,16,0,0,0,1,0,1,6,10,2022,40
2022-10-10,Hospital_C,O_positive,35,34,444,35,0,0,0,0,0,1,0,10,2022,41
2022-10-11,Hospital_C,O_positive,18,19,445,18,0,0,0,0,0,1,1,10,2022,41
2022-10-12,Hospital_C,O_positive,21,21,445,21,0,0,0,0,0,1,2,10,2022,41
2022-10-13,Hospital_C,O_positive,28,31,448,28,0,0,0,0,0,1,3,10,2022,41
2022-10-14,Hospital_C,O_positive,24,26,450,24,0,0,0,0,0,1,4,10,2022,41
2022-10-15,Hospital_C,O_positive,13,15,452,13,0,0,0,1,0,1,5,10,2022,41
2022-10-16,Hospital_C,O_positive,14,15,453,14,0,0,0,1,0,1,6,10,2022,41
2022-10-17,Hospital_C,O_positive,39,37,451,39,0,0,0,0,0,1,0,10,2022,42
2022-10-18,Hospital_C,O_positive,22,30,459,22,0,0,0,0,0,1,1,10,2022,42
2022-10-19,Hospital_C,O_positive,24,21,456,24,0,0,0,0,0,1,2,10,2022,42
2022-10-20,Hospital_C,O_positive,22,26,460,22,0,0,0,0,0,1,3,10,2022,42
2022-10-21,Hospital_C,O_positive,17,13,456,17,0,0,0,0,0,1,4,10,2022,42
2022-10-22,Hospital_C,O_positive,20,29,465,20,0,0,0,1,0,1,5,10,2022,42
2022-10-23,Hospital_C,O_positive,16,13,462,16,0,0,0,1,0,1,6,10,2022,42
2022-10-24,Hospital_C,O_positive,16,19,465,16,0,0,0,0,1,1,0,10,2022,43
2022-10-25,Hospital_C,O_positive,27,34,472,27,0,0,0,0,0,1,1,10,2022,43
2022-10-26,Hospital_C,O_positive,18,21,475,18,0,0,0,0,0,1,2,10,2022,43
2022-10-27,Hospital_C,O_positive,20,19,474,20,0,0,0,0,0,1,3,10,2022,43
2022-10-28,Hospital_C,O_positive,19,21,476,19,0,0,0,0,0,1,4,10,2022,43
2022-10-29,Hospital_C,O_positive,13,21,484,13,0,0,0,1,0,1,5,10,2022,43
2022-10-30,Hospital_C,O_positive,34,38,488,34,0,0,0,1,0,1,6,10,2022,43
2022-10-31,Hospital_C,O_positive,28,28,488,28,0,0,0,0,0,1,0,10,2022,44
2022-11-01,Hospital_C,O_positive,10,13,491,10,0,0,0,0,0,0,1,11,2022,44
2022-11-02,Hospital_C,O_positive,8,14,497,8,0,0,0,0,0,0,2,11,2022,44
2022-11-03,Hospital_C,O_positive,14,13,496,14,0,0,0,0,0,0,3,11,2022,44
2022-11-04,Hospital_C,O_positive,13,13,496,13,0,0,0,0,0,0,4,11,2022,44
2022-11-05,Hospital_C,O_positive,10,5,491,10,0,0,0,1,0,0,5,11,2022,44
2022-11-06,Hospital_C,O_positive,21,28,498,21,0,0,0,1,0,0,6,11,2022,44
2022-11-07,Hospital_C,O_positive,21,25,502,21,0,0,0,0,0,0,0,11,2022,45
2022-11-08,Hospital_C,O_positive,21,24,505,21,0,0,0,0,0,0,1,11,2022,45
2022-11-09,Hospital_C,O_positive,22,26,509,22,0,0,0,0,0,0,2,11,2022,45
2022-11-10,Hospital_C,O_positive,18,16,507,18,0,0,0,0,0,0,3,11,2022,45
2022-11-11,Hospital_C,O_positive,19,25,513,19,0,0,0,0,0,0,4,11,2022,45
2022-11-12,Hospital_C,O_positive,10,11,514,10,0,0,0,1,0,0,5,11,2022,45
2022-11-13,Hospital_C,O_positive,9,12,517,9,0,0,0,1,0,0,6,11,2022,45
2022-11-14,Hospital_C,O_positive,14,18,521,14,0,0,0,0,0,0,0,11,2022,46
2022-11-15,Hospital_C,O_positive,10,8,519,10,0,0,0,0,0,0,1,11,2022,46
2022-11-16,Hospital_C,O_positive,15,17,521,15,0,0,0,0,0,0,2,11,2022,46
2022-11-17,Hospital_C,O_positive,14,13,520,14,0,0,0,0,0,0,3,11,2022,46
2022-11-18,Hospital_C,O_positive,8,6,518,8,0,0,0,0,0,0,4,11,2022,46
2022-11-19,Hospital_C,O_positive,9,14,523,9,0,0,0,1,0,0,5,11,2022,46
2022-11-20,Hospital_C,O_positive,15,15,523,15,0,0,0,1,0,0,6,11,2022,46
2022-11-21,Hospital_C,O_positive,16,14,521,16,0,0,0,0,0,0,0,11,2022,47
2022-11-22,Hospital_C,O_positive,8,9,522,8,0,15,0,0,0,0,1,11,2022,47
2022-11-23,Hospital_C,O_positive,24,28,526,24,0,17,0,0,0,0,2,11,2022,47
2022-11-24,Hospital_C,O_positive,17,18,527,17,0,0,0,0,0,0,3,11,2022,47
2022-11-25,Hospital_C,O_positive,16,16,527,16,0,0,0,0,0,0,4,11,2022,47
2022-11-26,Hospital_C,O_positive,5,4,526,5,0,26,0,1,0,0,5,11,2022,47
2022-11-27,Hospital_C,O_positive,7,8,527,7,0,74,0,1,0,0,6,11,2022,47
2022-11-28,Hospital_C,O_positive,12,19,534,12,0,62,0,0,0,0,0,11,2022,48
2022-11-29,Hospital_C,O_positive,13,18,539,13,0,62,0,0,0,0,1,11,2022,48
2022-11-30,Hospital_C,O_positive,11,15,543,11,0,51,0,0,0,0,2,11,2022,48
2022-12-01,Hospital_C,O_positive,18,20,507,18,38,23,0,0,0,0,3,12,2022,48
2022-12-02,Hospital_C,O_positive,18,8,497,18,0,5,0,0,0,0,4,12,2022,48
2022-12-03,Hospital_C,O_positive,2,0,495,2,0,14,0,1,0,0,5,12,2022,48
2022-12-04,Hospital_C,O_positive,6,7,496,6,0,39,0,1,0,0,6,12,2022,48
2022-12-05,Hospital_C,O_positive,16,16,496,16,0,36,0,0,0,0,0,12,2022,49
2022-12-06,Hospital_C,O_positive,12,19,503,12,0,62,0,0,0,0,1,12,2022,49
2022-12-07,Hospital_C,O_positive,10,8,501,10,0,80,0,0,0,0,2,12,2022,49
2022-12-08,Hospital_C,O_positive,9,4,495,9,1,101,0,0,0,0,3,12,2022,49
2022-12-09,Hospital_C,O_positive,18,17,490,18,4,103,0,0,0,0,4,12,2022,49
2022-12-10,Hospital_C,O_positive,9,8,469,9,20,74,0,1,0,0,5,12,2022,49
2022-12-11,Hospital_C,O_positive,8,3,445,8,19,91,0,1,0,0,6,12,2022,49
2022-12-12,Hospital_C,O_positive,11,15,426,11,23,57,0,0,0,0,0,12,2022,50
2022-12-13,Hospital_C,O_positive,15,18,416,15,13,47,0,0,0,0,1,12,2022,50
2022-12-14,Hospital_C,O_positive,9,3,410,9,0,68,0,0,0,0,2,12,2022,50
2022-12-15,Hospital_C,O_positive,25,20,385,25,20,76,0,0,0,0,3,12,2022,50
2022-12-16,Hospital_C,O_positive,12,15,388,12,0,86,0,0,0,0,4,12,2022,50
2022-12-17,Hospital_C,O_positive,11,9,386,11,0,75,0,1,0,0,5,12,2022,50
2022-12-18,Hospital_C,O_positive,7,9,388,7,0,68,0,1,0,0,6,12,2022,50
2022-12-19,Hospital_C,O_positive,28,33,347,28,46,0,0,0,0,0,0,12,2022,51
2022-12-20,Hospital_C,O_positive,12,10,345,12,0,0,0,0,0,0,1,12,2022,51
2022-12-21,Hospital_C,O_positive,19,29,355,19,0,0,0,0,0,0,2,12,2022,51
2022-12-22,Hospital_C,O_positive,16,11,350,16,0,0,0,0,0,0,3,12,2022,51
2022-12-23,Hospital_C,O_positive,12,14,352,12,0,0,0,0,0,0,4,12,2022,51
2022-12-24,Hospital_C,O_positive,5,6,353,5,0,0,0,1,0,0,5,12,2022,51
2022-12-25,Hospital_C,O_positive,6,11,358,6,0,0,0,1,1,0,6,12,2022,51
2022-12-26,Hospital_C,O_positive,19,24,363,19,0,0,0,0,0,0,0,12,2022,52
2022-12-27,Hospital_C,O_positive,20,20,363,20,0,0,0,0,0,0,1,12,2022,52
2022-12-28,Hospital_C,O_positive,13,23,373,13,0,0,0,0,0,0,2,12,2022,52
2022-12-29,Hospital_C,O_positive,13,10,370,13,0,0,0,0,0,0,3,12,2022,52
2022-12-30,Hospital_C,O_positive,16,10,364,16,0,0,0,0,0,0,4,12,2022,52
2022-12-31,Hospital_C,O_positive,20,17,361,20,0,0,0,1,0,0,5,12,2022,52
2023-01-01,Hospital_C,O_positive,11,10,360,11,0,0,0,1,0,0,6,1,2023,52
2023-01-02,Hospital_C,O_positive,23,32,369,23,0,0,0,0,0,0,0,1,2023,1
2023-01-03,Hospital_C,O_positive,8,15,376,8,0,0,0,0,0,0,1,1,2023,1
2023-01-04,Hospital_C,O_positive,16,15,375,16,0,0,0,0,0,0,2,1,2023,1
2023-01-05,Hospital_C,O_positive,15,26,386,15,0,0,0,0,0,0,3,1,2023,1
2023-01-06,Hospital_C,O_positive,16,21,391,16,0,0,0,0,0,0,4,1,2023,1
2023-01-07,Hospital_C,O_positive,10,12,393,10,0,0,0,1,0,0,5,1,2023,1
2023-01-08,Hospital_C,O_positive,10,11,394,10,0,0,0,1,0,0,6,1,2023,1
2023-01-09,Hospital_C,O_positive,25,23,392,25,0,0,0,0,0,0,0,1,2023,2
2023-01-10,Hospital_C,O_positive,14,11,389,14,0,0,0,0,0,0,1,1,2023,2
2023-01-11,Hospital_C,O_positive,13,26,402,13,0,0,0,0,0,0,2,1,2023,2
2023-01-12,Hospital_C,O_positive,33,33,402,33,0,0,0,0,0,0,3,1,2023,2
2023-01-13,Hospital_C,O_positive,12,14,404,12,0,0,0,0,0,0,4,1,2023,2
2023-01-14,Hospital_C,O_positive,11,21,414,11,0,0,0,1,0,0,5,1,2023,2
2023-01-15,Hospital_C,O_positive,11,13,416,11,0,0,0,1,0,0,6,1,2023,2
2023-01-16,Hospital_C,O_positive,18,24,422,18,0,0,0,0,0,0,0,1,2023,3
2023-01-17,Hospital_C,O_positive,16,11,417,16,0,0,0,0,0,0,1,1,2023,3
2023-01-18,Hospital_C,O_positive,14,11,414,14,0,0,0,0,0,0,2,1,2023,3
2023-01-19,Hospital_C,O_positive,12,16,418,12,0,0,0,0,0,0,3,1,2023,3
2023-01-20,Hospital_C,O_positive,11,9,416,11,0,0,0,0,0,0,4,1,2023,3
2023-01-21,Hospital_C,O_positive,3,4,417,3,0,0,0,1,0,0,5,1,2023,3
2023-01-22,Hospital_C,O_positive,25,38,430,25,0,0,0,1,0,0,6,1,2023,3
2023-01-23,Hospital_C,O_positive,27,33,436,27,0,0,0,0,0,0,0,1,2023,4
2023-01-24,Hospital_C,O_positive,13,10,433,13,0,19,0,0,0,0,1,1,2023,4
2023-01-25,Hospital_C,O_positive,12,9,430,12,0,7,0,0,0,0,2,1,2023,4
2023-01-26,Hospital_C,O_positive,3,5,432,3,0,14,0,0,1,0,3,1,2023,4
2023-01-27,Hospital_C,O_positive,6,5,431,6,0,8,0,0,0,0,4,1,2023,4
2023-01-28,Hospital_C,O_positive,8,12,435,8,0,10,0,1,0,0,5,1,2023,4
2023-01-29,Hospital_C,O_positive,22,20,433,22,0,0,0,1,0,0,6,1,2023,4
2023-01-30,Hospital_C,O_positive,25,25,433,25,0,0,0,0,0,0,0,1,2023,5
2023-01-31,Hospital_C,O_positive,6,4,431,6,0,0,0,0,0,0,1,1,2023,5
2023-02-01,Hospital_C,O_positive,14,9,426,14,0,27,0,0,0,0,2,2,2023,5
2023-02-02,Hospital_C,O_positive,17,29,438,17,0,50,0,0,0,0,3,2,2023,5
2023-02-03,Hospital_C,O_positive,10,20,448,10,0,63,0,0,0,0,4,2,2023,5
2023-02-04,Hospital_C,O_positive,8,9,449,8,0,89,0,1,0,0,5,2,2023,5
2023-02-05,Hospital_C,O_positive,5,7,451,5,0,84,0,1,0,0,6,2,2023,5
2023-02-06,Hospital_C,O_positive,13,11,422,13,27,65,0,0,0,0,0,2,2023,6
2023-02-07,Hospital_C,O_positive,14,22,420,14,10,65,0,0,0,0,1,2,2023,6
2023-02-08,Hospital_C,O_positive,15,11,396,15,20,45,0,0,0,0,2,2,2023,6
2023-02-09,Hospital_C,O_positive,10,14,400,10,0,56,0,0,0,0,3,2,2023,6
2023-02-10,Hospital_C,O_positive,11,10,399,11,0,78,0,0,0,0,4,2,2023,6
2023-02-11,Hospital_C,O_positive,4,10,396,4,9,85,0,1,0,0,5,2,2023,6
2023-02-12,Hospital_C,O_positive,12,10,383,12,11,62,0,1,0,0,6,2,2023,6
2023-02-13,Hospital_C,O_positive,19,13,368,19,9,34,0,0,0,0,0,2,2023,7
2023-02-14,Hospital_C,O_positive,11,11,354,11,14,9,0,0,0,0,1,2,2023,7
2023-02-15,Hospital_C,O_positive,13,12,344,13,9,3,0,0,0,0,2,2,2023,7
2023-02-16,Hospital_C,O_positive,11,16,349,11,0,0,0,0,0,0,3,2,2023,7
2023-02-17,Hospital_C,O_positive,14,12,347,14,0,0,0,0,0,0,4,2,2023,7
2023-02-18,Hospital_C,O_positive,17,13,343,17,0,0,0,1,0,0,5,2,2023,7
2023-02-19,Hospital_C,O_positive,10,8,341,10,0,1,0,1,0,0,6,2,2023,7
2023-02-20,Hospital_C,O_positive,20,16,337,20,0,0,0,0,0,0,0,2,2023,8
2023-02-21,Hospital_C,O_positive,12,15,340,12,0,0,0,0,0,0,1,2,2023,8
2023-02-22,Hospital_C,O_positive,12,11,339,12,0,1,0,0,0,0,2,2,2023,8
2023-02-23,Hospital_C,O_positive,11,15,343,11,0,11,0,0,0,0,3,2,2023,8
2023-02-24,Hospital_C,O_positive,20,13,336,20,0,0,0,0,0,0,4,2,2023,8
2023-02-25,Hospital_C,O_positive,11,13,338,11,0,0,0,1,0,0,5,2,2023,8
2023-02-26,Hospital_C,O_positive,9,9,338,9,0,0,0,1,0,0,6,2,2023,8
2023-02-27,Hospital_C,O_positive,19,32,351,19,0,0,0,0,0,0,0,2,2023,9
2023-02-28,Hospital_C,O_positive,10,13,354,10,0,0,0,0,0,0,1,2,2023,9
2023-03-01,Hospital_C,O_positive,19,23,358,19,0,0,0,0,0,0,2,3,2023,9
2023-03-02,Hospital_C,O_positive,12,16,362,12,0,0,0,0,0,0,3,3,2023,9
2023-03-03,Hospital_C,O_positive,18,23,367,18,0,0,0,0,0,0,4,3,2023,9
2023-03-04,Hospital_C,O_positive,9,8,366,9,0,0,0,1,0,0,5,3,2023,9
2023-03-05,Hospital_C,O_positive,13,13,366,13,0,0,0,1,0,0,6,3,2023,9
2023-03-06,Hospital_C,O_positive,17,20,369,17,0,0,0,0,0,0,0,3,2023,10
2023-03-07,Hospital_C,O_positive,15,12,366,15,0,0,0,0,0,0,1,3,2023,10
2023-03-08,Hospital_C,O_positive,3,1,364,3,0,0,0,0,1,0,2,3,2023,10
2023-03-09,Hospital_C,O_positive,18,17,363,18,0,0,0,0,0,0,3,3,2023,10
2023-03-10,Hospital_C,O_positive,10,7,360,10,0,0,0,0,0,0,4,3,2023,10
2023-03-11,Hospital_C,O_positive,11,17,366,11,0,0,0,1,0,0,5,3,2023,10
2023-03-12,Hospital_C,O_positive,8,10,368,8,0,0,0,1,0,0,6,3,2023,10
2023-03-13,Hospital_C,O_positive,18,15,365,18,0,0,0,0,0,0,0,3,2023,11
2023-03-14,Hospital_C,O_positive,8,8,365,8,0,0,0,0,0,0,1,3,2023,11
2023-03-15,Hospital_C,O_positive,27,30,368,27,0,0,0,0,0,0,2,3,2023,11
2023-03-16,Hospital_C,O_positive,16,11,363,16,0,0,0,0,0,0,3,3,2023,11
2023-03-17,Hospital_C,O_positive,13,16,366,13,0,0,0,0,0,0,4,3,2023,11
2023-03-18,Hospital_C,O_positive,18,22,370,18,0,0,0,1,0,0,5,3,2023,11
2023-03-19,Hospital_C,O_positive,10,7,367,10,0,0,0,1,0,0,6,3,2023,11
2023-03-20,Hospital_C,O_positive,15,14,366,15,0,0,0,0,0,0,0,3,2023,12
2023-03-21,Hospital_C,O_positive,10,10,366,10,0,0,0,0,0,0,1,3,2023,12
2023-03-22,Hospital_C,O_positive,25,30,371,25,0,0,0,0,0,0,2,3,2023,12
2023-03-23,Hospital_C,O_positive,19,20,372,19,0,0,0,0,0,0,3,3,2023,12
2023-03-24,Hospital_C,O_positive,13,12,371,13,0,0,0,0,0,0,4,3,2023,12
2023-03-25,Hospital_C,O_positive,11,13,373,11,0,0,0,1,0,0,5,3,2023,12
2023-03-26,Hospital_C,O_positive,9,9,373,9,0,0,0,1,0,0,6,3,2023,12
2023-03-27,Hospital_C,O_positive,16,15,372,16,0,0,0,0,0,0,0,3,2023,13
2023-03-28,Hospital_C,O_positive,18,16,370,18,0,0,0,0,0,0,1,3,2023,13
2023-03-29,Hospital_C,O_positive,8,7,369,8,0,0,0,0,0,0,2,3,2023,13
2023-03-30,Hospital_C,O_positive,14,17,372,14,0,1,0,0,0,0,3,3,2023,13
2023-03-31,Hospital_C,O_positive,11,6,367,11,0,3,0,0,0,0,4,3,2023,13
2023-04-01,Hospital_C,O_positive,5,1,363,5,0,15,0,1,0,0,5,4,2023,13
2023-04-02,Hospital_C,O_positive,10,8,361,10,0,5,0,1,0,0,6,4,2023,13
2023-04-03,Hospital_C,O_positive,20,24,365,20,0,0,0,0,0,0,0,4,2023,14
2023-04-04,Hospital_C,O_positive,15,20,370,15,0,0,0,0,0,0,1,4,2023,14
2023-04-05,Hospital_C,O_positive,11,13,372,11,0,0,0,0,0,0,2,4,2023,14
2023-04-06,Hospital_C,O_positive,10,13,375,10,0,1,0,0,0,0,3,4,2023,14
2023-04-07,Hospital_C,O_positive,13,4,366,13,0,0,0,0,0,0,4,4,2023,14
2023-04-08,Hospital_C,O_positive,19,20,367,19,0,0,0,1,0,0,5,4,2023,14
2023-04-09,Hospital_C,O_positive,13,24,378,13,0,32,0,1,0,0,6,4,2023,14
2023-04-10,Hospital_C,O_positive,9,8,377,9,0,23,0,0,0,0,0,4,2023,15
2023-04-11,Hospital_C,O_positive,10,17,384,10,0,13,0,0,0,0,1,4,2023,15
2023-04-12,Hospital_C,O_positive,16,14,382,16,0,0,0,0,0,0,2,4,2023,15
2023-04-13,Hospital_C,O_positive,16,13,379,16,0,31,0,0,0,0,3,4,2023,15
2023-04-14,Hospital_C,O_positive,14,15,380,14,0,39,0,0,0,0,4,4,2023,15
2023-04-15,Hospital_C,O_positive,10,10,380,10,0,29,0,1,0,0,5,4,2023,15
2023-04-16,Hospital_C,O_positive,10,8,378,10,0,19,0,1,0,0,6,4,2023,15
2023-04-17,Hospital_C,O_positive,13,11,376,13,0,13,0,0,0,0,0,4,2023,16
2023-04-18,Hospital_C,O_positive,11,10,369,11,6,11,0,0,0,0,1,4,2023,16
2023-04-19,Hospital_C,O_positive,21,22,370,21,0,12,0,0,0,0,2,4,2023,16
2023-04-20,Hospital_C,O_positive,18,23,375,18,0,0,0,0,0,0,3,4,2023,16
2023-04-21,Hospital_C,O_positive,13,14,376,13,0,0,0,0,0,0,4,4,2023,16
2023-04-22,Hospital_C,O_positive,15,14,375,15,0,0,0,1,0,0,5,4,2023,16
2023-04-23,Hospital_C,O_positive,10,11,376,10,0,0,0,1,0,0,6,4,2023,16
2023-04-24,Hospital_C,O_positive,19,8,365,19,0,0,0,0,0,0,0,4,2023,17
2023-04-25,Hospital_C,O_positive,15,12,362,15,0,0,0,0,0,0,1,4,2023,17
2023-04-26,Hospital_C,O_positive,15,19,366,15,0,0,0,0,0,0,2,4,2023,17
2023-04-27,Hospital_C,O_positive,16,16,366,16,0,0,0,0,0,0,3,4,2023,17
2023-04-28,Hospital_C,O_positive,6,10,370,6,0,0,0,0,0,0,4,4,2023,17
2023-04-29,Hospital_C,O_positive,9,11,372,9,0,7,0,1,0,0,5,4,2023,17
2023-04-30,Hospital_C,O_positive,24,32,380,24,0,0,0,1,0,0,6,4,2023,17
2023-05-01,Hospital_C,O_positive,10,8,378,10,0,0,0,0,0,0,0,5,2023,18
2023-05-02,Hospital_C,O_positive,14,14,378,14,0,0,0,0,0,0,1,5,2023,18
2023-05-03,Hospital_C,O_positive,14,12,376,14,0,0,0,0,0,0,2,5,2023,18
2023-05-04,Hospital_C,O_positive,15,17,378,15,0,0,0,0,0,0,3,5,2023,18
2023-05-05,Hospital_C,O_positive,24,27,381,24,0,0,0,0,0,0,4,5,2023,18
2023-05-06,Hospital_C,O_positive,9,12,384,9,0,0,0,1,0,0,5,5,2023,18
2023-05-07,Hospital_C,O_positive,16,16,384,16,0,0,0,1,0,0,6,5,2023,18
2023-05-08,Hospital_C,O_positive,15,15,384,15,0,0,0,0,0,0,0,5,2023,19
2023-05-09,Hospital_C,O_positive,21,17,380,21,0,0,0,0,0,0,1,5,2023,19
2023-05-10,Hospital_C,O_positive,18,20,382,18,0,0,0,0,0,0,2,5,2023,19
2023-05-11,Hospital_C,O_positive,16,15,381,16,0,0,0,0,0,0,3,5,2023,19
2023-05-12,Hospital_C,O_positive,11,6,376,11,0,0,0,0,0,0,4,5,2023,19
2023-05-13,Hospital_C,O_positive,12,19,383,12,0,0,0,1,0,0,5,5,2023,19
2023-05-14,Hospital_C,O_positive,16,17,384,16,0,0,0,1,0,0,6,5,2023,19
2023-05-15,Hospital_C,O_positive,12,14,386,12,0,0,0,0,0,0,0,5,2023,20
2023-05-16,Hospital_C,O_positive,13,21,394,13,0,0,0,0,0,0,1,5,2023,20
2023-05-17,Hospital_C,O_positive,19,23,398,19,0,0,0,0,0,0,2,5,2023,20
2023-05-18,Hospital_C,O_positive,9,8,397,9,0,0,0,0,0,0,3,5,2023,20
2023-05-19,Hospital_C,O_positive,13,17,401,13,0,0,0,0,0,0,4,5,2023,20
2023-05-20,Hospital_C,O_positive,17,21,405,17,0,0,0,1,0,0,5,5,2023,20
2023-05-21,Hospital_C,O_positive,12,19,412,12,0,0,0,1,0,0,6,5,2023,20
2023-05-22,Hospital_C,O_positive,12,17,417,12,0,0,0,0,0,0,0,5,2023,21
2023-05-23,Hospital_C,O_positive,6,3,414,6,0,0,0,0,0,0,1,5,2023,21
2023-05-24,Hospital_C,O_positive,16,17,415,16,0,0,0,0,0,0,2,5,2023,21
2023-05-25,Hospital_C,O_positive,11,9,413,11,0,0,0,0,0,0,3,5,2023,21
2023-05-26,Hospital_C,O_positive,15,21,419,15,0,0,0,0,0,0,4,5,2023,21
2023-05-27,Hospital_C,O_positive,9,9,419,9,0,0,0,1,0,0,5,5,2023,21
2023-05-28,Hospital_C,O_positive,11,14,422,11,0,0,0,1,0,0,6,5,2023,21
2023-05-29,Hospital_C,O_positive,31,36,427,31,0,0,0,0,0,0,0,5,2023,22
2023-05-30,Hospital_C,O_positive,13,7,421,13,0,1,0,0,0,0,1,5,2023,22
2023-05-31,Hospital_C,O_positive,10,10,421,10,0,0,0,0,0,0,2,5,2023,22
2023-06-01,Hospital_C,O_positive,14,13,420,14,0,0,0,0,0,0,3,6,2023,22
2023-06-02,Hospital_C,O_positive,18,16,418,18,0,0,0,0,0,0,4,6,2023,22
2023-06-03,Hospital_C,O_positive,9,18,427,9,0,0,0,1,0,0,5,6,2023,22
2023-06-04,Hospital_C,O_positive,4,5,428,4,0,0,0,1,0,0,6,6,2023,22
2023-06-05,Hospital_C,O_positive,15,20,433,15,0,0,0,0,0,0,0,6,2023,23
2023-06-06,Hospital_C,O_positive,17,25,441,17,0,0,0,0,0,0,1,6,2023,23
2023-06-07,Hospital_C,O_positive,18,25,448,18,0,0,0,0,0,0,2,6,2023,23
2023-06-08,Hospital_C,O_positive,15,19,452,15,0,0,0,0,0,0,3,6,2023,23
2023-06-09,Hospital_C,O_positive,12,13,453,12,0,12,0,0,0,0,4,6,2023,23
2023-06-10,Hospital_C,O_positive,13,17,457,13,0,36,0,1,0,0,5,6,2023,23
2023-06-11,Hospital_C,O_positive,10,7,454,10,0,26,0,1,0,0,6,6,2023,23
2023-06-12,Hospital_C,O_positive,21,27,460,21,0,20,0,0,0,0,0,6,2023,24
2023-06-13,Hospital_C,O_positive,12,16,464,12,0,8,0,0,0,0,1,6,2023,24
2023-06-14,Hospital_C,O_positive,11,7,460,11,0,0,0,0,0,0,2,6,2023,24
2023-06-15,Hospital_C,O_positive,12,14,462,12,0,0,0,0,0,0,3,6,2023,24
2023-06-16,Hospital_C,O_positive,11,15,466,11,0,28,0,0,0,0,4,6,2023,24
2023-06-17,Hospital_C,O_positive,8,11,469,8,0,37,0,1,0,0,5,6,2023,24
2023-06-18,Hospital_C,O_positive,10,7,466,10,0,50,0,1,0,0,6,6,2023,24
2023-06-19,Hospital_C,O_positive,12,14,468,12,0,38,0,0,0,0,0,6,2023,25
2023-06-20,Hospital_C,O_positive,25,18,461,25,0,76,0,0,0,0,1,6,2023,25
2023-06-21,Hospital_C,O_positive,9,13,465,9,0,88,0,0,0,0,2,6,2023,25
2023-06-22,Hospital_C,O_positive,13,14,462,13,4,91,0,0,0,0,3,6,2023,25
2023-06-23,Hospital_C,O_positive,20,17,459,20,0,71,0,0,0,0,4,6,2023,25
2023-06-24,Hospital_C,O_positive,13,18,434,13,30,44,0,1,0,0,5,6,2023,25
2023-06-25,Hospital_C,O_positive,10,11,427,10,8,26,0,1,0,0,6,6,2023,25
2023-06-26,Hospital_C,O_positive,9,13,421,9,10,17,0,0,0,0,0,6,2023,26
2023-06-27,Hospital_C,O_positive,14,23,430,14,0,3,0,0,0,0,1,6,2023,26
2023-06-28,Hospital_C,O_positive,25,29,434,25,0,0,0,0,0,0,2,6,2023,26
2023-06-29,Hospital_C,O_positive,15,20,439,15,0,12,0,0,0,0,3,6,2023,26
2023-06-30,Hospital_C,O_positive,13,13,439,13,0,0,0,0,0,0,4,6,2023,26
2023-07-01,Hospital_C,O_positive,11,14,442,11,0,15,0,1,0,1,5,7,2023,26
2023-07-02,Hospital_C,O_positive,11,17,448,11,0,4,0,1,0,1,6,7,2023,26
2023-07-03,Hospital_C,O_positive,24,20,444,24,0,0,0,0,0,1,0,7,2023,27
2023-07-04,Hospital_C,O_positive,22,22,444,22,0,0,0,0,0,1,1,7,2023,27
2023-07-05,Hospital_C,O_positive,28,32,448,28,0,0,0,0,0,1,2,7,2023,27
2023-07-06,Hospital_C,O_positive,20,19,447,20,0,0,0,0,0,1,3,7,2023,27
2023-07-07,Hospital_C,O_positive,23,32,456,23,0,0,0,0,0,1,4,7,2023,27
2023-07-08,Hospital_C,O_positive,34,50,472,34,0,0,0,1,0,1,5,7,2023,27
2023-07-09,Hospital_C,O_positive,20,24,476,20,0,0,0,1,0,1,6,7,2023,27
2023-07-10,Hospital_C,O_positive,17,14,473,17,0,0,0,0,0,1,0,7,2023,28
2023-07-11,Hospital_C,O_positive,25,33,481,25,0,0,0,0,0,1,1,7,2023,28
2023-07-12,Hospital_C,O_positive,27,33,487,27,0,0,0,0,0,1,2,7,2023,28
2023-07-13,Hospital_C,O_positive,25,20,482,25,0,0,0,0,0,1,3,7,2023,28
2023-07-14,Hospital_C,O_positive,15,13,480,15,0,0,0,0,0,1,4,7,2023,28
2023-07-15,Hospital_C,O_positive,18,23,485,18,0,0,0,1,0,1,5,7,2023,28
2023-07-16,Hospital_C,O_positive,15,20,490,15,0,0,0,1,0,1,6,7,2023,28
2023-07-17,Hospital_C,O_positive,18,24,496,18,0,0,0,0,0,1,0,7,2023,29
2023-07-18,Hospital_C,O_positive,34,36,498,34,0,0,0,0,0,1,1,7,2023,29
2023-07-19,Hospital_C,O_positive,20,18,496,20,0,0,0,0,0,1,2,7,2023,29
2023-07-20,Hospital_C,O_positive,19,16,493,19,0,0,0,0,0,1,3,7,2023,29
2023-07-21,Hospital_C,O_positive,22,32,503,22,0,0,0,0,0,1,4,7,2023,29
2023-07-22,Hospital_C,O_positive,11,10,502,11,0,0,0,1,0,1,5,7,2023,29
2023-07-23,Hospital_C,O_positive,17,17,502,17,0,0,0,1,0,1,6,7,2023,29
2023-07-24,Hospital_C,O_positive,16,17,503,16,0,0,0,0,0,1,0,7,2023,30
2023-07-25,Hospital_C,O_positive,23,27,507,23,0,0,0,0,0,1,1,7,2023,30
2023-07-26,Hospital_C,O_positive,21,22,508,21,0,0,0,0,0,1,2,7,2023,30
2023-07-27,Hospital_C,O_positive,32,35,511,32,0,0,0,0,0,1,3,7,2023,30
2023-07-28,Hospital_C,O_positive,20,19,510,20,0,0,0,0,0,1,4,7,2023,30
2023-07-29,Hospital_C,O_positive,13,18,515,13,0,0,0,1,0,1,5,7,2023,30
2023-07-30,Hospital_C,O_positive,22,24,517,22,0,0,0,1,0,1,6,7,2023,30
2023-07-31,Hospital_C,O_positive,34,35,518,34,0,0,0,0,0,1,0,7,2023,31
2023-08-01,Hospital_C,O_positive,22,27,523,22,0,0,0,0,0,1,1,8,2023,31
2023-08-02,Hospital_C,O_positive,12,6,517,12,0,0,0,0,0,1,2,8,2023,31
2023-08-03,Hospital_C,O_positive,29,38,526,29,0,0,0,0,0,1,3,8,2023,31
2023-08-04,Hospital_C,O_positive,17,18,527,17,0,0,0,0,0,1,4,8,2023,31
2023-08-05,Hospital_C,O_positive,16,8,519,16,0,0,0,1,0,1,5,8,2023,31
2023-08-06,Hospital_C,O_positive,15,18,522,15,0,0,0,1,0,1,6,8,2023,31
2023-08-07,Hospital_C,O_positive,25,24,521,25,0,0,0,0,0,1,0,8,2023,32
2023-08-08,Hospital_C,O_positive,22,25,524,22,0,0,0,0,0,1,1,8,2023,32
2023-08-09,Hospital_C,O_positive,18,16,522,18,0,0,0,0,0,1,2,8,2023,32
2023-08-10,Hospital_C,O_positive,28,34,528,28,0,0,0,0,0,1,3,8,2023,32
2023-08-11,Hospital_C,O_positive,13,17,532,13,0,0,0,0,0,1,4,8,2023,32
2023-08-12,Hospital_C,O_positive,23,23,532,23,0,0,0,1,0,1,5,8,2023,32
2023-08-13,Hospital_C,O_positive,30,35,537,30,0,0,0,1,0,1,6,8,2023,32
2023-08-14,Hospital_C,O_positive,22,21,536,22,0,0,0,0,0,1,0,8,2023,33
2023-08-15,Hospital_C,O_positive,10,6,532,10,0,0,0,0,1,1,1,8,2023,33
2023-08-16,Hospital_C,O_positive,19,12,525,19,0,0,0,0,0,1,2,8,2023,33
2023-08-17,Hospital_C,O_positive,30,45,540,30,0,0,0,0,0,1,3,8,2023,33
2023-08-18,Hospital_C,O_positive,32,36,544,32,0,0,0,0,0,1,4,8,2023,33
2023-08-19,Hospital_C,O_positive,20,21,545,20,0,0,0,1,0,1,5,8,2023,33
2023-08-20,Hospital_C,O_positive,18,23,550,18,0,0,0,1,0,1,6,8,2023,33
2023-08-21,Hospital_C,O_positive,30,28,548,30,0,0,0,0,0,1,0,8,2023,34
2023-08-22,Hospital_C,O_positive,27,27,548,27,0,0,0,0,0,1,1,8,2023,34
2023-08-23,Hospital_C,O_positive,26,22,544,26,0,0,0,0,0,1,2,8,2023,34
2023-08-24,Hospital_C,O_positive,27,37,554,27,0,0,0,0,0,1,3,8,2023,34
2023-08-25,Hospital_C,O_positive,30,36,560,30,0,0,0,0,0,1,4,8,2023,34
2023-08-26,Hospital_C,O_positive,21,24,563,21,0,0,0,1,0,1,5,8,2023,34
2023-08-27,Hospital_C,O_positive,21,20,562,21,0,0,0,1,0,1,6,8,2023,34
2023-08-28,Hospital_C,O_positive,22,34,574,22,0,0,0,0,0,1,0,8,2023,35
2023-08-29,Hospital_C,O_positive,30,25,569,30,0,0,0,0,0,1,1,8,2023,35
2023-08-30,Hospital_C,O_positive,21,23,571,21,0,0,0,0,0,1,2,8,2023,35
2023-08-31,Hospital_C,O_positive,23,16,564,23,0,0,0,0,0,1,3,8,2023,35
2023-09-01,Hospital_C,O_positive,18,17,563,18,0,0,0,0,0,1,4,9,2023,35
2023-09-02,Hospital_C,O_positive,15,16,564,15,0,0,0,1,0,1,5,9,2023,35
2023-09-03,Hospital_C,O_positive,29,29,564,29,0,0,0,1,0,1,6,9,2023,35
2023-09-04,Hospital_C,O_positive,35,34,563,35,0,0,0,0,0,1,0,9,2023,36
2023-09-05,Hospital_C,O_positive,20,24,567,20,0,0,0,0,0,1,1,9,2023,36
2023-09-06,Hospital_C,O_positive,16,24,575,16,0,0,0,0,0,1,2,9,2023,36
2023-09-07,Hospital_C,O_positive,27,30,578,27,0,0,0,0,0,1,3,9,2023,36
2023-09-08,Hospital_C,O_positive,15,19,582,15,0,0,0,0,0,1,4,9,2023,36
2023-09-09,Hospital_C,O_positive,15,15,582,15,0,0,0,1,0,1,5,9,2023,36
2023-09-10,Hospital_C,O_positive,33,36,585,33,0,0,0,1,0,1,6,9,2023,36
2023-09-11,Hospital_C,O_positive,23,26,588,23,0,0,0,0,0,1,0,9,2023,37
2023-09-12,Hospital_C,O_positive,26,23,585,26,0,0,0,0,0,1,1,9,2023,37
2023-09-13,Hospital_C,O_positive,19,19,585,19,0,0,0,0,0,1,2,9,2023,37
2023-09-14,Hospital_C,O_positive,25,32,592,25,0,0,0,0,0,1,3,9,2023,37
2023-09-15,Hospital_C,O_positive,22,22,592,22,0,0,0,0,0,1,4,9,2023,37
2023-09-16,Hospital_C,O_positive,14,10,588,14,0,0,0,1,0,1,5,9,2023,37
2023-09-17,Hospital_C,O_positive,23,21,586,23,0,0,0,1,0,1,6,9,2023,37
2023-09-18,Hospital_C,O_positive,28,31,589,28,0,0,0,0,0,1,0,9,2023,38
2023-09-19,Hospital_C,O_positive,18,30,601,18,0,0,0,0,0,1,1,9,2023,38
2023-09-20,Hospital_C,O_positive,26,26,601,26,0,0,0,0,0,1,2,9,2023,38
2023-09-21,Hospital_C,O_positive,34,36,603,34,0,0,0,0,0,1,3,9,2023,38
2023-09-22,Hospital_C,O_positive,19,12,596,19,0,0,0,0,0,1,4,9,2023,38
2023-09-23,Hospital_C,O_positive,21,20,595,21,0,0,0,1,0,1,5,9,2023,38
2023-09-24,Hospital_C,O_positive,7,5,593,7,0,0,0,1,0,1,6,9,2023,38
2023-09-25,Hospital_C,O_positive,23,30,600,23,0,4,0,0,0,1,0,9,2023,39
2023-09-26,Hospital_C,O_positive,27,35,608,27,0,6,0,0,0,1,1,9,2023,39
2023-09-27,Hospital_C,O_positive,23,29,614,23,0,0,0,0,0,1,2,9,2023,39
2023-09-28,Hospital_C,O_positive,27,29,616,27,0,0,0,0,0,1,3,9,2023,39
2023-09-29,Hospital_C,O_positive,22,14,608,22,0,5,0,0,0,1,4,9,2023,39
2023-09-30,Hospital_C,O_positive,21,26,613,21,0,42,0,1,0,1,5,9,2023,39
2023-10-01,Hospital_C,O_positive,12,12,613,12,0,30,0,1,0,1,6,10,2023,39
2023-10-02,Hospital_C,O_positive,11,9,611,11,0,76,0,0,1,1,0,10,2023,40
2023-10-03,Hospital_C,O_positive,22,29,618,22,0,54,0,0,0,1,1,10,2023,40
2023-10-04,Hospital_C,O_positive,23,33,628,23,0,54,0,0,0,1,2,10,2023,40
2023-10-05,Hospital_C,O_positive,27,20,621,27,0,89,0,0,0,1,3,10,2023,40
2023-10-06,Hospital_C,O_positive,28,36,625,28,4,57,0,0,0,1,4,10,2023,40
2023-10-07,Hospital_C,O_positive,26,33,632,26,0,31,0,1,0,1,5,10,2023,40
2023-10-08,Hospital_C,O_positive,10,15,637,10,0,76,0,1,0,1,6,10,2023,40
2023-10-09,Hospital_C,O_positive,21,22,617,21,21,49,0,0,0,1,0,10,2023,41
2023-10-10,Hospital_C,O_positive,21,17,613,21,0,54,0,0,0,1,1,10,2023,41
2023-10-11,Hospital_C,O_positive,23,39,629,23,0,61,0,0,0,1,2,10,2023,41
2023-10-12,Hospital_C,O_positive,19,24,634,19,0,42,0,0,0,1,3,10,2023,41
2023-10-13,Hospital_C,O_positive,28,29,635,28,0,74,0,0,0,1,4,10,2023,41
2023-10-14,Hospital_C,O_positive,12,16,639,12,0,82,0,1,0,1,5,10,2023,41
2023-10-15,Hospital_C,O_positive,23,22,636,23,2,79,0,1,0,1,6,10,2023,41
2023-10-16,Hospital_C,O_positive,29,20,627,29,0,50,0,0,0,1,0,10,2023,42
2023-10-17,Hospital_C,O_positive,21,21,619,21,8,21,0,0,0,1,1,10,2023,42
2023-10-18,Hospital_C,O_positive,15,18,622,15,0,6,0,0,0,1,2,10,2023,42
2023-10-19,Hospital_C,O_positive,28,21,609,28,6,0,0,0,0,1,3,10,2023,42
2023-10-20,Hospital_C,O_positive,21,25,613,21,0,0,0,0,0,1,4,10,2023,42
2023-10-21,Hospital_C,O_positive,34,36,615,34,0,0,0,1,0,1,5,10,2023,42
2023-10-22,Hospital_C,O_positive,27,28,616,27,0,0,0,1,0,1,6,10,2023,42
2023-10-23,Hospital_C,O_positive,16,28,628,16,0,0,0,0,0,1,0,10,2023,43
2023-10-24,Hospital_C,O_positive,16,18,630,16,0,0,0,0,0,1,1,10,2023,43
2023-10-25,Hospital_C,O_positive,22,20,628,22,0,0,0,0,0,1,2,10,2023,43
2023-10-26,Hospital_C,O_positive,36,48,640,36,0,0,0,0,0,1,3,10,2023,43
2023-10-27,Hospital_C,O_positive,26,24,638,26,0,0,0,0,0,1,4,10,2023,43
2023-10-28,Hospital_C,O_positive,12,8,634,12,0,0,0,1,0,1,5,10,2023,43
2023-10-29,Hospital_C,O_positive,11,15,638,11,0,0,0,1,0,1,6,10,2023,43
2023-10-30,Hospital_C,O_positive,28,37,647,28,0,0,0,0,0,1,0,10,2023,44
2023-10-31,Hospital_C,O_positive,20,13,640,20,0,0,0,0,0,1,1,10,2023,44
2023-11-01,Hospital_C,O_positive,4,6,642,4,0,0,0,0,0,0,2,11,2023,44
2023-11-02,Hospital_C,O_positive,21,17,638,21,0,0,0,0,0,0,3,11,2023,44
2023-11-03,Hospital_C,O_positive,9,9,638,9,0,15,0,0,0,0,4,11,2023,44
2023-11-04,Hospital_C,O_positive,8,4,634,8,0,36,0,1,0,0,5,11,2023,44
2023-11-05,Hospital_C,O_positive,7,5,632,7,0,29,0,1,0,0,6,11,2023,44
2023-11-06,Hospital_C,O_positive,18,19,633,18,0,25,0,0,0,0,0,11,2023,45
2023-11-07,Hospital_C,O_positive,23,26,636,23,0,2,0,0,0,0,1,11,2023,45
2023-11-08,Hospital_C,O_positive,8,9,637,8,0,23,0,0,0,0,2,11,2023,45
2023-11-09,Hospital_C,O_positive,15,20,642,15,0,8,0,0,0,0,3,11,2023,45
2023-11-10,Hospital_C,O_positive,10,9,641,10,0,0,0,0,0,0,4,11,2023,45
2023-11-11,Hospital_C,O_positive,15,19,645,15,0,54,0,1,0,0,5,11,2023,45
2023-11-12,Hospital_C,O_positive,6,3,642,6,0,97,0,1,1,0,6,11,2023,45
2023-11-13,Hospital_C,O_positive,15,18,645,15,0,146,0,0,0,0,0,11,2023,46
2023-11-14,Hospital_C,O_positive,14,15,646,14,0,150,0,0,0,0,1,11,2023,46
2023-11-15,Hospital_C,O_positive,10,11,628,10,19,121,0,0,0,0,2,11,2023,46
2023-11-16,Hospital_C,O_positive,8,7,588,8,39,74,0,0,0,0,3,11,2023,46
2023-11-17,Hospital_C,O_positive,12,12,532,12,56,47,0,0,0,0,4,11,2023,46
2023-11-18,Hospital_C,O_positive,15,15,526,15,6,74,0,1,0,0,5,11,2023,46
2023-11-19,Hospital_C,O_positive,5,5,526,5,0,69,0,1,0,0,6,11,2023,46
2023-11-20,Hospital_C,O_positive,18,24,532,18,0,107,0,0,0,0,0,11,2023,47
2023-11-21,Hospital_C,O_positive,18,22,533,18,3,110,0,0,0,0,1,11,2023,47
2023-11-22,Hospital_C,O_positive,21,15,497,21,30,84,0,0,0,0,2,11,2023,47
2023-11-23,Hospital_C,O_positive,15,9,491,15,0,91,0,0,0,0,3,11,2023,47
2023-11-24,Hospital_C,O_positive,12,7,466,12,20,95,0,0,0,0,4,11,2023,47
2023-11-25,Hospital_C,O_positive,8,6,452,8,12,81,0,1,0,0,5,11,2023,47
2023-11-26,Hospital_C,O_positive,13,14,436,13,17,70,0,1,0,0,6,11,2023,47
2023-11-27,Hospital_C,O_positive,18,17,426,18,9,48,0,0,0,0,0,11,2023,48
2023-11-28,Hospital_C,O_positive,14,9,403,14,18,16,0,0,0,0,1,11,2023,48
2023-11-29,Hospital_C,O_positive,15,17,405,15,0,1,0,0,0,0,2,11,2023,48
2023-11-30,Hospital_C,O_positive,12,9,402,12,0,0,0,0,0,0,3,11,2023,48
2023-12-01,Hospital_C,O_positive,13,19,408,13,0,0,0,0,0,0,4,12,2023,48
2023-12-02,Hospital_C,O_positive,10,12,410,10,0,0,0,1,0,0,5,12,2023,48
2023-12-03,Hospital_C,O_positive,5,7,412,5,0,0,0,1,0,0,6,12,2023,48
2023-12-04,Hospital_C,O_positive,31,35,416,31,0,0,0,0,0,0,0,12,2023,49
2023-12-05,Hospital_C,O_positive,14,16,418,14,0,0,0,0,0,0,1,12,2023,49
2023-12-06,Hospital_C,O_positive,21,18,415,21,0,0,0,0,0,0,2,12,2023,49
2023-12-07,Hospital_C,O_positive,11,13,417,11,0,12,0,0,0,0,3,12,2023,49
2023-12-08,Hospital_C,O_positive,13,17,421,13,0,17,0,0,0,0,4,12,2023,49
2023-12-09,Hospital_C,O_positive,5,2,418,5,0,12,0,1,0,0,5,12,2023,49
2023-12-10,Hospital_C,O_positive,11,15,422,11,0,60,0,1,0,0,6,12,2023,49
2023-12-11,Hospital_C,O_positive,12,16,426,12,0,57,0,0,0,0,0,12,2023,50
2023-12-12,Hospital_C,O_positive,13,14,427,13,0,44,0,0,0,0,1,12,2023,50
2023-12-13,Hospital_C,O_positive,16,18,429,16,0,35,0,0,0,0,2,12,2023,50
2023-12-14,Hospital_C,O_positive,25,36,421,25,19,21,0,0,0,0,3,12,2023,50
2023-12-15,Hospital_C,O_positive,12,16,425,12,0,9,0,0,0,0,4,12,2023,50
2023-12-16,Hospital_C,O_positive,17,21,429,17,0,0,0,1,0,0,5,12,2023,50
2023-12-17,Hospital_C,O_positive,12,11,428,12,0,0,0,1,0,0,6,12,2023,50
2023-12-18,Hospital_C,O_positive,12,9,425,12,0,26,0,0,0,0,0,12,2023,51
2023-12-19,Hospital_C,O_positive,12,11,424,12,0,23,0,0,0,0,1,12,2023,51
2023-12-20,Hospital_C,O_positive,10,12,426,10,0,16,0,0,0,0,2,12,2023,51
2023-12-21,Hospital_C,O_positive,17,13,422,17,0,0,0,0,0,0,3,12,2023,51
2023-12-22,Hospital_C,O_positive,14,17,425,14,0,0,0,0,0,0,4,12,2023,51
2023-12-23,Hospital_C,O_positive,7,5,423,7,0,18,0,1,0,0,5,12,2023,51
2023-12-24,Hospital_C,O_positive,11,14,426,11,0,32,0,1,0,0,6,12,2023,51
2023-12-25,Hospital_C,O_positive,6,8,428,6,0,50,0,0,1,0,0,12,2023,52
2023-12-26,Hospital_C,O_positive,12,13,429,12,0,38,0,0,0,0,1,12,2023,52
2023-12-27,Hospital_C,O_positive,13,16,432,13,0,42,0,0,0,0,2,12,2023,52
2023-12-28,Hospital_C,O_positive,10,11,432,10,1,31,0,0,0,0,3,12,2023,52
2023-12-29,Hospital_C,O_positive,10,10,418,10,14,25,0,0,0,0,4,12,2023,52
2023-12-30,Hospital_C,O_positive,4,4,418,4,0,38,0,1,0,0,5,12,2023,52
2023-12-31,Hospital_C,O_positive,9,13,419,9,3,78,0,1,0,0,6,12,2023,52
2021-01-01,Hospital_C,O_negative,10,8,83,10,0,0,0,0,0,0,4,1,2021,53
2021-01-02,Hospital_C,O_negative,4,6,85,4,0,0,0,1,0,0,5,1,2021,53
2021-01-03,Hospital_C,O_negative,4,2,83,4,0,0,0,1,0,0,6,1,2021,53
2021-01-04,Hospital_C,O_negative,8,7,82,8,0,0,0,0,0,0,0,1,2021,1
2021-01-05,Hospital_C,O_negative,6,8,84,6,0,0,0,0,0,0,1,1,2021,1
2021-01-06,Hospital_C,O_negative,6,7,85,6,0,0,0,0,0,0,2,1,2021,1
2021-01-07,Hospital_C,O_negative,7,15,93,7,0,0,0,0,0,0,3,1,2021,1
2021-01-08,Hospital_C,O_negative,7,10,96,7,0,0,0,0,0,0,4,1,2021,1
2021-01-09,Hospital_C,O_negative,8,10,98,8,0,0,0,1,0,0,5,1,2021,1
2021-01-10,Hospital_C,O_negative,6,5,97,6,0,0,0,1,0,0,6,1,2021,1
2021-01-11,Hospital_C,O_negative,5,2,94,5,0,0,0,0,0,0,0,1,2021,2
2021-01-12,Hospital_C,O_negative,3,3,94,3,0,0,0,0,0,0,1,1,2021,2
2021-01-13,Hospital_C,O_negative,4,5,95,4,0,0,0,0,0,0,2,1,2021,2
2021-01-14,Hospital_C,O_negative,9,10,96,9,0,0,0,0,0,0,3,1,2021,2
2021-01-15,Hospital_C,O_negative,0,1,97,0,0,0,0,0,0,0,4,1,2021,2
2021-01-16,Hospital_C,O_negative,5,9,101,5,0,0,0,1,0,0,5,1,2021,2
2021-01-17,Hospital_C,O_negative,20,13,94,20,0,0,0,1,0,0,6,1,2021,2
2021-01-18,Hospital_C,O_negative,18,18,94,18,0,0,0,0,0,0,0,1,2021,3
2021-01-19,Hospital_C,O_negative,8,4,90,8,0,0,0,0,0,0,1,1,2021,3
2021-01-20,Hospital_C,O_negative,4,3,89,4,0,0,0,0,0,0,2,1,2021,3
2021-01-21,Hospital_C,O_negative,10,15,94,10,0,0,0,0,0,0,3,1,2021,3
2021-01-22,Hospital_C,O_negative,7,13,100,7,0,0,0,0,0,0,4,1,2021,3
2021-01-23,Hospital_C,O_negative,4,4,100,4,0,0,0,1,0,0,5,1,2021,3
2021-01-24,Hospital_C,O_negative,2,1,99,2,0,0,0,1,0,0,6,1,2021,3
2021-01-25,Hospital_C,O_negative,11,8,96,11,0,0,0,0,0,0,0,1,2021,4
2021-01-26,Hospital_C,O_negative,3,1,94,3,0,0,0,0,1,0,1,1,2021,4
2021-01-27,Hospital_C,O_negative,10,10,94,10,0,0,0,0,0,0,2,1,2021,4
2021-01-28,Hospital_C,O_negative,9,8,93,9,0,0,0,0,0,0,3,1,2021,4
2021-01-29,Hospital_C,O_negative,5,4,92,5,0,0,0,0,0,0,4,1,2021,4
2021-01-30,Hospital_C,O_negative,5,8,95,5,0,0,0,1,0,0,5,1,2021,4
2021-01-31,Hospital_C,O_negative,7,8,96,7,0,0,0,1,0,0,6,1,2021,4
2021-02-01,Hospital_C,O_negative,6,6,96,6,0,0,0,0,0,0,0,2,2021,5
2021-02-02,Hospital_C,O_negative,7,10,99,7,0,0,0,0,0,0,1,2,2021,5
2021-02-03,Hospital_C,O_negative,10,14,103,10,0,0,0,0,0,0,2,2,2021,5
2021-02-04,Hospital_C,O_negative,7,12,108,7,0,0,0,0,0,0,3,2,2021,5
2021-02-05,Hospital_C,O_negative,4,3,107,4,0,0,0,0,0,0,4,2,2021,5
2021-02-06,Hospital_C,O_negative,8,13,112,8,0,0,0,1,0,0,5,2,2021,5
2021-02-07,Hospital_C,O_negative,8,8,112,8,0,0,0,1,0,0,6,2,2021,5
2021-02-08,Hospital_C,O_negative,11,17,118,11,0,0,0,0,0,0,0,2,2021,6
2021-02-09,Hospital_C,O_negative,7,8,119,7,0,0,0,0,0,0,1,2,2021,6
2021-02-10,Hospital_C,O_negative,4,3,118,4,0,0,0,0,0,0,2,2,2021,6
2021-02-11,Hospital_C,O_negative,13,19,124,13,0,0,0,0,0,0,3,2,2021,6
2021-02-12,Hospital_C,O_negative,13,10,121,13,0,0,0,0,0,0,4,2,2021,6
2021-02-13,Hospital_C,O_negative,4,7,124,4,0,0,0,1,0,0,5,2,2021,6
2021-02-14,Hospital_C,O_negative,3,2,123,3,0,0,0,1,0,0,6,2,2021,6
2021-02-15,Hospital_C,O_negative,6,3,120,6,0,0,0,0,0,0,0,2,2021,7
2021-02-16,Hospital_C,O_negative,8,12,124,8,0,0,0,0,0,0,1,2,2021,7
2021-02-17,Hospital_C,O_negative,7,8,125,7,0,0,0,0,0,0,2,2,2021,7
2021-02-18,Hospital_C,O_negative,4,6,127,4,0,0,0,0,0,0,3,2,2021,7
2021-02-19,Hospital_C,O_negative,3,3,127,3,0,0,0,0,0,0,4,2,2021,7
2021-02-20,Hospital_C,O_negative,7,9,129,7,0,0,0,1,0,0,5,2,2021,7
2021-02-21,Hospital_C,O_negative,6,3,126,6,0,0,0,1,0,0,6,2,2021,7
2021-02-22,Hospital_C,O_negative,7,3,122,7,0,0,0,0,0,0,0,2,2021,8
2021-02-23,Hospital_C,O_negative,4,5,123,4,0,0,0,0,0,0,1,2,2021,8
2021-02-24,Hospital_C,O_negative,4,9,128,4,0,0,0,0,0,0,2,2,2021,8
2021-02-25,Hospital_C,O_negative,8,10,130,8,0,0,0,0,0,0,3,2,2021,8
2021-02-26,Hospital_C,O_negative,6,5,129,6,0,0,0,0,0,0,4,2,2021,8
2021-02-27,Hospital_C,O_negative,5,5,129,5,0,0,0,1,0,0,5,2,2021,8
2021-02-28,Hospital_C,O_negative,6,6,129,6,0,0,0,1,0,0,6,2,2021,8
2021-03-01,Hospital_C,O_negative,2,2,129,2,0,0,0,0,0,0,0,3,2021,9
2021-03-02,Hospital_C,O_negative,4,5,130,4,0,0,0,0,0,0,1,3,2021,9
2021-03-03,Hospital_C,O_negative,9,11,132,9,0,0,0,0,0,0,2,3,2021,9
2021-03-04,Hospital_C,O_negative,4,5,133,4,0,0,0,0,0,0,3,3,2021,9
2021-03-05,Hospital_C,O_negative,2,6,137,2,0,0,0,0,0,0,4,3,2021,9
2021-03-06,Hospital_C,O_negative,6,7,138,6,0,0,0,1,0,0,5,3,2021,9
2021-03-07,Hospital_C,O_negative,2,2,138,2,0,0,0,1,0,0,6,3,2021,9
2021-03-08,Hospital_C,O_negative,5,7,140,5,0,0,0,0,0,0,0,3,2021,10
2021-03-09,Hospital_C,O_negative,11,10,139,11,0,0,0,0,0,0,1,3,2021,10
2021-03-10,Hospital_C,O_negative,3,3,139,3,0,0,0,0,0,0,2,3,2021,10
2021-03-11,Hospital_C,O_negative,5,5,139,5,0,0,0,0,0,0,3,3,2021,10
2021-03-12,Hospital_C,O_negative,7,11,143,7,0,0,0,0,0,0,4,3,2021,10
2021-03-13,Hospital_C,O_negative,18,23,148,18,0,0,0,1,0,0,5,3,2021,10
2021-03-14,Hospital_C,O_negative,4,3,147,4,0,0,0,1,0,0,6,3,2021,10
2021-03-15,Hospital_C,O_negative,4,4,147,4,0,0,0,0,0,0,0,3,2021,11
2021-03-16,Hospital_C,O_negative,6,6,147,6,0,0,0,0,0,0,1,3,2021,11
2021-03-17,Hospital_C,O_negative,7,4,144,7,0,0,0,0,0,0,2,3,2021,11
2021-03-18,Hospital_C,O_negative,10,19,153,10,0,0,0,0,0,0,3,3,2021,11
2021-03-19,Hospital_C,O_negative,8,6,151,8,0,0,0,0,0,0,4,3,2021,11
2021-03-20,Hospital_C,O_negative,4,6,153,4,0,0,0,1,0,0,5,3,2021,11
2021-03-21,Hospital_C,O_negative,8,11,156,8,0,0,0,1,0,0,6,3,2021,11
2021-03-22,Hospital_C,O_negative,1,2,157,1,0,0,0,0,0,0,0,3,2021,12
2021-03-23,Hospital_C,O_negative,5,10,162,5,0,0,0,0,0,0,1,3,2021,12
2021-03-24,Hospital_C,O_negative,8,9,163,8,0,0,0,0,0,0,2,3,2021,12
2021-03-25,Hospital_C,O_negative,3,6,166,3,0,0,0,0,0,0,3,3,2021,12
2021-03-26,Hospital_C,O_negative,18,23,171,18,0,0,0,0,0,0,4,3,2021,12
2021-03-27,Hospital_C,O_negative,5,6,172,5,0,0,0,1,0,0,5,3,2021,12
2021-03-28,Hospital_C,O_negative,5,5,172,5,0,0,0,1,0,0,6,3,2021,12
2021-03-29,Hospital_C,O_negative,4,7,175,4,0,0,0,0,1,0,0,3,2021,13
2021-03-30,Hospital_C,O_negative,9,7,173,9,0,0,0,0,0,0,1,3,2021,13
2021-03-31,Hospital_C,O_negative,7,3,169,7,0,0,0,0,0,0,2,3,2021,13
2021-04-01,Hospital_C,O_negative,2,1,168,2,0,0,0,0,0,0,3,4,2021,13
2021-04-02,Hospital_C,O_negative,6,6,168,6,0,0,0,0,0,0,4,4,2021,13
2021-04-03,Hospital_C,O_negative,4,4,168,4,0,0,0,1,0,0,5,4,2021,13
2021-04-04,Hospital_C,O_negative,5,6,169,5,0,0,0,1,0,0,6,4,2021,13
2021-04-05,Hospital_C,O_negative,5,10,174,5,0,0,0,0,0,0,0,4,2021,14
2021-04-06,Hospital_C,O_negative,7,7,174,7,0,0,0,0,0,0,1,4,2021,14
2021-04-07,Hospital_C,O_negative,3,6,177,3,0,0,0,0,0,0,2,4,2021,14
2021-04-08,Hospital_C,O_negative,3,1,175,3,0,0,0,0,0,0,3,4,2021,14
2021-04-09,Hospital_C,O_negative,4,4,175,4,0,0,0,0,0,0,4,4,2021,14
2021-04-10,Hospital_C,O_negative,6,10,179,6,0,0,0,1,0,0,5,4,2021,14
2021-04-11,Hospital_C,O_negative,3,4,180,3,0,0,0,1,0,0,6,4,2021,14
2021-04-12,Hospital_C,O_negative,10,10,180,10,0,0,0,0,0,0,0,4,2021,15
2021-04-13,Hospital_C,O_negative,6,10,184,6,0,9,0,0,0,0,1,4,2021,15
2021-04-14,Hospital_C,O_negative,2,0,182,2,0,12,0,0,0,0,2,4,2021,15
2021-04-15,Hospital_C,O_negative,5,6,183,5,0,7,0,0,0,0,3,4,2021,15
2021-04-16,Hospital_C,O_negative,2,3,184,2,0,5,0,0,0,0,4,4,2021,15
2021-04-17,Hospital_C,O_negative,6,10,188,6,0,0,0,1,0,0,5,4,2021,15
2021-04-18,Hospital_C,O_negative,2,1,187,2,0,27,0,1,0,0,6,4,2021,15
2021-04-19,Hospital_C,O_negative,9,12,190,9,0,30,0,0,0,0,0,4,2021,16
2021-04-20,Hospital_C,O_negative,3,2,189,3,0,34,0,0,0,0,1,4,2021,16
2021-04-21,Hospital_C,O_negative,4,3,188,4,0,36,0,0,0,0,2,4,2021,16
2021-04-22,Hospital_C,O_negative,8,8,177,8,11,17,0,0,0,0,3,4,2021,16
2021-04-23,Hospital_C,O_negative,9,9,173,9,4,32,0,0,0,0,4,4,2021,16
2021-04-24,Hospital_C,O_negative,4,2,171,4,0,38,0,1,0,0,5,4,2021,16
2021-04-25,Hospital_C,O_negative,2,4,173,2,0,43,0,1,0,0,6,4,2021,16
2021-04-26,Hospital_C,O_negative,4,2,171,4,0,43,0,0,0,0,0,4,2021,17
2021-04-27,Hospital_C,O_negative,3,5,151,3,22,18,0,0,0,0,1,4,2021,17
2021-04-28,Hospital_C,O_negative,8,12,148,8,7,3,0,0,0,0,2,4,2021,17
2021-04-29,Hospital_C,O_negative,12,11,147,12,0,2,0,0,0,0,3,4,2021,17
2021-04-30,Hospital_C,O_negative,7,9,149,7,0,0,0,0,0,0,4,4,2021,17
2021-05-01,Hospital_C,O_negative,6,7,150,6,0,0,0,1,0,0,5,5,2021,17
2021-05-02,Hospital_C,O_negative,2,3,151,2,0,0,0,1,0,0,6,5,2021,17
2021-05-03,Hospital_C,O_negative,8,11,154,8,0,0,0,0,0,0,0,5,2021,18
2021-05-04,Hospital_C,O_negative,8,10,156,8,0,0,0,0,0,0,1,5,2021,18
2021-05-05,Hospital_C,O_negative,5,9,160,5,0,0,0,0,0,0,2,5,2021,18
2021-05-06,Hospital_C,O_negative,13,4,151,13,0,0,0,0,0,0,3,5,2021,18
2021-05-07,Hospital_C,O_negative,5,7,153,5,0,0,0,0,0,0,4,5,2021,18
2021-05-08,Hospital_C,O_negative,5,6,154,5,0,0,0,1,0,0,5,5,2021,18
2021-05-09,Hospital_C,O_negative,2,2,154,2,0,0,0,1,0,0,6,5,2021,18
2021-05-10,Hospital_C,O_negative,10,13,157,10,0,0,0,0,0,0,0,5,2021,19
2021-05-11,Hospital_C,O_negative,6,6,157,6,0,0,0,0,0,0,1,5,2021,19
2021-05-12,Hospital_C,O_negative,6,10,161,6,0,0,0,0,0,0,2,5,2021,19
2021-05-13,Hospital_C,O_negative,6,4,159,6,0,0,0,0,0,0,3,5,2021,19
2021-05-14,Hospital_C,O_negative,9,8,158,9,0,0,0,0,0,0,4,5,2021,19
2021-05-15,Hospital_C,O_negative,22,22,158,22,0,0,0,1,0,0,5,5,2021,19
2021-05-16,Hospital_C,O_negative,21,27,164,21,0,0,0,1,0,0,6,5,2021,19
2021-05-17,Hospital_C,O_negative,7,6,163,7,0,0,0,0,0,0,0,5,2021,20
2021-05-18,Hospital_C,O_negative,7,7,163,7,0,0,0,0,0,0,1,5,2021,20
2021-05-19,Hospital_C,O_negative,5,6,164,5,0,0,0,0,0,0,2,5,2021,20
2021-05-20,Hospital_C,O_negative,5,7,166,5,0,0,0,0,0,0,3,5,2021,20
2021-05-21,Hospital_C,O_negative,5,9,170,5,0,0,0,0,0,0,4,5,2021,20
2021-05-22,Hospital_C,O_negative,3,9,176,3,0,0,0,1,0,0,5,5,2021,20
2021-05-23,Hospital_C,O_negative,7,10,179,7,0,0,0,1,0,0,6,5,2021,20
2021-05-24,Hospital_C,O_negative,12,12,179,12,0,0,0,0,0,0,0,5,2021,21
2021-05-25,Hospital_C,O_negative,7,15,187,7,0,0,0,0,0,0,1,5,2021,21
2021-05-26,Hospital_C,O_negative,2,1,186,2,0,0,0,0,0,0,2,5,2021,21
2021-05-27,Hospital_C,O_negative,3,2,185,3,0,0,0,0,0,0,3,5,2021,21
2021-05-28,Hospital_C,O_negative,4,7,188,4,0,0,0,0,0,0,4,5,2021,21
2021-05-29,Hospital_C,O_negative,3,3,188,3,0,0,0,1,0,0,5,5,2021,21
2021-05-30,Hospital_C,O_negative,4,4,188,4,0,0,0,1,0,0,6,5,2021,21
2021-05-31,Hospital_C,O_negative,1,1,188,1,0,0,0,0,0,0,0,5,2021,22
2021-06-01,Hospital_C,O_negative,6,4,186,6,0,0,0,0,0,0,1,6,2021,22
2021-06-02,Hospital_C,O_negative,4,3,185,4,0,0,0,0,0,0,2,6,2021,22
2021-06-03,Hospital_C,O_negative,6,7,186,6,0,0,0,0,0,0,3,6,2021,22
2021-06-04,Hospital_C,O_negative,2,5,189,2,0,0,0,0,0,0,4,6,2021,22
2021-06-05,Hospital_C,O_negative,4,5,190,4,0,0,0,1,0,0,5,6,2021,22
2021-06-06,Hospital_C,O_negative,21,24,193,21,0,0,0,1,0,0,6,6,2021,22
2021-06-07,Hospital_C,O_negative,7,7,193,7,0,0,0,0,0,0,0,6,2021,23
2021-06-08,Hospital_C,O_negative,7,7,193,7,0,0,0,0,0,0,1,6,2021,23
2021-06-09,Hospital_C,O_negative,6,9,196,6,0,0,0,0,0,0,2,6,2021,23
2021-06-10,Hospital_C,O_negative,2,6,200,2,0,0,0,0,0,0,3,6,2021,23
2021-06-11,Hospital_C,O_negative,1,2,201,1,0,0,0,0,0,0,4,6,2021,23
2021-06-12,Hospital_C,O_negative,4,3,200,4,0,1,0,1,0,0,5,6,2021,23
2021-06-13,Hospital_C,O_negative,5,3,198,5,0,6,0,1,0,0,6,6,2021,23
2021-06-14,Hospital_C,O_negative,20,26,204,20,0,0,0,0,0,0,0,6,2021,24
2021-06-15,Hospital_C,O_negative,4,1,201,4,0,0,0,0,0,0,1,6,2021,24
2021-06-16,Hospital_C,O_negative,6,5,200,6,0,0,0,0,0,0,2,6,2021,24
2021-06-17,Hospital_C,O_negative,6,8,202,6,0,0,0,0,0,0,3,6,2021,24
2021-06-18,Hospital_C,O_negative,5,7,204,5,0,16,0,0,0,0,4,6,2021,24
2021-06-19,Hospital_C,O_negative,1,2,205,1,0,25,0,1,0,0,5,6,2021,24
2021-06-20,Hospital_C,O_negative,17,19,207,17,0,37,0,1,0,0,6,6,2021,24
2021-06-21,Hospital_C,O_negative,2,2,207,2,0,35,0,0,0,0,0,6,2021,25
2021-06-22,Hospital_C,O_negative,7,5,205,7,0,32,0,0,0,0,1,6,2021,25
2021-06-23,Hospital_C,O_negative,9,7,203,9,0,23,0,0,0,0,2,6,2021,25
2021-06-24,Hospital_C,O_negative,8,6,182,8,19,0,0,0,0,0,3,6,2021,25
2021-06-25,Hospital_C,O_negative,6,10,186,6,0,0,0,0,0,0,4,6,2021,25
2021-06-26,Hospital_C,O_negative,5,2,183,5,0,9,0,1,0,0,5,6,2021,25
2021-06-27,Hospital_C,O_negative,5,6,184,5,0,5,0,1,0,0,6,6,2021,25
2021-06-28,Hospital_C,O_negative,5,5,184,5,0,9,0,0,0,0,0,6,2021,26
2021-06-29,Hospital_C,O_negative,9,12,187,9,0,0,0,0,0,0,1,6,2021,26
2021-06-30,Hospital_C,O_negative,5,4,186,5,0,1,0,0,0,0,2,6,2021,26
2021-07-01,Hospital_C,O_negative,5,7,188,5,0,1,0,0,0,1,3,7,2021,26
2021-07-02,Hospital_C,O_negative,7,15,196,7,0,18,0,0,0,1,4,7,2021,26
2021-07-03,Hospital_C,O_negative,3,3,196,3,0,16,0,1,0,1,5,7,2021,26
2021-07-04,Hospital_C,O_negative,2,4,198,2,0,42,0,1,0,1,6,7,2021,26
2021-07-05,Hospital_C,O_negative,12,12,198,12,0,30,0,0,0,1,0,7,2021,27
2021-07-06,Hospital_C,O_negative,5,14,206,5,1,24,0,0,0,1,1,7,2021,27
2021-07-07,Hospital_C,O_negative,3,6,209,3,0,21,0,0,0,1,2,7,2021,27
2021-07-08,Hospital_C,O_negative,13,12,187,13,21,0,0,0,0,1,3,7,2021,27
2021-07-09,Hospital_C,O_negative,3,3,187,3,0,0,0,0,0,1,4,7,2021,27
2021-07-10,Hospital_C,O_negative,24,22,185,24,0,0,0,1,0,1,5,7,2021,27
2021-07-11,Hospital_C,O_negative,3,1,183,3,0,0,0,1,0,1,6,7,2021,27
2021-07-12,Hospital_C,O_negative,7,8,184,7,0,0,0,0,0,1,0,7,2021,28
2021-07-13,Hospital_C,O_negative,4,2,182,4,0,0,0,0,0,1,1,7,2021,28
2021-07-14,Hospital_C,O_negative,9,10,183,9,0,0,0,0,0,1,2,7,2021,28
2021-07-15,Hospital_C,O_negative,8,11,186,8,0,0,0,0,0,1,3,7,2021,28
2021-07-16,Hospital_C,O_negative,8,11,189,8,0,0,0,0,0,1,4,7,2021,28
2021-07-17,Hospital_C,O_negative,3,6,192,3,0,0,0,1,0,1,5,7,2021,28
2021-07-18,Hospital_C,O_negative,2,2,192,2,0,0,0,1,0,1,6,7,2021,28
2021-07-19,Hospital_C,O_negative,11,16,197,11,0,0,0,0,0,1,0,7,2021,29
2021-07-20,Hospital_C,O_negative,9,13,201,9,0,0,0,0,0,1,1,7,2021,29
2021-07-21,Hospital_C,O_negative,9,8,200,9,0,0,0,0,0,1,2,7,2021,29
2021-07-22,Hospital_C,O_negative,5,0,195,5,0,0,0,0,0,1,3,7,2021,29
2021-07-23,Hospital_C,O_negative,10,18,203,10,0,0,0,0,0,1,4,7,2021,29
2021-07-24,Hospital_C,O_negative,5,5,203,5,0,0,0,1,0,1,5,7,2021,29
2021-07-25,Hospital_C,O_negative,2,5,206,2,0,0,0,1,0,1,6,7,2021,29
2021-07-26,Hospital_C,O_negative,7,6,205,7,0,0,0,0,0,1,0,7,2021,30
2021-07-27,Hospital_C,O_negative,9,12,208,9,0,0,0,0,0,1,1,7,2021,30
2021-07-28,Hospital_C,O_negative,5,6,209,5,0,0,0,0,0,1,2,7,2021,30
2021-07-29,Hospital_C,O_negative,3,2,208,3,0,0,0,0,0,1,3,7,2021,30
2021-07-30,Hospital_C,O_negative,6,8,210,6,0,0,0,0,0,1,4,7,2021,30
2021-07-31,Hospital_C,O_negative,3,5,212,3,0,0,0,1,0,1,5,7,2021,30
2021-08-01,Hospital_C,O_negative,4,3,211,4,0,0,0,1,0,1,6,8,2021,30
2021-08-02,Hospital_C,O_negative,23,25,213,23,0,0,0,0,0,1,0,8,2021,31
2021-08-03,Hospital_C,O_negative,10,14,217,10,0,0,0,0,0,1,1,8,2021,31
2021-08-04,Hospital_C,O_negative,9,9,217,9,0,0,0,0,0,1,2,8,2021,31
2021-08-05,Hospital_C,O_negative,8,8,217,8,0,0,0,0,0,1,3,8,2021,31
2021-08-06,Hospital_C,O_negative,7,11,221,7,0,0,0,0,0,1,4,8,2021,31
2021-08-07,Hospital_C,O_negative,10,14,225,10,0,0,0,1,0,1,5,8,2021,31
2021-08-08,Hospital_C,O_negative,3,2,224,3,0,4,0,1,0,1,6,8,2021,31
2021-08-09,Hospital_C,O_negative,6,8,226,6,0,8,0,0,0,1,0,8,2021,32
2021-08-10,Hospital_C,O_negative,12,14,228,12,0,0,0,0,0,1,1,8,2021,32
2021-08-11,Hospital_C,O_negative,17,30,241,17,0,0,0,0,0,1,2,8,2021,32
2021-08-12,Hospital_C,O_negative,6,6,241,6,0,0,0,0,0,1,3,8,2021,32
2021-08-13,Hospital_C,O_negative,8,10,243,8,0,0,0,0,0,1,4,8,2021,32
2021-08-14,Hospital_C,O_negative,5,4,242,5,0,0,0,1,0,1,5,8,2021,32
2021-08-15,Hospital_C,O_negative,5,6,243,5,0,2,0,1,1,1,6,8,2021,32
2021-08-16,Hospital_C,O_negative,3,3,243,3,0,0,0,0,0,1,0,8,2021,33
2021-08-17,Hospital_C,O_negative,8,8,243,8,0,0,0,0,0,1,1,8,2021,33
2021-08-18,Hospital_C,O_negative,7,6,242,7,0,0,0,0,0,1,2,8,2021,33
2021-08-19,Hospital_C,O_negative,4,4,242,4,0,0,0,0,0,1,3,8,2021,33
2021-08-20,Hospital_C,O_negative,6,10,246,6,0,0,0,0,0,1,4,8,2021,33
2021-08-21,Hospital_C,O_negative,3,4,247,3,0,0,0,1,0,1,5,8,2021,33
2021-08-22,Hospital_C,O_negative,5,3,245,5,0,0,0,1,0,1,6,8,2021,33
2021-08-23,Hospital_C,O_negative,9,5,241,9,0,0,0,0,0,1,0,8,2021,34
2021-08-24,Hospital_C,O_negative,5,10,246,5,0,0,0,0,0,1,1,8,2021,34
2021-08-25,Hospital_C,O_negative,5,10,251,5,0,0,0,0,0,1,2,8,2021,34
2021-08-26,Hospital_C,O_negative,7,4,248,7,0,0,0,0,0,1,3,8,2021,34
2021-08-27,Hospital_C,O_negative,13,10,245,13,0,0,0,0,0,1,4,8,2021,34
2021-08-28,Hospital_C,O_negative,3,3,245,3,0,21,0,1,0,1,5,8,2021,34
2021-08-29,Hospital_C,O_negative,1,2,246,1,0,28,0,1,0,1,6,8,2021,34
2021-08-30,Hospital_C,O_negative,11,9,244,11,0,19,0,0,0,1,0,8,2021,35
2021-08-31,Hospital_C,O_negative,5,8,247,5,0,20,0,0,0,1,1,8,2021,35
2021-09-01,Hospital_C,O_negative,5,5,243,5,4,11,0,0,0,1,2,9,2021,35
2021-09-02,Hospital_C,O_negative,10,17,247,10,3,25,0,0,0,1,3,9,2021,35
2021-09-03,Hospital_C,O_negative,7,10,250,7,0,27,0,0,0,1,4,9,2021,35
2021-09-04,Hospital_C,O_negative,5,4,249,5,0,22,0,1,0,1,5,9,2021,35
2021-09-05,Hospital_C,O_negative,6,4,247,6,0,30,0,1,0,1,6,9,2021,35
2021-09-06,Hospital_C,O_negative,11,16,245,11,7,60,0,0,0,1,0,9,2021,36
2021-09-07,Hospital_C,O_negative,5,3,243,5,0,55,0,0,0,1,1,9,2021,36
2021-09-08,Hospital_C,O_negative,4,5,244,4,0,57,0,0,0,1,2,9,2021,36
2021-09-09,Hospital_C,O_negative,3,1,239,3,3,51,0,0,0,1,3,9,2021,36
2021-09-10,Hospital_C,O_negative,6,6,194,6,45,0,0,0,0,1,4,9,2021,36
2021-09-11,Hospital_C,O_negative,4,6,196,4,0,4,0,1,0,1,5,9,2021,36
2021-09-12,Hospital_C,O_negative,3,7,200,3,0,9,0,1,0,1,6,9,2021,36
2021-09-13,Hospital_C,O_negative,3,6,203,3,0,16,0,0,0,1,0,9,2021,37
2021-09-14,Hospital_C,O_negative,4,4,203,4,0,17,0,0,0,1,1,9,2021,37
2021-09-15,Hospital_C,O_negative,8,10,205,8,0,19,0,0,0,1,2,9,2021,37
2021-09-16,Hospital_C,O_negative,8,10,207,8,0,13,0,0,0,1,3,9,2021,37
2021-09-17,Hospital_C,O_negative,5,12,214,5,0,11,0,0,0,1,4,9,2021,37
2021-09-18,Hospital_C,O_negative,3,1,212,3,0,22,0,1,0,1,5,9,2021,37
2021-09-19,Hospital_C,O_negative,3,1,207,3,3,16,0,1,0,1,6,9,2021,37
2021-09-20,Hospital_C,O_negative,10,14,211,10,0,20,0,0,0,1,0,9,2021,38
2021-09-21,Hospital_C,O_negative,4,4,211,4,0,27,0,0,0,1,1,9,2021,38
2021-09-22,Hospital_C,O_negative,3,4,210,3,2,32,0,0,0,1,2,9,2021,38
2021-09-23,Hospital_C,O_negative,6,5,209,6,0,38,0,0,0,1,3,9,2021,38
2021-09-24,Hospital_C,O_negative,2,3,205,2,5,31,0,0,0,1,4,9,2021,38
2021-09-25,Hospital_C,O_negative,6,10,200,6,9,26,0,1,0,1,5,9,2021,38
2021-09-26,Hospital_C,O_negative,4,7,199,4,4,21,0,1,0,1,6,9,2021,38
2021-09-27,Hospital_C,O_negative,3,5,193,3,8,15,0,0,0,1,0,9,2021,39
2021-09-28,Hospital_C,O_negative,8,12,197,8,0,13,0,0,0,1,1,9,2021,39
2021-09-29,Hospital_C,O_negative,2,4,199,2,0,11,0,0,0,1,2,9,2021,39
2021-09-30,Hospital_C,O_negative,12,12,199,12,0,0,0,0,0,1,3,9,2021,39
2021-10-01,Hospital_C,O_negative,3,7,203,3,0,13,0,0,0,1,4,10,2021,39
2021-10-02,Hospital_C,O_negative,2,1,202,2,0,25,0,1,1,1,5,10,2021,39
2021-10-03,Hospital_C,O_negative,20,24,206,20,0,5,0,1,0,1,6,10,2021,39
2021-10-04,Hospital_C,O_negative,7,10,209,7,0,20,0,0,0,1,0,10,2021,40
2021-10-05,Hospital_C,O_negative,4,4,209,4,0,18,0,0,0,1,1,10,2021,40
2021-10-06,Hospital_C,O_negative,9,11,211,9,0,9,0,0,0,1,2,10,2021,40
2021-10-07,Hospital_C,O_negative,19,21,213,19,0,0,0,0,0,1,3,10,2021,40
2021-10-08,Hospital_C,O_negative,6,8,215,6,0,0,0,0,0,1,4,10,2021,40
2021-10-09,Hospital_C,O_negative,5,7,217,5,0,0,0,1,0,1,5,10,2021,40
2021-10-10,Hospital_C,O_negative,2,4,219,2,0,0,0,1,0,1,6,10,2021,40
2021-10-11,Hospital_C,O_negative,9,5,215,9,0,0,0,0,0,1,0,10,2021,41
2021-10-12,Hospital_C,O_negative,9,10,216,9,0,0,0,0,0,1,1,10,2021,41
2021-10-13,Hospital_C,O_negative,8,6,214,8,0,0,0,0,0,1,2,10,2021,41
2021-10-14,Hospital_C,O_negative,7,13,220,7,0,0,0,0,0,1,3,10,2021,41
2021-10-15,Hospital_C,O_negative,5,8,223,5,0,0,0,0,0,1,4,10,2021,41
2021-10-16,Hospital_C,O_negative,9,12,226,9,0,0,0,1,0,1,5,10,2021,41
2021-10-17,Hospital_C,O_negative,4,6,228,4,0,0,0,1,0,1,6,10,2021,41
2021-10-18,Hospital_C,O_negative,4,3,227,4,0,0,0,0,0,1,0,10,2021,42
2021-10-19,Hospital_C,O_negative,7,5,225,7,0,0,0,0,0,1,1,10,2021,42
2021-10-20,Hospital_C,O_negative,7,9,227,7,0,0,0,0,0,1,2,10,2021,42
2021-10-21,Hospital_C,O_negative,5,8,230,5,0,0,0,0,0,1,3,10,2021,42
2021-10-22,Hospital_C,O_negative,8,9,231,8,0,0,0,0,0,1,4,10,2021,42
2021-10-23,Hospital_C,O_negative,6,10,235,6,0,0,0,1,0,1,5,10,2021,42
2021-10-24,Hospital_C,O_negative,6,10,239,6,0,0,0,1,0,1,6,10,2021,42
2021-10-25,Hospital_C,O_negative,8,8,239,8,0,0,0,0,0,1,0,10,2021,43
2021-10-26,Hospital_C,O_negative,8,9,240,8,0,0,0,0,0,1,1,10,2021,43
2021-10-27,Hospital_C,O_negative,2,0,238,2,0,0,0,0,0,1,2,10,2021,43
2021-10-28,Hospital_C,O_negative,7,4,235,7,0,0,0,0,0,1,3,10,2021,43
2021-10-29,Hospital_C,O_negative,4,3,234,4,0,5,0,0,0,1,4,10,2021,43
2021-10-30,Hospital_C,O_negative,4,4,234,4,0,8,0,1,0,1,5,10,2021,43
2021-10-31,Hospital_C,O_negative,2,2,234,2,0,38,0,1,0,1,6,10,2021,43
2021-11-01,Hospital_C,O_negative,8,3,229,8,0,31,0,0,0,0,0,11,2021,44
2021-11-02,Hospital_C,O_negative,7,8,230,7,0,24,0,0,0,0,1,11,2021,44
2021-11-03,Hospital_C,O_negative,6,3,227,6,0,18,0,0,0,0,2,11,2021,44
2021-11-04,Hospital_C,O_negative,6,5,209,6,17,5,0,0,1,0,3,11,2021,44
2021-11-05,Hospital_C,O_negative,6,9,212,6,0,0,0,0,0,0,4,11,2021,44
2021-11-06,Hospital_C,O_negative,6,11,217,6,0,0,0,1,0,0,5,11,2021,44
2021-11-07,Hospital_C,O_negative,3,2,216,3,0,0,0,1,0,0,6,11,2021,44
2021-11-08,Hospital_C,O_negative,7,9,218,7,0,0,0,0,0,0,0,11,2021,45
2021-11-09,Hospital_C,O_negative,10,5,213,10,0,0,0,0,0,0,1,11,2021,45
2021-11-10,Hospital_C,O_negative,2,5,216,2,0,0,0,0,0,0,2,11,2021,45
2021-11-11,Hospital_C,O_negative,4,5,217,4,0,1,0,0,0,0,3,11,2021,45
2021-11-12,Hospital_C,O_negative,6,8,219,6,0,8,0,0,0,0,4,11,2021,45
2021-11-13,Hospital_C,O_negative,9,10,220,9,0,50,0,1,0,0,5,11,2021,45
2021-11-14,Hospital_C,O_negative,7,6,219,7,0,62,0,1,0,0,6,11,2021,45
2021-11-15,Hospital_C,O_negative,8,4,215,8,0,62,0,0,0,0,0,11,2021,46
2021-11-16,Hospital_C,O_negative,24,23,214,24,0,38,0,0,0,0,1,11,2021,46
2021-11-17,Hospital_C,O_negative,6,1,198,6,11,28,0,0,0,0,2,11,2021,46
2021-11-18,Hospital_C,O_negative,6,9,188,6,13,9,0,0,0,0,3,11,2021,46
2021-11-19,Hospital_C,O_negative,8,7,185,8,2,0,0,0,0,0,4,11,2021,46
2021-11-20,Hospital_C,O_negative,5,3,183,5,0,0,0,1,0,0,5,11,2021,46
2021-11-21,Hospital_C,O_negative,3,3,183,3,0,0,0,1,0,0,6,11,2021,46
2021-11-22,Hospital_C,O_negative,6,8,185,6,0,0,0,0,0,0,0,11,2021,47
2021-11-23,Hospital_C,O_negative,5,8,188,5,0,18,0,0,0,0,1,11,2021,47
2021-11-24,Hospital_C,O_negative,4,6,190,4,0,16,0,0,0,0,2,11,2021,47
2021-11-25,Hospital_C,O_negative,9,9,190,9,0,15,0,0,0,0,3,11,2021,47
2021-11-26,Hospital_C,O_negative,9,7,188,9,0,6,0,0,0,0,4,11,2021,47
2021-11-27,Hospital_C,O_negative,3,4,189,3,0,3,0,1,0,0,5,11,2021,47
2021-11-28,Hospital_C,O_negative,4,1,186,4,0,8,0,1,0,0,6,11,2021,47
2021-11-29,Hospital_C,O_negative,4,0,182,4,0,15,0,0,0,0,0,11,2021,48
2021-11-30,Hospital_C,O_negative,5,1,178,5,0,10,0,0,0,0,1,11,2021,48
2021-12-01,Hospital_C,O_negative,3,6,181,3,0,7,0,0,0,0,2,12,2021,48
2021-12-02,Hospital_C,O_negative,3,4,182,3,0,4,0,0,0,0,3,12,2021,48
2021-12-03,Hospital_C,O_negative,9,17,186,9,4,0,0,0,0,0,4,12,2021,48
2021-12-04,Hospital_C,O_negative,3,7,190,3,0,8,0,1,0,0,5,12,2021,48
2021-12-05,Hospital_C,O_negative,7,7,190,7,0,10,0,1,0,0,6,12,2021,48
2021-12-06,Hospital_C,O_negative,8,7,189,8,0,2,0,0,0,0,0,12,2021,49
2021-12-07,Hospital_C,O_negative,16,14,187,16,0,0,0,0,0,0,1,12,2021,49
2021-12-08,Hospital_C,O_negative,5,6,188,5,0,0,0,0,0,0,2,12,2021,49
2021-12-09,Hospital_C,O_negative,5,3,186,5,0,0,0,0,0,0,3,12,2021,49
2021-12-10,Hospital_C,O_negative,9,8,185,9,0,0,0,0,0,0,4,12,2021,49
2021-12-11,Hospital_C,O_negative,4,4,185,4,0,0,0,1,0,0,5,12,2021,49
2021-12-12,Hospital_C,O_negative,2,0,183,2,0,0,0,1,0,0,6,12,2021,49
2021-12-13,Hospital_C,O_negative,9,7,181,9,0,0,0,0,0,0,0,12,2021,50
2021-12-14,Hospital_C,O_negative,9,8,180,9,0,0,0,0,0,0,1,12,2021,50
2021-12-15,Hospital_C,O_negative,2,1,179,2,0,0,0,0,0,0,2,12,2021,50
2021-12-16,Hospital_C,O_negative,4,5,180,4,0,0,0,0,0,0,3,12,2021,50
2021-12-17,Hospital_C,O_negative,6,8,182,6,0,0,0,0,0,0,4,12,2021,50
2021-12-18,Hospital_C,O_negative,3,5,184,3,0,0,0,1,0,0,5,12,2021,50
2021-12-19,Hospital_C,O_negative,4,3,183,4,0,0,0,1,0,0,6,12,2021,50
2021-12-20,Hospital_C,O_negative,6,10,187,6,0,0,0,0,0,0,0,12,2021,51
2021-12-21,Hospital_C,O_negative,3,2,186,3,0,39,0,0,0,0,1,12,2021,51
2021-12-22,Hospital_C,O_negative,5,4,185,5,0,34,0,0,0,0,2,12,2021,51
2021-12-23,Hospital_C,O_negative,11,17,191,11,0,27,0,0,0,0,3,12,2021,51
2021-12-24,Hospital_C,O_negative,20,23,194,20,0,7,0,0,0,0,4,12,2021,51
2021-12-25,Hospital_C,O_negative,3,1,189,3,3,16,0,1,1,0,5,12,2021,51
2021-12-26,Hospital_C,O_negative,5,5,189,5,0,11,0,1,0,0,6,12,2021,51
2021-12-27,Hospital_C,O_negative,9,9,189,9,0,2,0,0,0,0,0,12,2021,52
2021-12-28,Hospital_C,O_negative,8,4,185,8,0,0,0,0,0,0,1,12,2021,52
2021-12-29,Hospital_C,O_negative,13,20,192,13,0,0,0,0,0,0,2,12,2021,52
2021-12-30,Hospital_C,O_negative,8,3,187,8,0,0,0,0,0,0,3,12,2021,52
2021-12-31,Hospital_C,O_negative,4,7,190,4,0,0,0,0,0,0,4,12,2021,52
2022-01-01,Hospital_C,O_negative,4,4,190,4,0,6,0,1,0,0,5,1,2022,52
2022-01-02,Hospital_C,O_negative,4,7,193,4,0,2,0,1,0,0,6,1,2022,52
2022-01-03,Hospital_C,O_negative,5,3,191,5,0,0,0,0,0,0,0,1,2022,1
2022-01-04,Hospital_C,O_negative,8,8,191,8,0,2,0,0,0,0,1,1,2022,1
2022-01-05,Hospital_C,O_negative,3,1,189,3,0,7,0,0,0,0,2,1,2022,1
2022-01-06,Hospital_C,O_negative,2,2,189,2,0,11,0,0,0,0,3,1,2022,1
2022-01-07,Hospital_C,O_negative,7,5,187,7,0,4,0,0,0,0,4,1,2022,1
2022-01-08,Hospital_C,O_negative,1,2,188,1,0,3,0,1,0,0,5,1,2022,1
2022-01-09,Hospital_C,O_negative,2,1,187,2,0,5,0,1,0,0,6,1,2022,1
2022-01-10,Hospital_C,O_negative,7,8,187,7,1,0,0,0,0,0,0,1,2022,2
2022-01-11,Hospital_C,O_negative,7,11,191,7,0,0,0,0,0,0,1,1,2022,2
2022-01-12,Hospital_C,O_negative,8,10,193,8,0,0,0,0,0,0,2,1,2022,2
2022-01-13,Hospital_C,O_negative,4,7,196,4,0,0,0,0,0,0,3,1,2022,2
2022-01-14,Hospital_C,O_negative,13,12,195,13,0,0,0,0,0,0,4,1,2022,2
2022-01-15,Hospital_C,O_negative,6,8,197,6,0,0,0,1,0,0,5,1,2022,2
2022-01-16,Hospital_C,O_negative,21,28,204,21,0,0,0,1,0,0,6,1,2022,2
2022-01-17,Hospital_C,O_negative,7,13,210,7,0,0,0,0,0,0,0,1,2022,3
2022-01-18,Hospital_C,O_negative,6,13,217,6,0,0,0,0,0,0,1,1,2022,3
2022-01-19,Hospital_C,O_negative,12,10,215,12,0,0,0,0,0,0,2,1,2022,3
2022-01-20,Hospital_C,O_negative,7,8,216,7,0,0,0,0,0,0,3,1,2022,3
2022-01-21,Hospital_C,O_negative,10,10,216,10,0,0,0,0,0,0,4,1,2022,3
2022-01-22,Hospital_C,O_negative,6,8,218,6,0,0,0,1,0,0,5,1,2022,3
2022-01-23,Hospital_C,O_negative,4,6,220,4,0,0,0,1,0,0,6,1,2022,3
2022-01-24,Hospital_C,O_negative,5,9,224,5,0,0,0,0,0,0,0,1,2022,4
2022-01-25,Hospital_C,O_negative,7,7,224,7,0,0,0,0,0,0,1,1,2022,4
2022-01-26,Hospital_C,O_negative,5,4,223,5,0,0,0,0,1,0,2,1,2022,4
2022-01-27,Hospital_C,O_negative,6,5,222,6,0,0,0,0,0,0,3,1,2022,4
2022-01-28,Hospital_C,O_negative,10,10,222,10,0,0,0,0,0,0,4,1,2022,4
2022-01-29,Hospital_C,O_negative,4,6,224,4,0,0,0,1,0,0,5,1,2022,4
2022-01-30,Hospital_C,O_negative,0,1,225,0,0,0,0,1,0,0,6,1,2022,4
2022-01-31,Hospital_C,O_negative,4,7,228,4,0,0,0,0,0,0,0,1,2022,5
2022-02-01,Hospital_C,O_negative,5,6,229,5,0,0,0,0,0,0,1,2,2022,5
2022-02-02,Hospital_C,O_negative,4,4,229,4,0,0,0,0,0,0,2,2,2022,5
2022-02-03,Hospital_C,O_negative,8,11,232,8,0,0,0,0,0,0,3,2,2022,5
2022-02-04,Hospital_C,O_negative,5,4,231,5,0,0,0,0,0,0,4,2,2022,5
2022-02-05,Hospital_C,O_negative,3,2,230,3,0,0,0,1,0,0,5,2,2022,5
2022-02-06,Hospital_C,O_negative,13,16,233,13,0,0,0,1,0,0,6,2,2022,5
2022-02-07,Hospital_C,O_negative,9,5,229,9,0,15,0,0,0,0,0,2,2022,6
2022-02-08,Hospital_C,O_negative,3,2,228,3,0,20,0,0,0,0,1,2,2022,6
2022-02-09,Hospital_C,O_negative,2,1,227,2,0,18,0,0,0,0,2,2,2022,6
2022-02-10,Hospital_C,O_negative,7,7,227,7,0,26,0,0,0,0,3,2,2022,6
2022-02-11,Hospital_C,O_negative,6,9,227,6,3,17,0,0,0,0,4,2,2022,6
2022-02-12,Hospital_C,O_negative,0,0,225,0,2,15,0,1,0,0,5,2,2022,6
2022-02-13,Hospital_C,O_negative,8,12,229,8,0,44,0,1,0,0,6,2,2022,6
2022-02-14,Hospital_C,O_negative,7,6,221,7,7,30,0,0,0,0,0,2,2022,7
2022-02-15,Hospital_C,O_negative,5,2,218,5,0,25,0,0,0,0,1,2,2022,7
2022-02-16,Hospital_C,O_negative,6,8,220,6,0,29,0,0,0,0,2,2,2022,7
2022-02-17,Hospital_C,O_negative,4,8,205,4,19,6,0,0,0,0,3,2,2022,7
2022-02-18,Hospital_C,O_negative,9,13,209,9,0,20,0,0,0,0,4,2,2022,7
2022-02-19,Hospital_C,O_negative,4,4,209,4,0,35,0,1,0,0,5,2,2022,7
2022-02-20,Hospital_C,O_negative,3,4,210,3,0,32,0,1,0,0,6,2,2022,7
2022-02-21,Hospital_C,O_negative,5,12,217,5,0,39,0,0,0,0,0,2,2022,8
2022-02-22,Hospital_C,O_negative,4,3,208,4,8,43,0,0,0,0,1,2,2022,8
2022-02-23,Hospital_C,O_negative,3,7,197,3,15,38,0,0,0,0,2,2,2022,8
2022-02-24,Hospital_C,O_negative,13,10,194,13,0,25,0,0,0,0,3,2,2022,8
2022-02-25,Hospital_C,O_negative,7,5,192,7,0,19,0,0,0,0,4,2,2022,8
2022-02-26,Hospital_C,O_negative,5,7,189,5,5,19,0,1,0,0,5,2,2022,8
2022-02-27,Hospital_C,O_negative,6,7,182,6,8,5,0,1,0,0,6,2,2022,8
2022-02-28,Hospital_C,O_negative,8,6,180,8,0,5,0,0,0,0,0,2,2022,9
2022-03-01,Hospital_C,O_negative,9,16,187,9,0,0,0,0,0,0,1,3,2022,9
2022-03-02,Hospital_C,O_negative,8,16,195,8,0,5,0,0,0,0,2,3,2022,9
2022-03-03,Hospital_C,O_negative,6,5,194,6,0,9,0,0,0,0,3,3,2022,9
2022-03-04,Hospital_C,O_negative,6,6,194,6,0,16,0,0,0,0,4,3,2022,9
2022-03-05,Hospital_C,O_negative,7,10,197,7,0,11,0,1,0,0,5,3,2022,9
2022-03-06,Hospital_C,O_negative,4,4,197,4,0,19,0,1,0,0,6,3,2022,9
2022-03-07,Hospital_C,O_negative,3,1,195,3,0,20,0,0,0,0,0,3,2022,10
2022-03-08,Hospital_C,O_negative,6,3,190,6,2,12,0,0,0,0,1,3,2022,10
2022-03-09,Hospital_C,O_negative,9,14,195,9,0,12,0,0,0,0,2,3,2022,10
2022-03-10,Hospital_C,O_negative,5,5,195,5,0,23,0,0,0,0,3,3,2022,10
2022-03-11,Hospital_C,O_negative,9,10,196,9,0,14,0,0,0,0,4,3,2022,10
2022-03-12,Hospital_C,O_negative,2,3,197,2,0,17,0,1,0,0,5,3,2022,10
2022-03-13,Hospital_C,O_negative,2,5,200,2,0,15,0,1,0,0,6,3,2022,10
2022-03-14,Hospital_C,O_negative,4,6,192,4,10,4,0,0,0,0,0,3,2022,11
2022-03-15,Hospital_C,O_negative,9,11,194,9,0,3,0,0,0,0,1,3,2022,11
2022-03-16,Hospital_C,O_negative,7,8,195,7,0,5,0,0,0,0,2,3,2022,11
2022-03-17,Hospital_C,O_negative,10,7,192,10,0,0,0,0,0,0,3,3,2022,11
2022-03-18,Hospital_C,O_negative,2,0,190,2,0,0,0,0,1,0,4,3,2022,11
2022-03-19,Hospital_C,O_negative,2,2,190,2,0,0,0,1,0,0,5,3,2022,11
2022-03-20,Hospital_C,O_negative,2,2,190,2,0,0,0,1,0,0,6,3,2022,11
2022-03-21,Hospital_C,O_negative,10,12,192,10,0,6,0,0,0,0,0,3,2022,12
2022-03-22,Hospital_C,O_negative,7,6,191,7,0,0,0,0,0,0,1,3,2022,12
2022-03-23,Hospital_C,O_negative,6,8,193,6,0,0,0,0,0,0,2,3,2022,12
2022-03-24,Hospital_C,O_negative,9,7,191,9,0,0,0,0,0,0,3,3,2022,12
2022-03-25,Hospital_C,O_negative,5,5,191,5,0,0,0,0,0,0,4,3,2022,12
2022-03-26,Hospital_C,O_negative,5,4,190,5,0,0,0,1,0,0,5,3,2022,12
2022-03-27,Hospital_C,O_negative,3,3,190,3,0,15,0,1,0,0,6,3,2022,12
2022-03-28,Hospital_C,O_negative,7,8,191,7,0,8,0,0,0,0,0,3,2022,13
2022-03-29,Hospital_C,O_negative,6,7,192,6,0,2,0,0,0,0,1,3,2022,13
2022-03-30,Hospital_C,O_negative,3,2,191,3,0,0,0,0,0,0,2,3,2022,13
2022-03-31,Hospital_C,O_negative,3,4,192,3,0,19,0,0,0,0,3,3,2022,13
2022-04-01,Hospital_C,O_negative,6,5,191,6,0,13,0,0,0,0,4,4,2022,13
2022-04-02,Hospital_C,O_negative,7,7,191,7,0,23,0,1,0,0,5,4,2022,13
2022-04-03,Hospital_C,O_negative,5,7,193,5,0,28,0,1,0,0,6,4,2022,13
2022-04-04,Hospital_C,O_negative,5,8,195,5,1,34,0,0,0,0,0,4,2022,14
2022-04-05,Hospital_C,O_negative,8,8,195,8,0,34,0,0,0,0,1,4,2022,14
2022-04-06,Hospital_C,O_negative,6,5,190,6,4,38,0,0,0,0,2,4,2022,14
2022-04-07,Hospital_C,O_negative,3,6,189,3,4,43,0,0,0,0,3,4,2022,14
2022-04-08,Hospital_C,O_negative,8,6,178,8,9,31,0,0,0,0,4,4,2022,14
2022-04-09,Hospital_C,O_negative,4,2,176,4,0,27,0,1,0,0,5,4,2022,14
2022-04-10,Hospital_C,O_negative,7,5,164,7,10,10,0,1,0,0,6,4,2022,14
2022-04-11,Hospital_C,O_negative,12,11,158,12,5,5,0,0,0,0,0,4,2022,15
2022-04-12,Hospital_C,O_negative,5,10,163,5,0,0,0,0,0,0,1,4,2022,15
2022-04-13,Hospital_C,O_negative,7,11,167,7,0,0,0,0,0,0,2,4,2022,15
2022-04-14,Hospital_C,O_negative,3,8,172,3,0,0,0,0,0,0,3,4,2022,15
2022-04-15,Hospital_C,O_negative,5,7,174,5,0,0,0,0,0,0,4,4,2022,15
2022-04-16,Hospital_C,O_negative,9,6,171,9,0,0,0,1,0,0,5,4,2022,15
2022-04-17,Hospital_C,O_negative,23,26,174,23,0,0,0,1,0,0,6,4,2022,15
2022-04-18,Hospital_C,O_negative,4,4,174,4,0,0,0,0,0,0,0,4,2022,16
2022-04-19,Hospital_C,O_negative,11,9,172,11,0,0,0,0,0,0,1,4,2022,16
2022-04-20,Hospital_C,O_negative,3,4,173,3,0,0,0,0,0,0,2,4,2022,16
2022-04-21,Hospital_C,O_negative,6,8,175,6,0,0,0,0,0,0,3,4,2022,16
2022-04-22,Hospital_C,O_negative,6,7,176,6,0,0,0,0,0,0,4,4,2022,16
2022-04-23,Hospital_C,O_negative,3,3,176,3,0,0,0,1,0,0,5,4,2022,16
2022-04-24,Hospital_C,O_negative,2,0,174,2,0,0,0,1,0,0,6,4,2022,16
2022-04-25,Hospital_C,O_negative,6,8,176,6,0,0,0,0,0,0,0,4,2022,17
2022-04-26,Hospital_C,O_negative,1,2,177,1,0,0,0,0,0,0,1,4,2022,17
2022-04-27,Hospital_C,O_negative,4,1,174,4,0,0,0,0,0,0,2,4,2022,17
2022-04-28,Hospital_C,O_negative,7,4,171,7,0,0,0,0,0,0,3,4,2022,17
2022-04-29,Hospital_C,O_negative,9,9,171,9,0,0,0,0,0,0,4,4,2022,17
2022-04-30,Hospital_C,O_negative,14,19,176,14,0,0,0,1,0,0,5,4,2022,17
2022-05-01,Hospital_C,O_negative,4,6,178,4,0,0,0,1,0,0,6,5,2022,17
2022-05-02,Hospital_C,O_negative,7,12,183,7,0,0,0,0,0,0,0,5,2022,18
2022-05-03,Hospital_C,O_negative,2,0,181,2,0,0,0,0,0,0,1,5,2022,18
2022-05-04,Hospital_C,O_negative,10,12,183,10,0,0,0,0,0,0,2,5,2022,18
2022-05-05,Hospital_C,O_negative,5,6,184,5,0,0,0,0,0,0,3,5,2022,18
2022-05-06,Hospital_C,O_negative,6,9,187,6,0,0,0,0,0,0,4,5,2022,18
2022-05-07,Hospital_C,O_negative,5,5,187,5,0,0,0,1,0,0,5,5,2022,18
2022-05-08,Hospital_C,O_negative,4,4,187,4,0,0,0,1,0,0,6,5,2022,18
2022-05-09,Hospital_C,O_negative,12,15,190,12,0,0,0,0,0,0,0,5,2022,19
2022-05-10,Hospital_C,O_negative,8,8,190,8,0,0,0,0,0,0,1,5,2022,19
2022-05-11,Hospital_C,O_negative,11,16,195,11,0,0,0,0,0,0,2,5,2022,19
2022-05-12,Hospital_C,O_negative,9,9,195,9,0,0,0,0,0,0,3,5,2022,19
2022-05-13,Hospital_C,O_negative,8,9,196,8,0,0,0,0,0,0,4,5,2022,19
2022-05-14,Hospital_C,O_negative,2,2,196,2,0,0,0,1,0,0,5,5,2022,19
2022-05-15,Hospital_C,O_negative,6,10,200,6,0,0,0,1,0,0,6,5,2022,19
2022-05-16,Hospital_C,O_negative,10,13,203,10,0,0,0,0,0,0,0,5,2022,20
2022-05-17,Hospital_C,O_negative,13,16,206,13,0,0,0,0,0,0,1,5,2022,20
2022-05-18,Hospital_C,O_negative,8,7,205,8,0,0,0,0,0,0,2,5,2022,20
2022-05-19,Hospital_C,O_negative,6,4,203,6,0,0,0,0,0,0,3,5,2022,20
2022-05-20,Hospital_C,O_negative,4,5,204,4,0,0,0,0,0,0,4,5,2022,20
2022-05-21,Hospital_C,O_negative,3,4,205,3,0,0,0,1,0,0,5,5,2022,20
2022-05-22,Hospital_C,O_negative,6,6,205,6,0,0,0,1,0,0,6,5,2022,20
2022-05-23,Hospital_C,O_negative,10,11,206,10,0,0,0,0,0,0,0,5,2022,21
2022-05-24,Hospital_C,O_negative,5,5,206,5,0,0,0,0,0,0,1,5,2022,21
2022-05-25,Hospital_C,O_negative,2,2,206,2,0,0,0,0,0,0,2,5,2022,21
2022-05-26,Hospital_C,O_negative,5,2,203,5,0,0,0,0,0,0,3,5,2022,21
2022-05-27,Hospital_C,O_negative,7,13,209,7,0,5,0,0,0,0,4,5,2022,21
2022-05-28,Hospital_C,O_negative,7,10,212,7,0,0,0,1,0,0,5,5,2022,21
2022-05-29,Hospital_C,O_negative,3,5,214,3,0,0,0,1,0,0,6,5,2022,21
2022-05-30,Hospital_C,O_negative,10,13,217,10,0,9,0,0,0,0,0,5,2022,22
2022-05-31,Hospital_C,O_negative,11,13,219,11,0,7,0,0,0,0,1,5,2022,22
2022-06-01,Hospital_C,O_negative,19,28,228,19,0,0,0,0,0,0,2,6,2022,22
2022-06-02,Hospital_C,O_negative,5,7,230,5,0,0,0,0,0,0,3,6,2022,22
2022-06-03,Hospital_C,O_negative,5,7,232,5,0,25,0,0,0,0,4,6,2022,22
2022-06-04,Hospital_C,O_negative,6,6,232,6,0,20,0,1,0,0,5,6,2022,22
2022-06-05,Hospital_C,O_negative,6,5,231,6,0,30,0,1,0,0,6,6,2022,22
2022-06-06,Hospital_C,O_negative,5,4,230,5,0,36,0,0,0,0,0,6,2022,23
2022-06-07,Hospital_C,O_negative,6,6,222,6,8,35,0,0,0,0,1,6,2022,23
2022-06-08,Hospital_C,O_negative,7,5,220,7,0,40,0,0,0,0,2,6,2022,23
2022-06-09,Hospital_C,O_negative,6,4,214,6,4,39,0,0,0,0,3,6,2022,23
2022-06-10,Hospital_C,O_negative,3,4,210,3,5,31,0,0,0,0,4,6,2022,23
2022-06-11,Hospital_C,O_negative,3,3,200,3,10,18,0,1,0,0,5,6,2022,23
2022-06-12,Hospital_C,O_negative,6,7,192,6,9,3,0,1,0,0,6,6,2022,23
2022-06-13,Hospital_C,O_negative,5,4,188,5,3,0,0,0,0,0,0,6,2022,24
2022-06-14,Hospital_C,O_negative,5,4,187,5,0,0,0,0,0,0,1,6,2022,24
2022-06-15,Hospital_C,O_negative,10,15,192,10,0,4,0,0,0,0,2,6,2022,24
2022-06-16,Hospital_C,O_negative,6,4,190,6,0,0,0,0,0,0,3,6,2022,24
2022-06-17,Hospital_C,O_negative,8,9,191,8,0,0,0,0,0,0,4,6,2022,24
2022-06-18,Hospital_C,O_negative,7,11,195,7,0,0,0,1,0,0,5,6,2022,24
2022-06-19,Hospital_C,O_negative,3,2,194,3,0,0,0,1,0,0,6,6,2022,24
2022-06-20,Hospital_C,O_negative,7,7,194,7,0,0,0,0,0,0,0,6,2022,25
2022-06-21,Hospital_C,O_negative,8,6,192,8,0,3,0,0,0,0,1,6,2022,25
2022-06-22,Hospital_C,O_negative,3,3,192,3,0,6,0,0,0,0,2,6,2022,25
2022-06-23,Hospital_C,O_negative,9,9,192,9,0,1,0,0,0,0,3,6,2022,25
2022-06-24,Hospital_C,O_negative,12,12,192,12,0,7,0,0,0,0,4,6,2022,25
2022-06-25,Hospital_C,O_negative,4,3,191,4,0,35,0,1,0,0,5,6,2022,25
2022-06-26,Hospital_C,O_negative,4,3,190,4,0,31,0,1,0,0,6,6,2022,25
2022-06-27,Hospital_C,O_negative,7,6,189,7,0,24,0,0,0,0,0,6,2022,26
2022-06-28,Hospital_C,O_negative,5,3,187,5,0,30,0,0,0,0,1,6,2022,26
2022-06-29,Hospital_C,O_negative,2,2,168,2,19,14,0,0,0,0,2,6,2022,26
2022-06-30,Hospital_C,O_negative,4,6,170,4,0,15,0,0,0,0,3,6,2022,26
2022-07-01,Hospital_C,O_negative,7,6,169,7,0,25,0,0,0,1,4,7,2022,26
2022-07-02,Hospital_C,O_negative,5,8,172,5,0,22,0,1,0,1,5,7,2022,26
2022-07-03,Hospital_C,O_negative,4,6,174,4,0,18,0,1,0,1,6,7,2022,26
2022-07-04,Hospital_C,O_negative,6,3,171,6,0,12,0,0,0,1,0,7,2022,27
2022-07-05,Hospital_C,O_negative,10,6,157,10,10,0,0,0,0,1,1,7,2022,27
2022-07-06,Hospital_C,O_negative,5,7,159,5,0,0,0,0,0,1,2,7,2022,27
2022-07-07,Hospital_C,O_negative,7,9,161,7,0,0,0,0,0,1,3,7,2022,27
2022-07-08,Hospital_C,O_negative,5,5,161,5,0,0,0,0,0,1,4,7,2022,27
2022-07-09,Hospital_C,O_negative,17,13,157,17,0,0,0,1,0,1,5,7,2022,27
2022-07-10,Hospital_C,O_negative,4,4,157,4,0,0,0,1,0,1,6,7,2022,27
2022-07-11,Hospital_C,O_negative,4,2,155,4,0,0,0,0,0,1,0,7,2022,28
2022-07-12,Hospital_C,O_negative,7,6,154,7,0,0,0,0,0,1,1,7,2022,28
2022-07-13,Hospital_C,O_negative,3,2,153,3,0,0,0,0,0,1,2,7,2022,28
2022-07-14,Hospital_C,O_negative,6,6,153,6,0,0,0,0,0,1,3,7,2022,28
2022-07-15,Hospital_C,O_negative,7,10,156,7,0,0,0,0,0,1,4,7,2022,28
2022-07-16,Hospital_C,O_negative,5,2,153,5,0,0,0,1,0,1,5,7,2022,28
2022-07-17,Hospital_C,O_negative,3,4,154,3,0,0,0,1,0,1,6,7,2022,28
2022-07-18,Hospital_C,O_negative,6,3,151,6,0,0,0,0,0,1,0,7,2022,29
2022-07-19,Hospital_C,O_negative,5,11,157,5,0,0,0,0,0,1,1,7,2022,29
2022-07-20,Hospital_C,O_negative,3,2,156,3,0,0,0,0,0,1,2,7,2022,29
2022-07-21,Hospital_C,O_negative,9,13,160,9,0,0,0,0,0,1,3,7,2022,29
2022-07-22,Hospital_C,O_negative,6,10,164,6,0,0,0,0,0,1,4,7,2022,29
2022-07-23,Hospital_C,O_negative,2,2,164,2,0,0,0,1,0,1,5,7,2022,29
2022-07-24,Hospital_C,O_negative,1,3,166,1,0,0,0,1,0,1,6,7,2022,29
2022-07-25,Hospital_C,O_negative,8,3,161,8,0,0,0,0,0,1,0,7,2022,30
2022-07-26,Hospital_C,O_negative,6,3,158,6,0,0,0,0,0,1,1,7,2022,30
2022-07-27,Hospital_C,O_negative,4,5,159,4,0,0,0,0,0,1,2,7,2022,30
2022-07-28,Hospital_C,O_negative,4,6,161,4,0,6,0,0,0,1,3,7,2022,30
2022-07-29,Hospital_C,O_negative,5,2,158,5,0,15,0,0,0,1,4,7,2022,30
2022-07-30,Hospital_C,O_negative,9,8,157,9,0,6,0,1,0,1,5,7,2022,30
2022-07-31,Hospital_C,O_negative,7,4,154,7,0,2,0,1,0,1,6,7,2022,30
2022-08-01,Hospital_C,O_negative,8,5,151,8,0,0,0,0,0,1,0,8,2022,31
2022-08-02,Hospital_C,O_negative,6,4,149,6,0,9,0,0,0,1,1,8,2022,31
2022-08-03,Hospital_C,O_negative,2,2,149,2,0,13,0,0,0,1,2,8,2022,31
2022-08-04,Hospital_C,O_negative,3,1,147,3,0,10,0,0,0,1,3,8,2022,31
2022-08-05,Hospital_C,O_negative,4,9,152,4,0,33,0,0,0,1,4,8,2022,31
2022-08-06,Hospital_C,O_negative,2,1,151,2,0,37,0,1,0,1,5,8,2022,31
2022-08-07,Hospital_C,O_negative,7,8,148,7,4,26,0,1,0,1,6,8,2022,31
2022-08-08,Hospital_C,O_negative,9,13,152,9,0,30,0,0,0,1,0,8,2022,32
2022-08-09,Hospital_C,O_negative,5,5,141,5,11,16,0,0,0,1,1,8,2022,32
2022-08-10,Hospital_C,O_negative,8,3,135,8,1,14,0,0,0,1,2,8,2022,32
2022-08-11,Hospital_C,O_negative,7,2,130,7,0,12,0,0,0,1,3,8,2022,32
2022-08-12,Hospital_C,O_negative,5,2,127,5,0,14,0,0,0,1,4,8,2022,32
2022-08-13,Hospital_C,O_negative,0,0,127,0,0,14,0,1,0,1,5,8,2022,32
2022-08-14,Hospital_C,O_negative,5,3,123,5,2,7,0,1,0,1,6,8,2022,32
2022-08-15,Hospital_C,O_negative,6,9,126,6,0,6,0,0,1,1,0,8,2022,33
2022-08-16,Hospital_C,O_negative,4,3,124,4,1,1,0,0,0,1,1,8,2022,33
2022-08-17,Hospital_C,O_negative,6,4,122,6,0,0,0,0,0,1,2,8,2022,33
2022-08-18,Hospital_C,O_negative,4,1,119,4,0,0,0,0,0,1,3,8,2022,33
2022-08-19,Hospital_C,O_negative,8,11,122,8,0,0,0,0,0,1,4,8,2022,33
2022-08-20,Hospital_C,O_negative,3,3,122,3,0,0,0,1,0,1,5,8,2022,33
2022-08-21,Hospital_C,O_negative,3,2,121,3,0,0,0,1,0,1,6,8,2022,33
2022-08-22,Hospital_C,O_negative,11,13,123,11,0,0,0,0,0,1,0,8,2022,34
2022-08-23,Hospital_C,O_negative,3,1,121,3,0,0,0,0,0,1,1,8,2022,34
2022-08-24,Hospital_C,O_negative,4,4,121,4,0,0,0,0,0,1,2,8,2022,34
2022-08-25,Hospital_C,O_negative,2,1,120,2,0,0,0,0,0,1,3,8,2022,34
2022-08-26,Hospital_C,O_negative,5,4,119,5,0,0,0,0,0,1,4,8,2022,34
2022-08-27,Hospital_C,O_negative,1,1,119,1,0,16,0,1,0,1,5,8,2022,34
2022-08-28,Hospital_C,O_negative,3,5,121,3,0,16,0,1,0,1,6,8,2022,34
2022-08-29,Hospital_C,O_negative,9,6,118,9,0,7,0,0,0,1,0,8,2022,35
2022-08-30,Hospital_C,O_negative,4,5,119,4,0,6,0,0,0,1,1,8,2022,35
2022-08-31,Hospital_C,O_negative,10,11,120,10,0,10,0,0,0,1,2,8,2022,35
2022-09-01,Hospital_C,O_negative,8,9,121,8,0,2,0,0,0,1,3,9,2022,35
2022-09-02,Hospital_C,O_negative,5,4,120,5,0,0,0,0,0,1,4,9,2022,35
2022-09-03,Hospital_C,O_negative,2,1,119,2,0,0,0,1,0,1,5,9,2022,35
2022-09-04,Hospital_C,O_negative,4,0,115,4,0,3,0,1,0,1,6,9,2022,35
2022-09-05,Hospital_C,O_negative,21,26,120,21,0,0,0,0,0,1,0,9,2022,36
2022-09-06,Hospital_C,O_negative,10,18,128,10,0,0,0,0,0,1,1,9,2022,36
2022-09-07,Hospital_C,O_negative,6,7,129,6,0,0,0,0,0,1,2,9,2022,36
2022-09-08,Hospital_C,O_negative,6,5,128,6,0,0,0,0,0,1,3,9,2022,36
2022-09-09,Hospital_C,O_negative,10,11,129,10,0,0,0,0,0,1,4,9,2022,36
2022-09-10,Hospital_C,O_negative,5,6,130,5,0,0,0,1,0,1,5,9,2022,36
2022-09-11,Hospital_C,O_negative,3,2,129,3,0,0,0,1,0,1,6,9,2022,36
2022-09-12,Hospital_C,O_negative,6,12,135,6,0,0,0,0,0,1,0,9,2022,37
2022-09-13,Hospital_C,O_negative,6,11,140,6,0,0,0,0,0,1,1,9,2022,37
2022-09-14,Hospital_C,O_negative,3,2,139,3,0,0,0,0,0,1,2,9,2022,37
2022-09-15,Hospital_C,O_negative,8,11,142,8,0,0,0,0,0,1,3,9,2022,37
2022-09-16,Hospital_C,O_negative,4,2,140,4,0,0,0,0,0,1,4,9,2022,37
2022-09-17,Hospital_C,O_negative,4,6,142,4,0,0,0,1,0,1,5,9,2022,37
2022-09-18,Hospital_C,O_negative,2,1,141,2,0,0,0,1,0,1,6,9,2022,37
2022-09-19,Hospital_C,O_negative,9,9,141,9,0,0,0,0,0,1,0,9,2022,38
2022-09-20,Hospital_C,O_negative,5,3,139,5,0,0,0,0,0,1,1,9,2022,38
2022-09-21,Hospital_C,O_negative,8,7,138,8,0,0,0,0,0,1,2,9,2022,38
2022-09-22,Hospital_C,O_negative,6,5,137,6,0,0,0,0,0,1,3,9,2022,38
2022-09-23,Hospital_C,O_negative,6,10,141,6,0,0,0,0,0,1,4,9,2022,38
2022-09-24,Hospital_C,O_negative,4,4,141,4,0,0,0,1,0,1,5,9,2022,38
2022-09-25,Hospital_C,O_negative,6,10,145,6,0,0,0,1,0,1,6,9,2022,38
2022-09-26,Hospital_C,O_negative,9,12,148,9,0,0,0,0,0,1,0,9,2022,39
2022-09-27,Hospital_C,O_negative,7,10,151,7,0,0,0,0,0,1,1,9,2022,39
2022-09-28,Hospital_C,O_negative,6,5,150,6,0,0,0,0,0,1,2,9,2022,39
2022-09-29,Hospital_C,O_negative,5,2,147,5,0,0,0,0,0,1,3,9,2022,39
2022-09-30,Hospital_C,O_negative,8,10,149,8,0,0,0,0,0,1,4,9,2022,39
2022-10-01,Hospital_C,O_negative,6,7,150,6,0,0,0,1,0,1,5,10,2022,39
2022-10-02,Hospital_C,O_negative,3,1,148,3,0,0,0,1,1,1,6,10,2022,39
2022-10-03,Hospital_C,O_negative,8,7,147,8,0,0,0,0,0,1,0,10,2022,40
2022-10-04,Hospital_C,O_negative,8,6,145,8,0,0,0,0,0,1,1,10,2022,40
2022-10-05,Hospital_C,O_negative,3,2,144,3,0,0,0,0,0,1,2,10,2022,40
2022-10-06,Hospital_C,O_negative,8,5,141,8,0,0,0,0,0,1,3,10,2022,40
2022-10-07,Hospital_C,O_negative,4,6,143,4,0,0,0,0,0,1,4,10,2022,40
2022-10-08,Hospital_C,O_negative,4,2,141,4,0,0,0,1,0,1,5,10,2022,40
2022-10-09,Hospital_C,O_negative,4,0,137,4,0,0,0,1,0,1,6,10,2022,40
2022-10-10,Hospital_C,O_negative,6,10,141,6,0,0,0,0,0,1,0,10,2022,41
2022-10-11,Hospital_C,O_negative,2,2,141,2,0,0,0,0,0,1,1,10,2022,41
2022-10-12,Hospital_C,O_negative,10,5,136,10,0,0,0,0,0,1,2,10,2022,41
2022-10-13,Hospital_C,O_negative,9,15,142,9,0,0,0,0,0,1,3,10,2022,41
2022-10-14,Hospital_C,O_negative,6,7,143,6,0,0,0,0,0,1,4,10,2022,41
2022-10-15,Hospital_C,O_negative,7,8,144,7,0,0,0,1,0,1,5,10,2022,41
2022-10-16,Hospital_C,O_negative,6,7,145,6,0,0,0,1,0,1,6,10,2022,41
2022-10-17,Hospital_C,O_negative,21,23,147,21,0,0,0,0,0,1,0,10,2022,42
2022-10-18,Hospital_C,O_negative,7,10,150,7,0,0,0,0,0,1,1,10,2022,42
2022-10-19,Hospital_C,O_negative,6,6,150,6,0,0,0,0,0,1,2,10,2022,42
2022-10-20,Hospital_C,O_negative,4,7,153,4,0,0,0,0,0,1,3,10,2022,42
2022-10-21,Hospital_C,O_negative,7,7,153,7,0,0,0,0,0,1,4,10,2022,42
2022-10-22,Hospital_C,O_negative,4,8,157,4,0,0,0,1,0,1,5,10,2022,42
2022-10-23,Hospital_C,O_negative,5,5,157,5,0,0,0,1,0,1,6,10,2022,42
2022-10-24,Hospital_C,O_negative,4,3,156,4,0,0,0,0,1,1,0,10,2022,43
2022-10-25,Hospital_C,O_negative,9,9,156,9,0,0,0,0,0,1,1,10,2022,43
2022-10-26,Hospital_C,O_negative,8,10,158,8,0,0,0,0,0,1,2,10,2022,43
2022-10-27,Hospital_C,O_negative,6,8,160,6,0,0,0,0,0,1,3,10,2022,43
2022-10-28,Hospital_C,O_negative,4,5,161,4,0,0,0,0,0,1,4,10,2022,43
2022-10-29,Hospital_C,O_negative,2,4,163,2,0,0,0,1,0,1,5,10,2022,43
2022-10-30,Hospital_C,O_negative,5,3,161,5,0,0,0,1,0,1,6,10,2022,43
2022-10-31,Hospital_C,O_negative,7,4,158,7,0,0,0,0,0,1,0,10,2022,44
2022-11-01,Hospital_C,O_negative,4,7,161,4,0,0,0,0,0,0,1,11,2022,44
2022-11-02,Hospital_C,O_negative,5,6,162,5,0,0,0,0,0,0,2,11,2022,44
2022-11-03,Hospital_C,O_negative,4,4,162,4,0,0,0,0,0,0,3,11,2022,44
2022-11-04,Hospital_C,O_negative,8,5,159,8,0,0,0,0,0,0,4,11,2022,44
2022-11-05,Hospital_C,O_negative,3,1,157,3,0,0,0,1,0,0,5,11,2022,44
2022-11-06,Hospital_C,O_negative,4,4,157,4,0,0,0,1,0,0,6,11,2022,44
2022-11-07,Hospital_C,O_negative,6,10,161,6,0,0,0,0,0,0,0,11,2022,45
2022-11-08,Hospital_C,O_negative,4,0,157,4,0,0,0,0,0,0,1,11,2022,45
2022-11-09,Hospital_C,O_negative,8,6,155,8,0,0,0,0,0,0,2,11,2022,45
2022-11-10,Hospital_C,O_negative,22,26,159,22,0,0,0,0,0,0,3,11,2022,45
2022-11-11,Hospital_C,O_negative,7,11,163,7,0,0,0,0,0,0,4,11,2022,45
2022-11-12,Hospital_C,O_negative,1,1,163,1,0,0,0,1,0,0,5,11,2022,45
2022-11-13,Hospital_C,O_negative,5,5,163,5,0,0,0,1,0,0,6,11,2022,45
2022-11-14,Hospital_C,O_negative,10,13,166,10,0,0,0,0,0,0,0,11,2022,46
2022-11-15,Hospital_C,O_negative,4,2,164,4,0,0,0,0,0,0,1,11,2022,46
2022-11-16,Hospital_C,O_negative,12,12,164,12,0,0,0,0,0,0,2,11,2022,46
2022-11-17,Hospital_C,O_negative,7,8,165,7,0,0,0,0,0,0,3,11,2022,46
2022-11-18,Hospital_C,O_negative,11,11,165,11,0,0,0,0,0,0,4,11,2022,46
2022-11-19,Hospital_C,O_negative,4,5,166,4,0,0,0,1,0,0,5,11,2022,46
2022-11-20,Hospital_C,O_negative,5,4,165,5,0,0,0,1,0,0,6,11,2022,46
2022-11-21,Hospital_C,O_negative,7,6,164,7,0,0,0,0,0,0,0,11,2022,47
2022-11-22,Hospital_C,O_negative,7,7,164,7,0,0,0,0,0,0,1,11,2022,47
2022-11-23,Hospital_C,O_negative,7,7,164,7,0,0,0,0,0,0,2,11,2022,47
2022-11-24,Hospital_C,O_negative,19,21,166,19,0,0,0,0,0,0,3,11,2022,47
2022-11-25,Hospital_C,O_negative,7,9,168,7,0,0,0,0,0,0,4,11,2022,47
2022-11-26,Hospital_C,O_negative,4,2,166,4,0,0,0,1,0,0,5,11,2022,47
2022-11-27,Hospital_C,O_negative,9,8,165,9,0,0,0,1,0,0,6,11,2022,47
2022-11-28,Hospital_C,O_negative,4,3,164,4,0,0,0,0,0,0,0,11,2022,48
2022-11-29,Hospital_C,O_negative,17,20,167,17,0,0,0,0,0,0,1,11,2022,48
2022-11-30,Hospital_C,O_negative,3,1,165,3,0,0,0,0,0,0,2,11,2022,48
2022-12-01,Hospital_C,O_negative,3,0,162,3,0,0,0,0,0,0,3,12,2022,48
2022-12-02,Hospital_C,O_negative,5,7,164,5,0,0,0,0,0,0,4,12,2022,48
2022-12-03,Hospital_C,O_negative,6,4,162,6,0,0,0,1,0,0,5,12,2022,48
2022-12-04,Hospital_C,O_negative,4,2,160,4,0,0,0,1,0,0,6,12,2022,48
2022-12-05,Hospital_C,O_negative,10,8,158,10,0,0,0,0,0,0,0,12,2022,49
2022-12-06,Hospital_C,O_negative,8,10,160,8,0,0,0,0,0,0,1,12,2022,49
2022-12-07,Hospital_C,O_negative,5,4,159,5,0,0,0,0,0,0,2,12,2022,49
2022-12-08,Hospital_C,O_negative,7,6,158,7,0,0,0,0,0,0,3,12,2022,49
2022-12-09,Hospital_C,O_negative,5,7,160,5,0,0,0,0,0,0,4,12,2022,49
2022-12-10,Hospital_C,O_negative,2,1,159,2,0,0,0,1,0,0,5,12,2022,49
2022-12-11,Hospital_C,O_negative,6,3,156,6,0,0,0,1,0,0,6,12,2022,49
2022-12-12,Hospital_C,O_negative,5,5,156,5,0,0,0,0,0,0,0,12,2022,50
2022-12-13,Hospital_C,O_negative,6,7,157,6,0,0,0,0,0,0,1,12,2022,50
2022-12-14,Hospital_C,O_negative,7,9,159,7,0,0,0,0,0,0,2,12,2022,50
2022-12-15,Hospital_C,O_negative,7,8,160,7,0,0,0,0,0,0,3,12,2022,50
2022-12-16,Hospital_C,O_negative,7,4,157,7,0,0,0,0,0,0,4,12,2022,50
2022-12-17,Hospital_C,O_negative,16,17,158,16,0,0,0,1,0,0,5,12,2022,50
2022-12-18,Hospital_C,O_negative,2,0,156,2,0,0,0,1,0,0,6,12,2022,50
2022-12-19,Hospital_C,O_negative,5,7,158,5,0,0,0,0,0,0,0,12,2022,51
2022-12-20,Hospital_C,O_negative,6,4,156,6,0,0,0,0,0,0,1,12,2022,51
2022-12-21,Hospital_C,O_negative,20,30,166,20,0,0,0,0,0,0,2,12,2022,51
2022-12-22,Hospital_C,O_negative,9,15,172,9,0,0,0,0,0,0,3,12,2022,51
2022-12-23,Hospital_C,O_negative,5,1,168,5,0,0,0,0,0,0,4,12,2022,51
2022-12-24,Hospital_C,O_negative,5,9,172,5,0,0,0,1,0,0,5,12,2022,51
2022-12-25,Hospital_C,O_negative,2,2,172,2,0,0,0,1,1,0,6,12,2022,51
2022-12-26,Hospital_C,O_negative,6,8,174,6,0,0,0,0,0,0,0,12,2022,52
2022-12-27,Hospital_C,O_negative,8,6,172,8,0,0,0,0,0,0,1,12,2022,52
2022-12-28,Hospital_C,O_negative,4,5,173,4,0,0,0,0,0,0,2,12,2022,52
2022-12-29,Hospital_C,O_negative,6,4,171,6,0,0,0,0,0,0,3,12,2022,52
2022-12-30,Hospital_C,O_negative,5,5,171,5,0,0,0,0,0,0,4,12,2022,52
2022-12-31,Hospital_C,O_negative,7,5,169,7,0,0,0,1,0,0,5,12,2022,52
2023-01-01,Hospital_C,O_negative,3,2,168,3,0,0,0,1,0,0,6,1,2023,52
2023-01-02,Hospital_C,O_negative,9,7,166,9,0,0,0,0,0,0,0,1,2023,1
2023-01-03,Hospital_C,O_negative,2,2,166,2,0,0,0,0,0,0,1,1,2023,1
2023-01-04,Hospital_C,O_negative,7,7,166,7,0,0,0,0,0,0,2,1,2023,1
2023-01-05,Hospital_C,O_negative,6,6,166,6,0,0,0,0,0,0,3,1,2023,1
2023-01-06,Hospital_C,O_negative,4,4,166,4,0,0,0,0,0,0,4,1,2023,1
2023-01-07,Hospital_C,O_negative,6,8,168,6,0,0,0,1,0,0,5,1,2023,1
2023-01-08,Hospital_C,O_negative,5,5,168,5,0,0,0,1,0,0,6,1,2023,1
2023-01-09,Hospital_C,O_negative,11,7,164,11,0,0,0,0,0,0,0,1,2023,2
2023-01-10,Hospital_C,O_negative,3,2,163,3,0,0,0,0,0,0,1,1,2023,2
2023-01-11,Hospital_C,O_negative,6,7,164,6,0,0,0,0,0,0,2,1,2023,2
2023-01-12,Hospital_C,O_negative,9,8,163,9,0,0,0,0,0,0,3,1,2023,2
2023-01-13,Hospital_C,O_negative,5,4,162,5,0,0,0,0,0,0,4,1,2023,2
2023-01-14,Hospital_C,O_negative,5,6,163,5,0,0,0,1,0,0,5,1,2023,2
2023-01-15,Hospital_C,O_negative,17,14,160,17,0,0,0,1,0,0,6,1,2023,2
2023-01-16,Hospital_C,O_negative,9,11,162,9,0,0,0,0,0,0,0,1,2023,3
2023-01-17,Hospital_C,O_negative,3,1,160,3,0,0,0,0,0,0,1,1,2023,3
2023-01-18,Hospital_C,O_negative,6,9,163,6,0,0,0,0,0,0,2,1,2023,3
2023-01-19,Hospital_C,O_negative,5,3,161,5,0,0,0,0,0,0,3,1,2023,3
2023-01-20,Hospital_C,O_negative,7,10,164,7,0,0,0,0,0,0,4,1,2023,3
2023-01-21,Hospital_C,O_negative,3,2,163,3,0,0,0,1,0,0,5,1,2023,3
2023-01-22,Hospital_C,O_negative,6,7,164,6,0,0,0,1,0,0,6,1,2023,3
2023-01-23,Hospital_C,O_negative,11,8,161,11,0,0,0,0,0,0,0,1,2023,4
2023-01-24,Hospital_C,O_negative,12,13,162,12,0,0,0,0,0,0,1,1,2023,4
2023-01-25,Hospital_C,O_negative,12,14,164,12,0,0,0,0,0,0,2,1,2023,4
2023-01-26,Hospital_C,O_negative,3,4,165,3,0,0,0,0,1,0,3,1,2023,4
2023-01-27,Hospital_C,O_negative,6,8,167,6,0,0,0,0,0,0,4,1,2023,4
2023-01-28,Hospital_C,O_negative,6,7,168,6,0,0,0,1,0,0,5,1,2023,4
2023-01-29,Hospital_C,O_negative,2,2,168,2,0,0,0,1,0,0,6,1,2023,4
2023-01-30,Hospital_C,O_negative,8,18,178,8,0,0,0,0,0,0,0,1,2023,5
2023-01-31,Hospital_C,O_negative,5,6,179,5,0,5,0,0,0,0,1,1,2023,5
2023-02-01,Hospital_C,O_negative,17,22,184,17,0,0,0,0,0,0,2,2,2023,5
2023-02-02,Hospital_C,O_negative,6,2,180,6,0,0,0,0,0,0,3,2,2023,5
2023-02-03,Hospital_C,O_negative,9,9,180,9,0,0,0,0,0,0,4,2,2023,5
2023-02-04,Hospital_C,O_negative,4,6,182,4,0,0,0,1,0,0,5,2,2023,5
2023-02-05,Hospital_C,O_negative,5,6,183,5,0,0,0,1,0,0,6,2,2023,5
2023-02-06,Hospital_C,O_negative,6,5,182,6,0,0,0,0,0,0,0,2,2023,6
2023-02-07,Hospital_C,O_negative,7,3,178,7,0,0,0,0,0,0,1,2,2023,6
2023-02-08,Hospital_C,O_negative,11,14,181,11,0,0,0,0,0,0,2,2,2023,6
2023-02-09,Hospital_C,O_negative,5,4,180,5,0,0,0,0,0,0,3,2,2023,6
2023-02-10,Hospital_C,O_negative,3,2,179,3,0,0,0,0,0,0,4,2,2023,6
2023-02-11,Hospital_C,O_negative,6,8,181,6,0,0,0,1,0,0,5,2,2023,6
2023-02-12,Hospital_C,O_negative,5,5,181,5,0,0,0,1,0,0,6,2,2023,6
2023-02-13,Hospital_C,O_negative,11,13,183,11,0,0,0,0,0,0,0,2,2023,7
2023-02-14,Hospital_C,O_negative,6,7,184,6,0,0,0,0,0,0,1,2,2023,7
2023-02-15,Hospital_C,O_negative,2,5,187,2,0,0,0,0,0,0,2,2,2023,7
2023-02-16,Hospital_C,O_negative,8,7,186,8,0,0,0,0,0,0,3,2,2023,7
2023-02-17,Hospital_C,O_negative,15,19,190,15,0,0,0,0,0,0,4,2,2023,7
2023-02-18,Hospital_C,O_negative,5,4,189,5,0,0,0,1,0,0,5,2,2023,7
2023-02-19,Hospital_C,O_negative,6,11,194,6,0,0,0,1,0,0,6,2,2023,7
2023-02-20,Hospital_C,O_negative,17,26,203,17,0,0,0,0,0,0,0,2,2023,8
2023-02-21,Hospital_C,O_negative,10,16,209,10,0,0,0,0,0,0,1,2,2023,8
2023-02-22,Hospital_C,O_negative,3,4,210,3,0,0,0,0,0,0,2,2,2023,8
2023-02-23,Hospital_C,O_negative,9,7,208,9,0,0,0,0,0,0,3,2,2023,8
2023-02-24,Hospital_C,O_negative,3,4,209,3,0,0,0,0,0,0,4,2,2023,8
2023-02-25,Hospital_C,O_negative,4,2,207,4,0,0,0,1,0,0,5,2,2023,8
2023-02-26,Hospital_C,O_negative,2,3,208,2,0,0,0,1,0,0,6,2,2023,8
2023-02-27,Hospital_C,O_negative,7,12,213,7,0,0,0,0,0,0,0,2,2023,9
2023-02-28,Hospital_C,O_negative,6,5,212,6,0,0,0,0,0,0,1,2,2023,9
2023-03-01,Hospital_C,O_negative,10,11,213,10,0,0,0,0,0,0,2,3,2023,9
2023-03-02,Hospital_C,O_negative,5,2,210,5,0,0,0,0,0,0,3,3,2023,9
2023-03-03,Hospital_C,O_negative,7,10,213,7,0,0,0,0,0,0,4,3,2023,9
2023-03-04,Hospital_C,O_negative,3,3,213,3,0,0,0,1,0,0,5,3,2023,9
2023-03-05,Hospital_C,O_negative,5,6,214,5,0,0,0,1,0,0,6,3,2023,9
2023-03-06,Hospital_C,O_negative,8,12,218,8,0,0,0,0,0,0,0,3,2023,10
2023-03-07,Hospital_C,O_negative,11,12,219,11,0,0,0,0,0,0,1,3,2023,10
2023-03-08,Hospital_C,O_negative,5,6,220,5,0,0,0,0,1,0,2,3,2023,10
2023-03-09,Hospital_C,O_negative,12,11,219,12,0,0,0,0,0,0,3,3,2023,10
2023-03-10,Hospital_C,O_negative,6,6,219,6,0,0,0,0,0,0,4,3,2023,10
2023-03-11,Hospital_C,O_negative,0,2,221,0,0,0,0,1,0,0,5,3,2023,10
2023-03-12,Hospital_C,O_negative,3,5,223,3,0,0,0,1,0,0,6,3,2023,10
2023-03-13,Hospital_C,O_negative,6,5,222,6,0,0,0,0,0,0,0,3,2023,11
2023-03-14,Hospital_C,O_negative,6,9,225,6,0,0,0,0,0,0,1,3,2023,11
2023-03-15,Hospital_C,O_negative,8,7,224,8,0,0,0,0,0,0,2,3,2023,11
2023-03-16,Hospital_C,O_negative,7,12,229,7,0,0,0,0,0,0,3,3,2023,11
2023-03-17,Hospital_C,O_negative,3,5,231,3,0,0,0,0,0,0,4,3,2023,11
2023-03-18,Hospital_C,O_negative,2,3,232,2,0,0,0,1,0,0,5,3,2023,11
2023-03-19,Hospital_C,O_negative,3,4,233,3,0,0,0,1,0,0,6,3,2023,11
2023-03-20,Hospital_C,O_negative,5,13,241,5,0,0,0,0,0,0,0,3,2023,12
2023-03-21,Hospital_C,O_negative,7,6,240,7,0,0,0,0,0,0,1,3,2023,12
2023-03-22,Hospital_C,O_negative,6,5,239,6,0,25,0,0,0,0,2,3,2023,12
2023-03-23,Hospital_C,O_negative,5,3,237,5,0,36,0,0,0,0,3,3,2023,12
2023-03-24,Hospital_C,O_negative,7,9,239,7,0,41,0,0,0,0,4,3,2023,12
2023-03-25,Hospital_C,O_negative,6,10,243,6,0,47,0,1,0,0,5,3,2023,12
2023-03-26,Hospital_C,O_negative,3,5,238,3,7,37,0,1,0,0,6,3,2023,12
2023-03-27,Hospital_C,O_negative,5,7,227,5,13,19,0,0,0,0,0,3,2023,13
2023-03-28,Hospital_C,O_negative,9,2,213,9,7,26,0,0,0,0,1,3,2023,13
2023-03-29,Hospital_C,O_negative,3,3,210,3,3,25,0,0,0,0,2,3,2023,13
2023-03-30,Hospital_C,O_negative,7,8,211,7,0,36,0,0,0,0,3,3,2023,13
2023-03-31,Hospital_C,O_negative,20,22,213,20,0,22,0,0,0,0,4,3,2023,13
2023-04-01,Hospital_C,O_negative,1,3,215,1,0,32,0,1,0,0,5,4,2023,13
2023-04-02,Hospital_C,O_negative,4,6,217,4,0,28,0,1,0,0,6,4,2023,13
2023-04-03,Hospital_C,O_negative,6,6,206,6,11,17,0,0,0,0,0,4,2023,14
2023-04-04,Hospital_C,O_negative,4,5,207,4,0,19,0,0,0,0,1,4,2023,14
2023-04-05,Hospital_C,O_negative,21,23,202,21,7,0,0,0,0,0,2,4,2023,14
2023-04-06,Hospital_C,O_negative,3,2,201,3,0,3,0,0,0,0,3,4,2023,14
2023-04-07,Hospital_C,O_negative,5,8,204,5,0,0,0,0,0,0,4,4,2023,14
2023-04-08,Hospital_C,O_negative,7,9,206,7,0,0,0,1,0,0,5,4,2023,14
2023-04-09,Hospital_C,O_negative,3,0,203,3,0,0,0,1,0,0,6,4,2023,14
2023-04-10,Hospital_C,O_negative,5,10,208,5,0,0,0,0,0,0,0,4,2023,15
2023-04-11,Hospital_C,O_negative,10,14,212,10,0,0,0,0,0,0,1,4,2023,15
2023-04-12,Hospital_C,O_negative,8,13,217,8,0,0,0,0,0,0,2,4,2023,15
2023-04-13,Hospital_C,O_negative,4,4,217,4,0,0,0,0,0,0,3,4,2023,15
2023-04-14,Hospital_C,O_negative,7,8,218,7,0,5,0,0,0,0,4,4,2023,15
2023-04-15,Hospital_C,O_negative,3,3,218,3,0,2,0,1,0,0,5,4,2023,15
2023-04-16,Hospital_C,O_negative,5,6,219,5,0,6,0,1,0,0,6,4,2023,15
2023-04-17,Hospital_C,O_negative,5,5,219,5,0,26,0,0,0,0,0,4,2023,16
2023-04-18,Hospital_C,O_negative,7,9,221,7,0,44,0,0,0,0,1,4,2023,16
2023-04-19,Hospital_C,O_negative,5,5,221,5,0,41,0,0,0,0,2,4,2023,16
2023-04-20,Hospital_C,O_negative,5,4,220,5,0,45,0,0,0,0,3,4,2023,16
2023-04-21,Hospital_C,O_negative,5,6,212,5,9,31,0,0,0,0,4,4,2023,16
2023-04-22,Hospital_C,O_negative,3,1,190,3,20,14,0,1,0,0,5,4,2023,16
2023-04-23,Hospital_C,O_negative,0,0,190,0,0,21,0,1,0,0,6,4,2023,16
2023-04-24,Hospital_C,O_negative,7,9,184,7,8,17,0,0,0,0,0,4,2023,17
2023-04-25,Hospital_C,O_negative,8,10,186,8,0,9,0,0,0,0,1,4,2023,17
2023-04-26,Hospital_C,O_negative,4,1,183,4,0,5,0,0,0,0,2,4,2023,17
2023-04-27,Hospital_C,O_negative,16,11,178,16,0,1,0,0,0,0,3,4,2023,17
2023-04-28,Hospital_C,O_negative,7,11,182,7,0,0,0,0,0,0,4,4,2023,17
2023-04-29,Hospital_C,O_negative,6,8,184,6,0,0,0,1,0,0,5,4,2023,17
2023-04-30,Hospital_C,O_negative,2,1,183,2,0,0,0,1,0,0,6,4,2023,17
2023-05-01,Hospital_C,O_negative,6,4,181,6,0,0,0,0,0,0,0,5,2023,18
2023-05-02,Hospital_C,O_negative,7,9,183,7,0,7,0,0,0,0,1,5,2023,18
2023-05-03,Hospital_C,O_negative,4,3,182,4,0,3,0,0,0,0,2,5,2023,18
2023-05-04,Hospital_C,O_negative,7,11,186,7,0,0,0,0,0,0,3,5,2023,18
2023-05-05,Hospital_C,O_negative,6,2,182,6,0,0,0,0,0,0,4,5,2023,18
2023-05-06,Hospital_C,O_negative,4,2,180,4,0,0,0,1,0,0,5,5,2023,18
2023-05-07,Hospital_C,O_negative,3,4,181,3,0,0,0,1,0,0,6,5,2023,18
2023-05-08,Hospital_C,O_negative,7,4,178,7,0,0,0,0,0,0,0,5,2023,19
2023-05-09,Hospital_C,O_negative,6,6,178,6,0,0,0,0,0,0,1,5,2023,19
2023-05-10,Hospital_C,O_negative,3,8,183,3,0,0,0,0,0,0,2,5,2023,19
2023-05-11,Hospital_C,O_negative,8,9,184,8,0,0,0,0,0,0,3,5,2023,19
2023-05-12,Hospital_C,O_negative,5,8,187,5,0,18,0,0,0,0,4,5,2023,19
2023-05-13,Hospital_C,O_negative,2,1,186,2,0,16,0,1,0,0,5,5,2023,19
2023-05-14,Hospital_C,O_negative,6,7,187,6,0,10,0,1,0,0,6,5,2023,19
2023-05-15,Hospital_C,O_negative,11,14,190,11,0,9,0,0,0,0,0,5,2023,20
2023-05-16,Hospital_C,O_negative,9,8,189,9,0,3,0,0,0,0,1,5,2023,20
2023-05-17,Hospital_C,O_negative,7,6,188,7,0,0,0,0,0,0,2,5,2023,20
2023-05-18,Hospital_C,O_negative,11,9,186,11,0,0,0,0,0,0,3,5,2023,20
2023-05-19,Hospital_C,O_negative,11,7,182,11,0,0,0,0,0,0,4,5,2023,20
2023-05-20,Hospital_C,O_negative,1,0,181,1,0,0,0,1,0,0,5,5,2023,20
2023-05-21,Hospital_C,O_negative,10,10,181,10,0,0,0,1,0,0,6,5,2023,20
2023-05-22,Hospital_C,O_negative,8,6,179,8,0,0,0,0,0,0,0,5,2023,21
2023-05-23,Hospital_C,O_negative,6,2,175,6,0,0,0,0,0,0,1,5,2023,21
2023-05-24,Hospital_C,O_negative,10,10,175,10,0,0,0,0,0,0,2,5,2023,21
2023-05-25,Hospital_C,O_negative,8,4,171,8,0,0,0,0,0,0,3,5,2023,21
2023-05-26,Hospital_C,O_negative,15,19,175,15,0,0,0,0,0,0,4,5,2023,21
2023-05-27,Hospital_C,O_negative,8,9,176,8,0,0,0,1,0,0,5,5,2023,21
2023-05-28,Hospital_C,O_negative,1,3,178,1,0,0,0,1,0,0,6,5,2023,21
2023-05-29,Hospital_C,O_negative,10,13,181,10,0,0,0,0,0,0,0,5,2023,22
2023-05-30,Hospital_C,O_negative,9,14,186,9,0,0,0,0,0,0,1,5,2023,22
2023-05-31,Hospital_C,O_negative,16,13,183,16,0,0,0,0,0,0,2,5,2023,22
2023-06-01,Hospital_C,O_negative,7,7,183,7,0,0,0,0,0,0,3,6,2023,22
2023-06-02,Hospital_C,O_negative,5,5,183,5,0,0,0,0,0,0,4,6,2023,22
2023-06-03,Hospital_C,O_negative,2,1,182,2,0,0,0,1,0,0,5,6,2023,22
2023-06-04,Hospital_C,O_negative,10,17,189,10,0,0,0,1,0,0,6,6,2023,22
2023-06-05,Hospital_C,O_negative,5,10,194,5,0,0,0,0,0,0,0,6,2023,23
2023-06-06,Hospital_C,O_negative,11,15,198,11,0,0,0,0,0,0,1,6,2023,23
2023-06-07,Hospital_C,O_negative,5,9,202,5,0,0,0,0,0,0,2,6,2023,23
2023-06-08,Hospital_C,O_negative,7,12,207,7,0,0,0,0,0,0,3,6,2023,23
2023-06-09,Hospital_C,O_negative,4,2,205,4,0,0,0,0,0,0,4,6,2023,23
2023-06-10,Hospital_C,O_negative,5,5,205,5,0,0,0,1,0,0,5,6,2023,23
2023-06-11,Hospital_C,O_negative,5,8,208,5,0,0,0,1,0,0,6,6,2023,23
2023-06-12,Hospital_C,O_negative,6,6,208,6,0,0,0,0,0,0,0,6,2023,24
2023-06-13,Hospital_C,O_negative,7,9,210,7,0,0,0,0,0,0,1,6,2023,24
2023-06-14,Hospital_C,O_negative,9,8,209,9,0,0,0,0,0,0,2,6,2023,24
2023-06-15,Hospital_C,O_negative,3,3,209,3,0,0,0,0,0,0,3,6,2023,24
2023-06-16,Hospital_C,O_negative,5,8,212,5,0,0,0,0,0,0,4,6,2023,24
2023-06-17,Hospital_C,O_negative,7,9,214,7,0,0,0,1,0,0,5,6,2023,24
2023-06-18,Hospital_C,O_negative,4,2,212,4,0,0,0,1,0,0,6,6,2023,24
2023-06-19,Hospital_C,O_negative,8,8,212,8,0,0,0,0,0,0,0,6,2023,25
2023-06-20,Hospital_C,O_negative,9,13,216,9,0,0,0,0,0,0,1,6,2023,25
2023-06-21,Hospital_C,O_negative,7,8,217,7,0,0,0,0,0,0,2,6,2023,25
2023-06-22,Hospital_C,O_negative,5,4,216,5,0,0,0,0,0,0,3,6,2023,25
2023-06-23,Hospital_C,O_negative,6,8,218,6,0,0,0,0,0,0,4,6,2023,25
2023-06-24,Hospital_C,O_negative,1,2,219,1,0,0,0,1,0,0,5,6,2023,25
2023-06-25,Hospital_C,O_negative,4,4,219,4,0,0,0,1,0,0,6,6,2023,25
2023-06-26,Hospital_C,O_negative,7,10,222,7,0,0,0,0,0,0,0,6,2023,26
2023-06-27,Hospital_C,O_negative,8,10,224,8,0,0,0,0,0,0,1,6,2023,26
2023-06-28,Hospital_C,O_negative,6,9,227,6,0,0,0,0,0,0,2,6,2023,26
2023-06-29,Hospital_C,O_negative,5,8,230,5,0,0,0,0,0,0,3,6,2023,26
2023-06-30,Hospital_C,O_negative,4,8,234,4,0,0,0,0,0,0,4,6,2023,26
2023-07-01,Hospital_C,O_negative,4,4,234,4,0,0,0,1,0,1,5,7,2023,26
2023-07-02,Hospital_C,O_negative,6,9,237,6,0,0,0,1,0,1,6,7,2023,26
2023-07-03,Hospital_C,O_negative,11,12,238,11,0,0,0,0,0,1,0,7,2023,27
2023-07-04,Hospital_C,O_negative,6,9,241,6,0,1,0,0,0,1,1,7,2023,27
2023-07-05,Hospital_C,O_negative,5,9,245,5,0,4,0,0,0,1,2,7,2023,27
2023-07-06,Hospital_C,O_negative,6,5,244,6,0,47,0,0,0,1,3,7,2023,27
2023-07-07,Hospital_C,O_negative,5,5,244,5,0,47,0,0,0,1,4,7,2023,27
2023-07-08,Hospital_C,O_negative,4,3,243,4,0,43,0,1,0,1,5,7,2023,27
2023-07-09,Hospital_C,O_negative,8,11,246,8,0,35,0,1,0,1,6,7,2023,27
2023-07-10,Hospital_C,O_negative,9,7,214,9,30,0,0,0,0,1,0,7,2023,28
2023-07-11,Hospital_C,O_negative,7,4,211,7,0,0,0,0,0,1,1,7,2023,28
2023-07-12,Hospital_C,O_negative,2,0,209,2,0,2,0,0,0,1,2,7,2023,28
2023-07-13,Hospital_C,O_negative,5,5,209,5,0,17,0,0,0,1,3,7,2023,28
2023-07-14,Hospital_C,O_negative,8,7,208,8,0,13,0,0,0,1,4,7,2023,28
2023-07-15,Hospital_C,O_negative,8,7,207,8,0,7,0,1,0,1,5,7,2023,28
2023-07-16,Hospital_C,O_negative,4,2,205,4,0,33,0,1,0,1,6,7,2023,28
2023-07-17,Hospital_C,O_negative,21,27,211,21,0,21,0,0,0,1,0,7,2023,29
2023-07-18,Hospital_C,O_negative,9,11,213,9,0,20,0,0,0,1,1,7,2023,29
2023-07-19,Hospital_C,O_negative,4,5,214,4,0,29,0,0,0,1,2,7,2023,29
2023-07-20,Hospital_C,O_negative,17,21,218,17,0,16,0,0,0,1,3,7,2023,29
2023-07-21,Hospital_C,O_negative,9,13,222,9,0,15,0,0,0,1,4,7,2023,29
2023-07-22,Hospital_C,O_negative,22,34,234,22,0,0,0,1,0,1,5,7,2023,29
2023-07-23,Hospital_C,O_negative,3,5,236,3,0,0,0,1,0,1,6,7,2023,29
2023-07-24,Hospital_C,O_negative,3,3,236,3,0,0,0,0,0,1,0,7,2023,30
2023-07-25,Hospital_C,O_negative,6,10,240,6,0,0,0,0,0,1,1,7,2023,30
2023-07-26,Hospital_C,O_negative,5,10,245,5,0,0,0,0,0,1,2,7,2023,30
2023-07-27,Hospital_C,O_negative,4,5,246,4,0,6,0,0,0,1,3,7,2023,30
2023-07-28,Hospital_C,O_negative,7,12,251,7,0,0,0,0,0,1,4,7,2023,30
2023-07-29,Hospital_C,O_negative,1,1,251,1,0,7,0,1,0,1,5,7,2023,30
2023-07-30,Hospital_C,O_negative,5,5,251,5,0,2,0,1,0,1,6,7,2023,30
2023-07-31,Hospital_C,O_negative,4,5,252,4,0,3,0,0,0,1,0,7,2023,31
2023-08-01,Hospital_C,O_negative,7,8,253,7,0,8,0,0,0,1,1,8,2023,31
2023-08-02,Hospital_C,O_negative,3,4,254,3,0,14,0,0,0,1,2,8,2023,31
2023-08-03,Hospital_C,O_negative,7,7,254,7,0,7,0,0,0,1,3,8,2023,31
2023-08-04,Hospital_C,O_negative,3,3,254,3,0,6,0,0,0,1,4,8,2023,31
2023-08-05,Hospital_C,O_negative,6,2,250,6,0,0,0,1,0,1,5,8,2023,31
2023-08-06,Hospital_C,O_negative,2,1,249,2,0,0,0,1,0,1,6,8,2023,31
2023-08-07,Hospital_C,O_negative,11,12,250,11,0,3,0,0,0,1,0,8,2023,32
2023-08-08,Hospital_C,O_negative,0,3,253,0,0,10,0,0,0,1,1,8,2023,32
2023-08-09,Hospital_C,O_negative,9,15,259,9,0,1,0,0,0,1,2,8,2023,32
2023-08-10,Hospital_C,O_negative,8,3,254,8,0,13,0,0,0,1,3,8,2023,32
2023-08-11,Hospital_C,O_negative,9,9,254,9,0,4,0,0,0,1,4,8,2023,32
2023-08-12,Hospital_C,O_negative,13,13,254,13,0,0,0,1,0,1,5,8,2023,32
2023-08-13,Hospital_C,O_negative,6,5,253,6,0,5,0,1,0,1,6,8,2023,32
2023-08-14,Hospital_C,O_negative,7,13,259,7,0,5,0,0,0,1,0,8,2023,33
2023-08-15,Hospital_C,O_negative,2,0,257,2,0,24,0,0,1,1,1,8,2023,33
2023-08-16,Hospital_C,O_negative,6,6,257,6,0,23,0,0,0,1,2,8,2023,33
2023-08-17,Hospital_C,O_negative,6,5,256,6,0,22,0,0,0,1,3,8,2023,33
2023-08-18,Hospital_C,O_negative,2,1,255,2,0,20,0,0,0,1,4,8,2023,33
2023-08-19,Hospital_C,O_negative,8,3,240,8,10,2,0,1,0,1,5,8,2023,33
2023-08-20,Hospital_C,O_negative,6,6,240,6,0,8,0,1,0,1,6,8,2023,33
2023-08-21,Hospital_C,O_negative,7,9,242,7,0,35,0,0,0,1,0,8,2023,34
2023-08-22,Hospital_C,O_negative,4,5,243,4,0,58,0,0,0,1,1,8,2023,34
2023-08-23,Hospital_C,O_negative,3,7,247,3,0,56,0,0,0,1,2,8,2023,34
2023-08-24,Hospital_C,O_negative,8,10,249,8,0,73,0,0,0,1,3,8,2023,34
2023-08-25,Hospital_C,O_negative,7,5,227,7,20,50,0,0,0,1,4,8,2023,34
2023-08-26,Hospital_C,O_negative,6,6,207,6,20,38,0,1,0,1,5,8,2023,34
2023-08-27,Hospital_C,O_negative,7,9,209,7,0,31,0,1,0,1,6,8,2023,34
2023-08-28,Hospital_C,O_negative,12,8,192,12,13,9,0,0,0,1,0,8,2023,35
2023-08-29,Hospital_C,O_negative,7,7,192,7,0,2,0,0,0,1,1,8,2023,35
2023-08-30,Hospital_C,O_negative,7,7,192,7,0,33,0,0,0,1,2,8,2023,35
2023-08-31,Hospital_C,O_negative,5,5,192,5,0,43,0,0,0,1,3,8,2023,35
2023-09-01,Hospital_C,O_negative,6,7,193,6,0,61,0,0,0,1,4,9,2023,35
2023-09-02,Hospital_C,O_negative,2,2,193,2,0,65,0,1,0,1,5,9,2023,35
2023-09-03,Hospital_C,O_negative,4,2,171,4,20,46,0,1,0,1,6,9,2023,35
2023-09-04,Hospital_C,O_negative,7,7,160,7,11,28,0,0,0,1,0,9,2023,36
2023-09-05,Hospital_C,O_negative,8,7,142,8,17,8,0,0,0,1,1,9,2023,36
2023-09-06,Hospital_C,O_negative,8,11,145,8,0,0,0,0,0,1,2,9,2023,36
2023-09-07,Hospital_C,O_negative,5,9,149,5,0,0,0,0,0,1,3,9,2023,36
2023-09-08,Hospital_C,O_negative,4,4,149,4,0,0,0,0,0,1,4,9,2023,36
2023-09-09,Hospital_C,O_negative,4,1,146,4,0,0,0,1,0,1,5,9,2023,36
2023-09-10,Hospital_C,O_negative,4,1,143,4,0,0,0,1,0,1,6,9,2023,36
2023-09-11,Hospital_C,O_negative,16,20,147,16,0,0,0,0,0,1,0,9,2023,37
2023-09-12,Hospital_C,O_negative,10,9,146,10,0,0,0,0,0,1,1,9,2023,37
2023-09-13,Hospital_C,O_negative,7,6,145,7,0,0,0,0,0,1,2,9,2023,37
2023-09-14,Hospital_C,O_negative,4,2,143,4,0,0,0,0,0,1,3,9,2023,37
2023-09-15,Hospital_C,O_negative,7,5,141,7,0,0,0,0,0,1,4,9,2023,37
2023-09-16,Hospital_C,O_negative,4,7,144,4,0,0,0,1,0,1,5,9,2023,37
2023-09-17,Hospital_C,O_negative,6,8,146,6,0,0,0,1,0,1,6,9,2023,37
2023-09-18,Hospital_C,O_negative,6,7,147,6,0,0,0,0,0,1,0,9,2023,38
2023-09-19,Hospital_C,O_negative,6,9,150,6,0,0,0,0,0,1,1,9,2023,38
2023-09-20,Hospital_C,O_negative,8,7,149,8,0,0,0,0,0,1,2,9,2023,38
2023-09-21,Hospital_C,O_negative,7,9,151,7,0,0,0,0,0,1,3,9,2023,38
2023-09-22,Hospital_C,O_negative,7,5,149,7,0,0,0,0,0,1,4,9,2023,38
2023-09-23,Hospital_C,O_negative,6,6,149,6,0,0,0,1,0,1,5,9,2023,38
2023-09-24,Hospital_C,O_negative,2,2,149,2,0,0,0,1,0,1,6,9,2023,38
2023-09-25,Hospital_C,O_negative,8,9,150,8,0,0,0,0,0,1,0,9,2023,39
2023-09-26,Hospital_C,O_negative,9,6,147,9,0,0,0,0,0,1,1,9,2023,39
2023-09-27,Hospital_C,O_negative,5,5,147,5,0,0,0,0,0,1,2,9,2023,39
2023-09-28,Hospital_C,O_negative,4,7,150,4,0,0,0,0,0,1,3,9,2023,39
2023-09-29,Hospital_C,O_negative,10,13,153,10,0,0,0,0,0,1,4,9,2023,39
2023-09-30,Hospital_C,O_negative,7,7,153,7,0,0,0,1,0,1,5,9,2023,39
2023-10-01,Hospital_C,O_negative,3,1,151,3,0,0,0,1,0,1,6,10,2023,39
2023-10-02,Hospital_C,O_negative,3,3,151,3,0,0,0,0,1,1,0,10,2023,40
2023-10-03,Hospital_C,O_negative,5,8,154,5,0,0,0,0,0,1,1,10,2023,40
2023-10-04,Hospital_C,O_negative,0,2,156,0,0,0,0,0,0,1,2,10,2023,40
2023-10-05,Hospital_C,O_negative,6,9,159,6,0,0,0,0,0,1,3,10,2023,40
2023-10-06,Hospital_C,O_negative,6,8,161,6,0,0,0,0,0,1,4,10,2023,40
2023-10-07,Hospital_C,O_negative,4,5,162,4,0,0,0,1,0,1,5,10,2023,40
2023-10-08,Hospital_C,O_negative,6,10,166,6,0,0,0,1,0,1,6,10,2023,40
2023-10-09,Hospital_C,O_negative,8,9,167,8,0,0,0,0,0,1,0,10,2023,41
2023-10-10,Hospital_C,O_negative,3,6,170,3,0,0,0,0,0,1,1,10,2023,41
2023-10-11,Hospital_C,O_negative,4,3,169,4,0,0,0,0,0,1,2,10,2023,41
2023-10-12,Hospital_C,O_negative,7,7,169,7,0,0,0,0,0,1,3,10,2023,41
2023-10-13,Hospital_C,O_negative,7,12,174,7,0,0,0,0,0,1,4,10,2023,41
2023-10-14,Hospital_C,O_negative,5,4,173,5,0,0,0,1,0,1,5,10,2023,41
2023-10-15,Hospital_C,O_negative,5,6,174,5,0,0,0,1,0,1,6,10,2023,41
2023-10-16,Hospital_C,O_negative,11,13,176,11,0,0,0,0,0,1,0,10,2023,42
2023-10-17,Hospital_C,O_negative,7,6,175,7,0,0,0,0,0,1,1,10,2023,42
2023-10-18,Hospital_C,O_negative,6,6,175,6,0,0,0,0,0,1,2,10,2023,42
2023-10-19,Hospital_C,O_negative,6,4,173,6,0,0,0,0,0,1,3,10,2023,42
2023-10-20,Hospital_C,O_negative,4,7,176,4,0,0,0,0,0,1,4,10,2023,42
2023-10-21,Hospital_C,O_negative,3,2,175,3,0,0,0,1,0,1,5,10,2023,42
2023-10-22,Hospital_C,O_negative,6,6,175,6,0,0,0,1,0,1,6,10,2023,42
2023-10-23,Hospital_C,O_negative,5,8,178,5,0,0,0,0,0,1,0,10,2023,43
2023-10-24,Hospital_C,O_negative,6,7,179,6,0,0,0,0,0,1,1,10,2023,43
2023-10-25,Hospital_C,O_negative,3,2,178,3,0,4,0,0,0,1,2,10,2023,43
2023-10-26,Hospital_C,O_negative,19,20,179,19,0,0,0,0,0,1,3,10,2023,43
2023-10-27,Hospital_C,O_negative,20,14,173,20,0,0,0,0,0,1,4,10,2023,43
2023-10-28,Hospital_C,O_negative,6,5,172,6,0,0,0,1,0,1,5,10,2023,43
2023-10-29,Hospital_C,O_negative,2,0,170,2,0,0,0,1,0,1,6,10,2023,43
2023-10-30,Hospital_C,O_negative,9,11,172,9,0,0,0,0,0,1,0,10,2023,44
2023-10-31,Hospital_C,O_negative,6,11,177,6,0,0,0,0,0,1,1,10,2023,44
2023-11-01,Hospital_C,O_negative,19,22,180,19,0,0,0,0,0,0,2,11,2023,44
2023-11-02,Hospital_C,O_negative,11,11,180,11,0,0,0,0,0,0,3,11,2023,44
2023-11-03,Hospital_C,O_negative,2,2,180,2,0,0,0,0,0,0,4,11,2023,44
2023-11-04,Hospital_C,O_negative,5,8,183,5,0,0,0,1,0,0,5,11,2023,44
2023-11-05,Hospital_C,O_negative,8,17,192,8,0,0,0,1,0,0,6,11,2023,44
2023-11-06,Hospital_C,O_negative,7,5,190,7,0,0,0,0,0,0,0,11,2023,45
2023-11-07,Hospital_C,O_negative,4,7,193,4,0,0,0,0,0,0,1,11,2023,45
2023-11-08,Hospital_C,O_negative,6,10,197,6,0,0,0,0,0,0,2,11,2023,45
2023-11-09,Hospital_C,O_negative,7,8,198,7,0,0,0,0,0,0,3,11,2023,45
2023-11-10,Hospital_C,O_negative,11,5,192,11,0,0,0,0,0,0,4,11,2023,45
2023-11-11,Hospital_C,O_negative,7,2,187,7,0,0,0,1,0,0,5,11,2023,45
2023-11-12,Hospital_C,O_negative,4,6,189,4,0,0,0,1,1,0,6,11,2023,45
2023-11-13,Hospital_C,O_negative,8,8,189,8,0,0,0,0,0,0,0,11,2023,46
2023-11-14,Hospital_C,O_negative,5,7,191,5,0,0,0,0,0,0,1,11,2023,46
2023-11-15,Hospital_C,O_negative,8,9,192,8,0,0,0,0,0,0,2,11,2023,46
2023-11-16,Hospital_C,O_negative,3,5,194,3,0,0,0,0,0,0,3,11,2023,46
2023-11-17,Hospital_C,O_negative,4,2,192,4,0,0,0,0,0,0,4,11,2023,46
2023-11-18,Hospital_C,O_negative,5,6,193,5,0,0,0,1,0,0,5,11,2023,46
2023-11-19,Hospital_C,O_negative,4,4,193,4,0,0,0,1,0,0,6,11,2023,46
2023-11-20,Hospital_C,O_negative,8,6,191,8,0,0,0,0,0,0,0,11,2023,47
2023-11-21,Hospital_C,O_negative,3,1,189,3,0,0,0,0,0,0,1,11,2023,47
2023-11-22,Hospital_C,O_negative,5,8,192,5,0,0,0,0,0,0,2,11,2023,47
2023-11-23,Hospital_C,O_negative,7,6,191,7,0,0,0,0,0,0,3,11,2023,47
2023-11-24,Hospital_C,O_negative,15,12,188,15,0,0,0,0,0,0,4,11,2023,47
2023-11-25,Hospital_C,O_negative,1,0,187,1,0,0,0,1,0,0,5,11,2023,47
2023-11-26,Hospital_C,O_negative,4,4,187,4,0,0,0,1,0,0,6,11,2023,47
2023-11-27,Hospital_C,O_negative,7,7,187,7,0,0,0,0,0,0,0,11,2023,48
2023-11-28,Hospital_C,O_negative,15,13,185,15,0,0,0,0,0,0,1,11,2023,48
2023-11-29,Hospital_C,O_negative,8,8,185,8,0,0,0,0,0,0,2,11,2023,48
2023-11-30,Hospital_C,O_negative,5,6,186,5,0,0,0,0,0,0,3,11,2023,48
2023-12-01,Hospital_C,O_negative,6,10,190,6,0,0,0,0,0,0,4,12,2023,48
2023-12-02,Hospital_C,O_negative,8,12,194,8,0,0,0,1,0,0,5,12,2023,48
2023-12-03,Hospital_C,O_negative,5,5,194,5,0,0,0,1,0,0,6,12,2023,48
2023-12-04,Hospital_C,O_negative,5,7,196,5,0,0,0,0,0,0,0,12,2023,49
2023-12-05,Hospital_C,O_negative,8,11,199,8,0,0,0,0,0,0,1,12,2023,49
2023-12-06,Hospital_C,O_negative,4,5,200,4,0,26,0,0,0,0,2,12,2023,49
2023-12-07,Hospital_C,O_negative,6,5,199,6,0,20,0,0,0,0,3,12,2023,49
2023-12-08,Hospital_C,O_negative,7,6,198,7,0,13,0,0,0,0,4,12,2023,49
2023-12-09,Hospital_C,O_negative,2,0,196,2,0,11,0,1,0,0,5,12,2023,49
2023-12-10,Hospital_C,O_negative,4,6,187,4,11,2,0,1,0,0,6,12,2023,49
2023-12-11,Hospital_C,O_negative,5,7,189,5,0,10,0,0,0,0,0,12,2023,50
2023-12-12,Hospital_C,O_negative,2,2,189,2,0,8,0,0,0,0,1,12,2023,50
2023-12-13,Hospital_C,O_negative,6,7,190,6,0,2,0,0,0,0,2,12,2023,50
2023-12-14,Hospital_C,O_negative,7,8,191,7,0,0,0,0,0,0,3,12,2023,50
2023-12-15,Hospital_C,O_negative,6,11,196,6,0,0,0,0,0,0,4,12,2023,50
2023-12-16,Hospital_C,O_negative,12,12,196,12,0,0,0,1,0,0,5,12,2023,50
2023-12-17,Hospital_C,O_negative,3,0,193,3,0,21,0,1,0,0,6,12,2023,50
2023-12-18,Hospital_C,O_negative,6,8,195,6,0,15,0,0,0,0,0,12,2023,51
2023-12-19,Hospital_C,O_negative,6,4,193,6,0,16,0,0,0,0,1,12,2023,51
2023-12-20,Hospital_C,O_negative,7,8,194,7,0,9,0,0,0,0,2,12,2023,51
2023-12-21,Hospital_C,O_negative,6,7,193,6,2,13,0,0,0,0,3,12,2023,51
2023-12-22,Hospital_C,O_negative,5,12,200,5,0,16,0,0,0,0,4,12,2023,51
2023-12-23,Hospital_C,O_negative,6,9,203,6,0,10,0,1,0,0,5,12,2023,51
2023-12-24,Hospital_C,O_negative,6,6,203,6,0,4,0,1,0,0,6,12,2023,51
2023-12-25,Hospital_C,O_negative,4,6,205,4,0,11,0,0,1,0,0,12,2023,52
2023-12-26,Hospital_C,O_negative,8,12,209,8,0,3,0,0,0,0,1,12,2023,52
2023-12-27,Hospital_C,O_negative,6,6,209,6,0,10,0,0,0,0,2,12,2023,52
2023-12-28,Hospital_C,O_negative,5,8,212,5,0,5,0,0,0,0,3,12,2023,52
2023-12-29,Hospital_C,O_negative,9,17,220,9,0,13,0,0,0,0,4,12,2023,52
2023-12-30,Hospital_C,O_negative,4,5,221,4,0,22,0,1,0,0,5,12,2023,52
2023-12-31,Hospital_C,O_negative,7,4,218,7,0,15,0,1,0,0,6,12,2023,52
